# WaveFront *.obj file (generated by Autodesk ATF)

mtllib Camera 45 Mount.mtl

g Camera 45 Mount

v 4.788393 -70.165601 257.907349
v 4.788393 -69.668941 257.750953
v 4.788393 -69.200980 257.522604
v 4.788393 -68.772075 257.227355
v 4.788393 -68.391721 256.871742
v 4.788393 -68.068334 256.463634
v 4.788393 -67.809073 256.012066
v 4.788393 -67.619675 255.527030
v 4.788393 -67.504334 255.019263
v 4.788393 -67.465601 254.500004
v -4.787003 -67.465601 254.500004
v -4.787003 -67.504334 255.019263
v -4.787003 -67.619675 255.527030
v -4.787003 -67.809073 256.012066
v -4.787003 -68.068334 256.463634
v -4.787003 -68.391721 256.871742
v -4.787003 -68.772075 257.227355
v -4.787003 -69.200980 257.522604
v -4.787003 -69.668941 257.750953
v -4.787003 -70.165601 257.907349
v -4.819608 -70.563472 257.976123
v -4.918459 -70.965601 258.000004
v 4.919849 -70.965601 258.000004
v 4.820999 -70.563472 257.976123
v -5.097371 -71.372047 258.000004
v -5.345372 -71.740425 258.000004
v -5.654639 -72.059113 258.000004
v -6.015412 -72.318054 258.000004
v -6.416308 -72.509079 258.000004
v -6.844677 -72.626159 258.000004
v -7.287003 -72.665601 258.000004
v -16.998577 -72.665601 258.000004
v -16.998577 -77.665601 258.000004
v 0.000695 -77.665601 258.000004
v 16.999967 -77.665601 258.000004
v 16.999967 -72.665601 258.000004
v 7.288393 -72.665601 258.000004
v 6.846067 -72.626159 258.000004
v 6.417698 -72.509079 258.000004
v 6.016803 -72.318054 258.000004
v 5.656030 -72.059113 258.000004
v 5.346763 -71.740425 258.000004
v 5.098761 -71.372047 258.000004
v 8.414649 -51.465601 266.995393
v 8.081717 -51.465601 267.263687
v 7.699364 -51.465601 267.455079
v 7.285065 -51.465601 267.560823
v 6.857757 -51.465601 267.576084
v 6.436971 -51.465601 267.500166
v 6.041938 -51.465601 267.336538
v 5.690714 -51.465601 267.092679
v 5.399353 -51.465601 266.779735
v 5.181172 -51.465601 266.412010
v 5.046142 -51.465601 266.006310
v 5.000436 -51.465601 265.581180
v 5.000436 -56.465601 265.581180
v 5.046142 -56.465601 266.006310
v 5.181172 -56.465601 266.412010
v 5.399353 -56.465601 266.779735
v 5.690714 -56.465601 267.092679
v 6.041938 -56.465601 267.336538
v 6.436971 -56.465601 267.500166
v 6.857757 -56.465601 267.576084
v 7.285065 -56.465601 267.560823
v 7.699364 -56.465601 267.455079
v 8.081717 -56.465601 267.263687
v 8.414649 -56.465601 266.995393
v 5.000436 -51.465601 244.000000
v 5.000436 -56.465601 244.000000
v 8.414649 -62.465601 266.995393
v 8.081717 -62.465601 267.263687
v 7.699364 -62.465601 267.455079
v 7.285065 -62.465601 267.560823
v 6.857757 -62.465601 267.576084
v 6.436971 -62.465601 267.500166
v 6.041938 -62.465601 267.336538
v 5.690714 -62.465601 267.092679
v 5.399353 -62.465601 266.779735
v 5.181172 -62.465601 266.412010
v 5.046142 -62.465601 266.006310
v 5.000436 -62.465601 265.581180
v 5.000436 -67.465601 265.581180
v 5.046142 -67.465601 266.006310
v 5.181172 -67.465601 266.412010
v 5.399353 -67.465601 266.779735
v 5.690714 -67.465601 267.092679
v 6.041938 -67.465601 267.336538
v 6.436971 -67.465601 267.500166
v 6.857757 -67.465601 267.576084
v 7.285065 -67.465601 267.560823
v 7.699364 -67.465601 267.455079
v 8.081717 -67.465601 267.263687
v 8.414649 -67.465601 266.995393
v 5.000436 -62.465601 244.000000
v 5.000436 -67.465601 244.000000
v -8.413259 -67.465601 266.995393
v -8.080327 -67.465601 267.263687
v -7.697974 -67.465601 267.455079
v -7.283675 -67.465601 267.560823
v -6.856367 -67.465601 267.576084
v -6.435580 -67.465601 267.500166
v -6.040547 -67.465601 267.336538
v -5.689324 -67.465601 267.092679
v -5.397963 -67.465601 266.779735
v -5.179781 -67.465601 266.412010
v -5.044751 -67.465601 266.006310
v -4.999045 -67.465601 265.581180
v -4.999045 -62.465601 265.581180
v -5.044751 -62.465601 266.006310
v -5.179781 -62.465601 266.412010
v -5.397963 -62.465601 266.779735
v -5.689324 -62.465601 267.092679
v -6.040547 -62.465601 267.336538
v -6.435580 -62.465601 267.500166
v -6.856367 -62.465601 267.576084
v -7.283675 -62.465601 267.560823
v -7.697974 -62.465601 267.455079
v -8.080327 -62.465601 267.263687
v -8.413259 -62.465601 266.995393
v -4.999045 -67.465601 244.000000
v -4.999045 -62.465601 244.000000
v -8.413259 -56.465601 266.995393
v -8.080327 -56.465601 267.263687
v -7.697974 -56.465601 267.455079
v -7.283675 -56.465601 267.560823
v -6.856367 -56.465601 267.576084
v -6.435580 -56.465601 267.500166
v -6.040547 -56.465601 267.336538
v -5.689324 -56.465601 267.092679
v -5.397963 -56.465601 266.779735
v -5.179781 -56.465601 266.412010
v -5.044751 -56.465601 266.006310
v -4.999045 -56.465601 265.581180
v -4.999045 -51.465601 265.581180
v -5.044751 -51.465601 266.006310
v -5.179781 -51.465601 266.412010
v -5.397963 -51.465601 266.779735
v -5.689324 -51.465601 267.092679
v -6.040547 -51.465601 267.336538
v -6.435580 -51.465601 267.500166
v -6.856367 -51.465601 267.576084
v -7.283675 -51.465601 267.560823
v -7.697974 -51.465601 267.455079
v -8.080327 -51.465601 267.263687
v -8.413259 -51.465601 266.995393
v -4.999045 -56.465601 244.000000
v -4.999045 -51.465601 244.000000
v -4.787003 -70.165601 264.000004
v -4.835039 -70.653326 264.000004
v -4.977304 -71.122309 264.000004
v -5.208329 -71.554526 264.000004
v -5.519236 -71.933368 264.000004
v -5.898077 -72.244275 264.000004
v -6.330294 -72.475299 264.000004
v -6.799277 -72.617564 264.000004
v -7.287003 -72.665601 264.000004
v -4.787003 -67.465601 264.000004
v 7.288393 -72.665601 264.000004
v 6.800667 -72.617564 264.000004
v 6.331684 -72.475299 264.000004
v 5.899467 -72.244275 264.000004
v 5.520626 -71.933368 264.000004
v 5.209719 -71.554526 264.000004
v 4.978694 -71.122309 264.000004
v 4.836430 -70.653326 264.000004
v 4.788393 -70.165601 264.000004
v 4.788393 -67.465601 264.000004
v -17.698613 -77.665601 257.710040
v -17.493577 -77.665601 257.867369
v -17.254808 -77.665601 257.966270
v -17.254808 -72.665601 257.966270
v -17.493577 -72.665601 257.867369
v -17.698613 -72.665601 257.710040
v -17.699441 -77.674772 257.709211
v -17.550711 -77.729422 257.829713
v -17.379768 -77.781879 257.917132
v -17.193499 -77.830049 257.967958
v -16.999405 -77.874892 257.978738
v -16.998766 -77.754381 257.996247
v -17.698802 -77.670232 257.709850
v -17.127578 -77.763563 257.986951
v -17.317175 -77.738355 257.944736
v -17.494318 -77.710521 257.865919
v -17.548975 -77.700918 257.832264
v -29.018581 -41.465601 244.990000
v -29.018581 -41.499334 244.733769
v -29.018581 -41.598235 244.495000
v -29.018581 -41.755565 244.289964
v -29.018581 -41.960601 244.132635
v -29.018581 -42.199370 244.033733
v -29.018581 -42.455601 244.000000
v -29.274811 -42.455601 244.033733
v -29.513581 -42.455601 244.132635
v -29.718616 -42.455601 244.289964
v -29.875946 -42.455601 244.495000
v -29.974847 -42.455601 244.733769
v -30.008581 -42.455601 244.990000
v -29.974847 -42.455601 245.246231
v -29.875946 -42.455601 245.485000
v -29.718616 -42.455601 245.690036
v -29.694763 -42.199370 245.666183
v -29.624829 -41.960601 245.596249
v -29.513581 -41.755565 245.485000
v -29.368598 -41.598235 245.340018
v -29.199763 -41.499334 245.171183
v -29.970391 -42.196909 245.075065
v -29.960666 -42.315928 244.719691
v -29.254564 -41.651560 244.462809
v -29.266930 -41.500221 244.914684
v -29.507901 -41.595739 244.953903
v -29.714559 -41.751554 244.995653
v -29.872412 -41.956740 245.037007
v -29.935013 -42.196849 245.260738
v -29.829933 -41.956669 245.259952
v -29.667957 -41.751476 245.240237
v -29.460444 -41.595659 245.202973
v -29.221946 -41.500146 245.150775
v -29.278047 -41.551825 244.680213
v -29.519629 -41.650180 244.706543
v -29.726076 -41.805015 244.752749
v -29.882910 -42.005471 244.815593
v -29.979134 -42.237493 244.890667
v -29.494856 -41.755397 244.477187
v -29.701749 -41.908336 244.527526
v -29.860735 -42.099652 244.610295
v -29.916204 -42.427049 244.573399
v -29.807348 -42.233079 244.434636
v -29.643180 -42.054713 244.334817
v -29.435213 -41.904460 244.280943
v -29.198029 -41.792854 244.276792
v -29.112165 -41.966403 244.134414
v -29.344629 -42.087548 244.130739
v -29.554228 -42.234503 244.187319
v -29.726266 -42.396963 244.300186
v -29.229071 -42.292603 244.036467
v -29.440752 -42.435864 244.094745
v -29.875332 -42.237319 245.435456
v -29.758271 -42.005263 245.469743
v -29.589340 -41.804786 245.470389
v -29.795277 -42.315651 245.587710
v 29.019971 -41.465601 244.990000
v 29.201154 -41.499334 245.171183
v 29.369989 -41.598235 245.340018
v 29.514971 -41.755565 245.485000
v 29.626220 -41.960601 245.596249
v 29.696154 -42.199370 245.666183
v 29.720007 -42.455601 245.690036
v 29.877336 -42.455601 245.485000
v 29.976238 -42.455601 245.246231
v 30.009971 -42.455601 244.990000
v 29.976238 -42.455601 244.733769
v 29.877336 -42.455601 244.495000
v 29.720007 -42.455601 244.289964
v 29.514971 -42.455601 244.132635
v 29.276202 -42.455601 244.033733
v 29.019971 -42.455601 244.000000
v 29.019971 -42.199370 244.033733
v 29.019971 -41.960601 244.132635
v 29.019971 -41.755565 244.289964
v 29.019971 -41.598235 244.495000
v 29.019971 -41.499334 244.733769
v 29.971781 -42.196909 245.075065
v 29.255955 -41.651560 244.462809
v 29.980524 -42.237493 244.890667
v 29.873803 -41.956740 245.037007
v 29.715950 -41.751554 244.995653
v 29.509292 -41.595739 244.953903
v 29.268320 -41.500221 244.914684
v 29.223336 -41.500146 245.150775
v 29.461835 -41.595659 245.202973
v 29.669348 -41.751476 245.240237
v 29.831324 -41.956669 245.259952
v 29.936404 -42.196849 245.260738
v 29.590730 -41.804786 245.470389
v 29.759661 -42.005263 245.469743
v 29.876722 -42.237319 245.435456
v 29.796668 -42.315651 245.587710
v 29.884301 -42.005471 244.815593
v 29.727467 -41.805015 244.752749
v 29.521020 -41.650180 244.706543
v 29.279437 -41.551825 244.680213
v 29.496246 -41.755397 244.477187
v 29.703140 -41.908336 244.527526
v 29.862126 -42.099652 244.610295
v 29.962056 -42.315928 244.719691
v 29.917595 -42.427049 244.573399
v 29.808739 -42.233079 244.434636
v 29.644571 -42.054713 244.334817
v 29.436603 -41.904460 244.280943
v 29.199420 -41.792854 244.276792
v 29.727656 -42.396963 244.300186
v 29.555619 -42.234503 244.187319
v 29.346019 -42.087548 244.130739
v 29.113556 -41.966403 244.134414
v 29.442143 -42.435864 244.094745
v 29.230461 -42.292603 244.036467
v -29.018581 -78.665601 244.990000
v -29.199763 -78.631867 245.171183
v -29.368598 -78.532966 245.340018
v -29.513581 -78.375636 245.485000
v -29.624829 -78.170601 245.596249
v -29.694763 -77.931831 245.666183
v -29.718616 -77.675601 245.690036
v -29.875946 -77.675601 245.485000
v -29.974847 -77.675601 245.246231
v -30.008581 -77.675601 244.990000
v -29.974847 -77.675601 244.733769
v -29.875946 -77.675601 244.495000
v -29.718616 -77.675601 244.289964
v -29.513581 -77.675601 244.132635
v -29.274811 -77.675601 244.033733
v -29.018581 -77.675601 244.000000
v -29.018581 -77.931831 244.033733
v -29.018581 -78.170601 244.132635
v -29.018581 -78.375636 244.289964
v -29.018581 -78.532966 244.495000
v -29.018581 -78.631867 244.733769
v -29.979134 -77.893709 244.890667
v -29.254564 -78.479641 244.462809
v -29.970391 -77.934293 245.075065
v -29.795277 -77.815550 245.587710
v -29.872412 -78.174461 245.037007
v -29.714559 -78.379647 244.995653
v -29.507901 -78.535462 244.953903
v -29.266930 -78.630980 244.914684
v -29.221946 -78.631055 245.150775
v -29.460444 -78.535542 245.202973
v -29.667957 -78.379725 245.240237
v -29.829933 -78.174532 245.259952
v -29.935013 -77.934352 245.260738
v -29.589340 -78.326415 245.470389
v -29.758271 -78.125939 245.469743
v -29.875332 -77.893882 245.435456
v -29.882910 -78.125730 244.815593
v -29.726076 -78.326187 244.752749
v -29.519629 -78.481021 244.706543
v -29.278047 -78.579376 244.680213
v -29.494856 -78.375804 244.477187
v -29.701749 -78.222865 244.527526
v -29.860735 -78.031549 244.610295
v -29.960666 -77.815273 244.719691
v -29.916204 -77.704153 244.573399
v -29.807348 -77.898122 244.434636
v -29.643180 -78.076488 244.334817
v -29.435213 -78.226742 244.280943
v -29.198029 -78.338347 244.276792
v -29.726266 -77.734238 244.300186
v -29.554228 -77.896698 244.187319
v -29.344629 -78.043653 244.130739
v -29.112165 -78.164799 244.134414
v -29.440752 -77.695337 244.094745
v -29.229071 -77.838598 244.036467
v -29.875946 -47.487029 245.485000
v -29.875946 -52.518458 245.485000
v -29.875946 -57.549886 245.485000
v -29.875946 -62.581315 245.485000
v -29.875946 -67.612743 245.485000
v -29.875946 -72.644172 245.485000
v -29.974847 -47.487029 245.246231
v -29.974847 -52.518458 245.246231
v -29.974847 -57.549886 245.246231
v -29.974847 -62.581315 245.246231
v -29.974847 -67.612743 245.246231
v -29.974847 -72.644172 245.246231
v -30.008581 -47.487029 244.990000
v -30.008581 -52.518458 244.990000
v -30.008581 -57.549886 244.990000
v -30.008581 -62.581315 244.990000
v -30.008581 -67.612743 244.990000
v -30.008581 -72.644172 244.990000
v -29.974847 -47.487029 244.733769
v -29.974847 -52.518458 244.733769
v -29.974847 -57.549886 244.733769
v -29.974847 -62.581315 244.733769
v -29.974847 -67.612743 244.733769
v -29.974847 -72.644172 244.733769
v -29.875946 -47.487029 244.495000
v -29.875946 -52.518458 244.495000
v -29.875946 -57.549886 244.495000
v -29.875946 -62.581315 244.495000
v -29.875946 -67.612743 244.495000
v -29.875946 -72.644172 244.495000
v -29.718616 -47.487029 244.289964
v -29.718616 -52.518458 244.289964
v -29.718616 -57.549886 244.289964
v -29.718616 -62.581315 244.289964
v -29.718616 -67.612743 244.289964
v -29.718616 -72.644172 244.289964
v -29.513581 -47.487029 244.132635
v -29.513581 -52.518458 244.132635
v -29.513581 -57.549886 244.132635
v -29.513581 -62.581315 244.132635
v -29.513581 -67.612743 244.132635
v -29.513581 -72.644172 244.132635
v -29.274811 -47.487029 244.033733
v -29.274811 -52.518458 244.033733
v -29.274811 -57.549886 244.033733
v -29.274811 -62.581315 244.033733
v -29.274811 -67.612743 244.033733
v -29.274811 -72.644172 244.033733
v 29.019971 -78.665601 244.990000
v 29.019971 -78.631867 244.733769
v 29.019971 -78.532966 244.495000
v 29.019971 -78.375636 244.289964
v 29.019971 -78.170601 244.132635
v 29.019971 -77.931831 244.033733
v 29.019971 -77.675601 244.000000
v 29.276202 -77.675601 244.033733
v 29.514971 -77.675601 244.132635
v 29.720007 -77.675601 244.289964
v 29.877336 -77.675601 244.495000
v 29.976238 -77.675601 244.733769
v 30.009971 -77.675601 244.990000
v 29.976238 -77.675601 245.246231
v 29.877336 -77.675601 245.485000
v 29.720007 -77.675601 245.690036
v 29.696154 -77.931831 245.666183
v 29.626220 -78.170601 245.596249
v 29.514971 -78.375636 245.485000
v 29.369989 -78.532966 245.340018
v 29.201154 -78.631867 245.171183
v 29.255955 -78.479641 244.462809
v 29.962056 -77.815273 244.719691
v 29.971781 -77.934293 245.075065
v 29.268320 -78.630980 244.914684
v 29.509292 -78.535462 244.953903
v 29.715950 -78.379647 244.995653
v 29.873803 -78.174461 245.037007
v 29.936404 -77.934352 245.260738
v 29.831324 -78.174532 245.259952
v 29.669348 -78.379725 245.240237
v 29.461835 -78.535542 245.202973
v 29.223336 -78.631055 245.150775
v 29.279437 -78.579376 244.680213
v 29.521020 -78.481021 244.706543
v 29.727467 -78.326187 244.752749
v 29.884301 -78.125730 244.815593
v 29.980524 -77.893709 244.890667
v 29.496246 -78.375804 244.477187
v 29.703140 -78.222865 244.527526
v 29.862126 -78.031549 244.610295
v 29.917595 -77.704153 244.573399
v 29.808739 -77.898122 244.434636
v 29.644571 -78.076488 244.334817
v 29.436603 -78.226742 244.280943
v 29.199420 -78.338347 244.276792
v 29.113556 -78.164799 244.134414
v 29.346019 -78.043653 244.130739
v 29.555619 -77.896698 244.187319
v 29.727656 -77.734238 244.300186
v 29.230461 -77.838598 244.036467
v 29.442143 -77.695337 244.094745
v 29.876722 -77.893882 245.435456
v 29.759661 -78.125939 245.469743
v 29.590730 -78.326415 245.470389
v 29.796668 -77.815550 245.587710
v 29.877336 -72.644172 245.485000
v 29.877336 -67.612743 245.485000
v 29.877336 -62.581315 245.485000
v 29.877336 -57.549886 245.485000
v 29.877336 -52.518458 245.485000
v 29.877336 -47.487029 245.485000
v 29.976238 -72.644172 245.246231
v 29.976238 -67.612743 245.246231
v 29.976238 -62.581315 245.246231
v 29.976238 -57.549886 245.246231
v 29.976238 -52.518458 245.246231
v 29.976238 -47.487029 245.246231
v 30.009971 -72.644172 244.990000
v 30.009971 -67.612743 244.990000
v 30.009971 -62.581315 244.990000
v 30.009971 -57.549886 244.990000
v 30.009971 -52.518458 244.990000
v 30.009971 -47.487029 244.990000
v 29.976238 -72.644172 244.733769
v 29.976238 -67.612743 244.733769
v 29.976238 -62.581315 244.733769
v 29.976238 -57.549886 244.733769
v 29.976238 -52.518458 244.733769
v 29.976238 -47.487029 244.733769
v 29.877336 -72.644172 244.495000
v 29.877336 -67.612743 244.495000
v 29.877336 -62.581315 244.495000
v 29.877336 -57.549886 244.495000
v 29.877336 -52.518458 244.495000
v 29.877336 -47.487029 244.495000
v 29.720007 -72.644172 244.289964
v 29.720007 -67.612743 244.289964
v 29.720007 -62.581315 244.289964
v 29.720007 -57.549886 244.289964
v 29.720007 -52.518458 244.289964
v 29.720007 -47.487029 244.289964
v 29.514971 -72.644172 244.132635
v 29.514971 -67.612743 244.132635
v 29.514971 -62.581315 244.132635
v 29.514971 -57.549886 244.132635
v 29.514971 -52.518458 244.132635
v 29.514971 -47.487029 244.132635
v 29.276202 -72.644172 244.033733
v 29.276202 -67.612743 244.033733
v 29.276202 -62.581315 244.033733
v 29.276202 -57.549886 244.033733
v 29.276202 -52.518458 244.033733
v 29.276202 -47.487029 244.033733
v 17.710003 -77.675601 257.700040
v 17.686150 -77.931831 257.676186
v 17.616216 -78.170601 257.606253
v 17.504967 -78.375636 257.495004
v 17.359985 -78.532966 257.350022
v 17.191150 -78.631867 257.181186
v 17.009967 -78.665601 257.000004
v 21.689485 -77.931831 253.672852
v 25.692819 -77.931831 249.669517
v 21.619551 -78.170601 253.602918
v 25.622885 -78.170601 249.599583
v 21.508302 -78.375636 253.491669
v 25.511637 -78.375636 249.488335
v 21.363320 -78.532966 253.346687
v 25.366654 -78.532966 249.343352
v 21.194485 -78.631867 253.177852
v 25.197819 -78.631867 249.174517
v 23.743739 -77.931831 244.033733
v 18.467507 -77.931831 244.033733
v 13.191275 -77.931831 244.033733
v 7.915043 -77.931831 244.033733
v 2.638811 -77.931831 244.033733
v -2.637421 -77.931831 244.033733
v -7.913653 -77.931831 244.033733
v -13.189885 -77.931831 244.033733
v -18.466117 -77.931831 244.033733
v -23.742349 -77.931831 244.033733
v 23.743739 -78.170601 244.132635
v 18.467507 -78.170601 244.132635
v 13.191275 -78.170601 244.132635
v 7.915043 -78.170601 244.132635
v 2.638811 -78.170601 244.132635
v -2.637421 -78.170601 244.132635
v -7.913653 -78.170601 244.132635
v -13.189885 -78.170601 244.132635
v -18.466117 -78.170601 244.132635
v -23.742349 -78.170601 244.132635
v 23.743739 -78.375636 244.289964
v 18.467507 -78.375636 244.289964
v 13.191275 -78.375636 244.289964
v 7.915043 -78.375636 244.289964
v 2.638811 -78.375636 244.289964
v -2.637421 -78.375636 244.289964
v -7.913653 -78.375636 244.289964
v -13.189885 -78.375636 244.289964
v -18.466117 -78.375636 244.289964
v -23.742349 -78.375636 244.289964
v 23.743739 -78.532966 244.495000
v 18.467507 -78.532966 244.495000
v 13.191275 -78.532966 244.495000
v 7.915043 -78.532966 244.495000
v 2.638811 -78.532966 244.495000
v -2.637421 -78.532966 244.495000
v -7.913653 -78.532966 244.495000
v -13.189885 -78.532966 244.495000
v -18.466117 -78.532966 244.495000
v -23.742349 -78.532966 244.495000
v 23.743739 -78.631867 244.733769
v 18.467507 -78.631867 244.733769
v 13.191275 -78.631867 244.733769
v 7.915043 -78.631867 244.733769
v 2.638811 -78.631867 244.733769
v -2.637421 -78.631867 244.733769
v -7.913653 -78.631867 244.733769
v -13.189885 -78.631867 244.733769
v -18.466117 -78.631867 244.733769
v -23.742349 -78.631867 244.733769
v -17.008577 -78.665601 257.000004
v -17.189759 -78.631867 257.181186
v -17.358595 -78.532966 257.350022
v -17.503577 -78.375636 257.495004
v -17.614826 -78.170601 257.606253
v -17.684759 -77.931831 257.676186
v -17.708613 -77.675601 257.700040
v -21.193094 -78.631867 253.177852
v -25.196429 -78.631867 249.174517
v -21.361929 -78.532966 253.346687
v -25.365264 -78.532966 249.343352
v -21.506911 -78.375636 253.491669
v -25.510246 -78.375636 249.488335
v -21.618160 -78.170601 253.602918
v -25.621495 -78.170601 249.599583
v -21.688094 -77.931831 253.672852
v -25.691429 -77.931831 249.669517
v -23.742349 -42.199370 244.033733
v -18.466117 -42.199370 244.033733
v -13.189885 -42.199370 244.033733
v -7.913653 -42.199370 244.033733
v -2.637421 -42.199370 244.033733
v 2.638811 -42.199370 244.033733
v 7.915043 -42.199370 244.033733
v 13.191275 -42.199370 244.033733
v 18.467507 -42.199370 244.033733
v 23.743739 -42.199370 244.033733
v -23.742349 -41.960601 244.132635
v -18.466117 -41.960601 244.132635
v -13.189885 -41.960601 244.132635
v -7.913653 -41.960601 244.132635
v -2.637421 -41.960601 244.132635
v 2.638811 -41.960601 244.132635
v 7.915043 -41.960601 244.132635
v 13.191275 -41.960601 244.132635
v 18.467507 -41.960601 244.132635
v 23.743739 -41.960601 244.132635
v -23.742349 -41.755565 244.289964
v -18.466117 -41.755565 244.289964
v -13.189885 -41.755565 244.289964
v -7.913653 -41.755565 244.289964
v -2.637421 -41.755565 244.289964
v 2.638811 -41.755565 244.289964
v 7.915043 -41.755565 244.289964
v 13.191275 -41.755565 244.289964
v 18.467507 -41.755565 244.289964
v 23.743739 -41.755565 244.289964
v -23.742349 -41.598235 244.495000
v -18.466117 -41.598235 244.495000
v -13.189885 -41.598235 244.495000
v -7.913653 -41.598235 244.495000
v -2.637421 -41.598235 244.495000
v 2.638811 -41.598235 244.495000
v 7.915043 -41.598235 244.495000
v 13.191275 -41.598235 244.495000
v 18.467507 -41.598235 244.495000
v 23.743739 -41.598235 244.495000
v -23.742349 -41.499334 244.733769
v -18.466117 -41.499334 244.733769
v -13.189885 -41.499334 244.733769
v -7.913653 -41.499334 244.733769
v -2.637421 -41.499334 244.733769
v 2.638811 -41.499334 244.733769
v 7.915043 -41.499334 244.733769
v 13.191275 -41.499334 244.733769
v 18.467507 -41.499334 244.733769
v 23.743739 -41.499334 244.733769
v 0.000695 -42.455601 275.409347
v 0.000695 -41.465601 274.009276
v 0.000695 -41.484623 274.282416
v 0.000695 -41.540960 274.545060
v 0.000695 -41.632446 274.787114
v 0.000695 -41.755565 274.999276
v 0.000695 -41.905586 275.173393
v 0.000695 -42.076744 275.302773
v 0.000695 -42.262461 275.382445
v 0.000695 -42.358564 275.402606
v 25.981240 -42.199370 249.381097
v 22.266326 -42.199370 253.096010
v 18.551412 -42.199370 256.810924
v 14.836498 -42.199370 260.525838
v 11.121584 -42.199370 264.240752
v 7.406670 -42.199370 267.955666
v 3.691756 -42.199370 271.670580
v 25.911306 -41.960601 249.311163
v 22.196392 -41.960601 253.026077
v 18.481478 -41.960601 256.740991
v 14.766564 -41.960601 260.455905
v 11.051650 -41.960601 264.170818
v 7.336736 -41.960601 267.885732
v 3.621822 -41.960601 271.600646
v 25.800057 -41.755565 249.199914
v 22.085143 -41.755565 252.914828
v 18.370229 -41.755565 256.629742
v 14.655315 -41.755565 260.344656
v 10.940401 -41.755565 264.059570
v 7.225487 -41.755565 267.774484
v 3.510573 -41.755565 271.489398
v 25.655075 -41.598235 249.054932
v 21.940161 -41.598235 252.769846
v 18.225247 -41.598235 256.484760
v 14.510333 -41.598235 260.199674
v 10.795419 -41.598235 263.914588
v 7.080505 -41.598235 267.629502
v 3.365591 -41.598235 271.344416
v 25.486240 -41.499334 248.886097
v 21.771326 -41.499334 252.601010
v 18.056412 -41.499334 256.315924
v 14.341498 -41.499334 260.030838
v 10.626584 -41.499334 263.745752
v 6.911670 -41.499334 267.460666
v 3.196756 -41.499334 271.175580
v -25.484849 -41.499334 248.886097
v -21.769935 -41.499334 252.601010
v -18.055021 -41.499334 256.315924
v -14.340107 -41.499334 260.030838
v -10.625193 -41.499334 263.745752
v -6.910280 -41.499334 267.460666
v -3.195366 -41.499334 271.175580
v -25.653685 -41.598235 249.054932
v -21.938771 -41.598235 252.769846
v -18.223857 -41.598235 256.484760
v -14.508943 -41.598235 260.199674
v -10.794029 -41.598235 263.914588
v -7.079115 -41.598235 267.629502
v -3.364201 -41.598235 271.344416
v -25.798667 -41.755565 249.199914
v -22.083753 -41.755565 252.914828
v -18.368839 -41.755565 256.629742
v -14.653925 -41.755565 260.344656
v -10.939011 -41.755565 264.059570
v -7.224097 -41.755565 267.774484
v -3.509183 -41.755565 271.489398
v -25.909915 -41.960601 249.311163
v -22.195001 -41.960601 253.026077
v -18.480087 -41.960601 256.740991
v -14.765174 -41.960601 260.455905
v -11.050260 -41.960601 264.170818
v -7.335346 -41.960601 267.885732
v -3.620432 -41.960601 271.600646
v -25.979849 -42.199370 249.381097
v -22.264935 -42.199370 253.096010
v -18.550021 -42.199370 256.810924
v -14.835107 -42.199370 260.525838
v -11.120193 -42.199370 264.240752
v -7.405280 -42.199370 267.955666
v -3.690366 -42.199370 271.670580
v 17.700831 -77.674772 257.709211
v 17.671694 -77.848620 257.715956
v 17.621361 -78.016974 257.700372
v 17.551345 -78.174417 257.662852
v 17.463741 -78.315961 257.604463
v 17.361544 -78.437294 257.527310
v 17.247869 -78.534267 257.433650
v 17.126315 -78.603980 257.326485
v 17.000795 -78.644335 257.209295
v 17.005369 -78.661937 257.087988
v 17.684664 -77.862866 257.699747
v 17.174816 -78.618304 257.253756
v 17.300844 -78.545246 257.373613
v 17.416056 -78.440460 257.479970
v 17.516405 -78.307846 257.569108
v 17.598285 -78.152446 257.637851
v 17.639393 -78.043547 257.669753
v -16.999405 -78.644335 257.209295
v -17.124925 -78.603980 257.326485
v -17.246479 -78.534267 257.433650
v -17.360154 -78.437294 257.527310
v -17.462350 -78.315961 257.604463
v -17.549954 -78.174417 257.662852
v -17.619970 -78.016974 257.700372
v -17.670303 -77.848620 257.715956
v -17.003978 -78.661937 257.087988
v -17.673046 -77.914240 257.693863
v -17.621204 -78.091833 257.657036
v -17.546849 -78.254184 257.596407
v -17.452750 -78.395591 257.514261
v -17.342482 -78.510975 257.413745
v -17.265195 -78.568915 257.341354
v -17.136989 -78.632708 257.218535
v 17.256198 -77.665601 257.966270
v 17.494967 -77.665601 257.867369
v 17.700003 -77.665601 257.710040
v 17.700003 -72.665601 257.710040
v 17.494967 -72.665601 257.867369
v 17.256198 -72.665601 257.966270
v 17.000795 -77.874892 257.978738
v 17.194890 -77.830049 257.967958
v 17.381158 -77.781879 257.917132
v 17.552101 -77.729422 257.829713
v 17.700192 -77.670232 257.709850
v 17.000156 -77.754381 257.996247
v 17.603650 -77.690998 257.794318
v 17.438831 -77.719969 257.895923
v 17.256857 -77.747038 257.962875
v 17.193951 -77.755406 257.976922
v 17.000987 -78.008421 257.940946
v 17.000236 -78.139501 257.883068
v 16.998986 -78.263500 257.805867
v 16.997682 -78.375788 257.710107
v 16.996767 -78.471635 257.597840
v 16.996685 -78.548800 257.473850
v 16.997880 -78.606595 257.342787
v 17.089482 -78.191382 257.848795
v 17.085515 -77.967419 257.950801
v 17.177772 -77.937255 257.946706
v 17.267973 -77.903047 257.934144
v 17.371070 -77.858392 257.908271
v 17.468452 -77.810707 257.870592
v 17.532660 -77.776303 257.837479
v 17.593025 -77.741797 257.799298
v 17.649197 -77.707763 257.756419
v 17.087683 -78.081692 257.906907
v 17.182678 -78.041440 257.909492
v 17.275098 -77.994698 257.903508
v 17.379838 -77.932637 257.885053
v 17.477391 -77.865597 257.854117
v 17.540675 -77.817052 257.825355
v 17.599245 -77.768413 257.791309
v 17.652748 -77.720661 257.752441
v 17.088610 -78.137291 257.879586
v 17.185085 -78.092330 257.886395
v 17.278746 -78.039750 257.884563
v 17.384454 -77.969509 257.870798
v 17.482183 -77.893204 257.844139
v 17.545020 -77.837763 257.818116
v 17.602653 -77.782109 257.786625
v 17.654712 -77.727394 257.750160
v 17.091205 -78.293843 257.776945
v 17.192431 -78.237002 257.800019
v 17.290212 -78.169372 257.814054
v 17.399249 -78.077404 257.818134
v 17.497764 -77.975585 257.807727
v 17.559294 -77.900535 257.792034
v 17.613962 -77.824341 257.770027
v 17.661298 -77.748566 257.742241
v 17.656795 -77.734294 257.747696
v 17.606245 -77.796010 257.781509
v 17.549575 -77.858609 257.810136
v 17.487177 -77.920783 257.833062
v 17.389224 -78.006003 257.854866
v 17.282470 -78.083992 257.863308
v 17.187494 -78.142038 257.860420
v 17.093123 -78.385811 257.692354
v 17.197628 -78.323687 257.729243
v 17.298300 -78.248665 257.756633
v 17.409717 -78.145132 257.775624
v 17.508852 -78.028724 257.778729
v 17.569515 -77.941850 257.771548
v 17.622118 -77.852738 257.757224
v 17.666084 -77.763132 257.736273
v 17.098084 -78.523692 257.507975
v 17.208028 -78.458277 257.575703
v 17.313249 -78.375184 257.633135
v 17.428124 -78.255971 257.685761
v 17.527777 -78.117478 257.719205
v 17.586735 -78.011700 257.730805
v 17.635730 -77.901268 257.732853
v 17.674013 -77.788265 257.725578
v -16.996490 -78.606560 257.342779
v -16.995295 -78.548705 257.473831
v -16.995377 -78.471528 257.597818
v -16.996292 -78.375786 257.710109
v -16.997596 -78.263523 257.805975
v -16.998845 -78.139521 257.883164
v -16.999596 -78.008428 257.940982
v -17.098155 -78.547365 257.464849
v -17.100134 -78.572379 257.413128
v -17.212180 -78.508484 257.496888
v -17.318978 -78.424205 257.570071
v -17.434819 -78.300324 257.640400
v -17.534286 -78.153885 257.689811
v -17.592373 -78.040754 257.711208
v -17.639804 -77.921699 257.721590
v -17.675766 -77.798958 257.720932
v -17.209105 -78.482399 257.539862
v -17.315100 -78.398547 257.604443
v -17.430467 -78.276973 257.665095
v -17.530067 -78.134635 257.705778
v -17.588635 -78.025347 257.721824
v -17.636908 -77.910836 257.727663
v -17.674104 -77.793259 257.723418
v -17.093619 -78.452383 257.614228
v -17.200665 -78.387740 257.664108
v -17.303516 -78.308224 257.704118
v -17.416638 -78.196808 257.737217
v -17.516115 -78.069792 257.753061
v -17.576048 -77.974017 257.753802
v -17.627020 -77.874992 257.746455
v -17.668371 -77.774612 257.731448
v -17.672313 -77.787293 257.726007
v -17.633805 -77.899414 257.733852
v -17.584662 -78.009064 257.732500
v -17.525626 -78.114171 257.721703
v -17.425986 -78.251898 257.689564
v -17.311238 -78.370623 257.638389
v -17.206176 -78.453540 257.582248
v -17.096432 -78.518986 257.515843
v -17.091184 -78.362493 257.715994
v -17.194829 -78.301540 257.748993
v -17.294747 -78.228268 257.772621
v -17.405533 -78.127594 257.787415
v -17.504505 -78.014886 257.786726
v -17.565405 -77.931043 257.777164
v -17.618562 -77.845278 257.760705
v -17.663423 -77.759288 257.737879
v -17.089171 -78.257714 257.804633
v -17.189209 -78.203355 257.823260
v -17.285942 -78.138950 257.832984
v -17.394104 -78.051780 257.832237
v -17.492385 -77.955763 257.817444
v -17.554234 -77.885271 257.798968
v -17.609651 -77.813953 257.774418
v -17.658199 -77.743292 257.744323
v -17.085984 -78.064470 257.914610
v -17.180537 -78.025700 257.916010
v -17.272587 -77.980789 257.908866
v -17.377029 -77.921292 257.889108
v -17.474526 -77.857136 257.856987
v -17.537954 -77.810718 257.827458
v -17.596814 -77.764236 257.792687
v -17.650759 -77.718613 257.753122
v 0.000695 -78.665601 257.000004
v 14.883808 -78.648316 257.188969
v 10.631490 -78.648316 257.188969
v 11.694570 -77.847380 257.984025
v 6.379172 -77.847380 257.984025
v -8.503941 -78.648316 257.188969
v -8.503941 -77.847380 257.984025
v -12.756259 -78.648316 257.188969
v -12.756259 -78.593122 257.379891
v -12.756259 -78.497756 257.561315
v -12.756259 -78.364585 257.721135
v -12.756259 -78.207367 257.844859
v -12.756259 -78.031351 257.933054
v -12.756259 -77.847380 257.984025
v 4.253013 -78.648316 257.188969
v 4.253013 -78.593122 257.379891
v 4.253013 -78.497756 257.561315
v 4.253013 -78.364585 257.721135
v 4.253013 -78.207367 257.844859
v 4.253013 -78.031351 257.933054
v 4.253013 -77.847380 257.984025
v 0.000695 -77.847380 257.984025
v 0.000695 -78.031351 257.933054
v 0.000695 -78.207367 257.844859
v 0.000695 -78.364585 257.721135
v 0.000695 -78.497756 257.561315
v 0.000695 -78.593122 257.379891
v 0.000695 -78.648316 257.188969
v 15.946888 -77.847380 257.984025
v 15.946888 -78.031351 257.933054
v 15.946888 -78.207367 257.844859
v 15.946888 -78.364585 257.721135
v 15.946888 -78.497756 257.561315
v 15.946888 -78.593122 257.379891
v 15.946888 -78.648316 257.188969
v -4.251623 -77.847380 257.984025
v -4.251623 -78.031351 257.933054
v -4.251623 -78.207367 257.844859
v -4.251623 -78.364585 257.721135
v -4.251623 -78.497756 257.561315
v -4.251623 -78.593122 257.379891
v -4.251623 -78.648316 257.188969
v -8.503941 -78.593122 257.379891
v -8.503941 -78.497756 257.561315
v -8.503941 -78.364585 257.721135
v -8.503941 -78.207367 257.844859
v -8.503941 -78.031351 257.933054
v 6.379172 -78.648316 257.188969
v 6.379172 -78.593122 257.379891
v 6.379172 -78.497756 257.561315
v 6.379172 -78.364585 257.721135
v 6.379172 -78.207367 257.844859
v 6.379172 -78.031351 257.933054
v 8.505331 -77.847380 257.984025
v 8.505331 -78.648316 257.188969
v 8.505331 -78.593122 257.379891
v 8.505331 -78.497756 257.561315
v 8.505331 -78.364585 257.721135
v 8.505331 -78.207367 257.844859
v 8.505331 -78.031351 257.933054
v 10.631490 -78.593122 257.379891
v 10.631490 -78.497756 257.561315
v 10.631490 -78.364585 257.721135
v 10.631490 -78.207367 257.844859
v 10.631490 -78.031351 257.933054
v 13.820729 -77.847380 257.984025
v 10.631490 -77.847380 257.984025
v 11.694570 -78.648316 257.188969
v 11.694570 -78.593122 257.379891
v 11.694570 -78.497756 257.561315
v 11.694570 -78.364585 257.721135
v 11.694570 -78.207367 257.844859
v 11.694570 -78.031351 257.933054
v 12.757649 -78.648316 257.188969
v 12.757649 -78.593122 257.379891
v 12.757649 -78.497756 257.561315
v 12.757649 -78.364585 257.721135
v 12.757649 -78.207367 257.844859
v 12.757649 -78.031351 257.933054
v 12.757649 -77.847380 257.984025
v 13.820729 -78.648316 257.188969
v 13.820729 -78.593122 257.379891
v 13.820729 -78.497756 257.561315
v 13.820729 -78.364585 257.721135
v 13.820729 -78.207367 257.844859
v 13.820729 -78.031351 257.933054
v 14.883808 -78.593122 257.379891
v 14.883808 -78.497756 257.561315
v 14.883808 -78.364585 257.721135
v 14.883808 -78.207367 257.844859
v 14.883808 -78.031351 257.933054
v 14.883808 -77.847380 257.984025
v 0.000695 -77.675601 275.409347
v -9.708613 -77.675601 265.700040
v -9.684759 -77.931831 265.676186
v -9.614826 -78.170601 265.606253
v -9.503577 -78.375636 265.495004
v -9.358595 -78.532966 265.350022
v -9.189759 -78.631867 265.181186
v -9.008577 -78.665601 265.000004
v 0.000695 -78.665601 274.009276
v 0.000695 -78.646578 274.282416
v 0.000695 -78.590241 274.545060
v 0.000695 -78.498756 274.787114
v 0.000695 -78.375636 274.999276
v 0.000695 -78.225615 275.173393
v 0.000695 -78.054457 275.302773
v 0.000695 -77.868740 275.382445
v 0.000695 -77.772638 275.402606
v -6.448323 -77.931831 268.912622
v -3.211888 -77.931831 272.149058
v -6.378390 -78.170601 268.842688
v -3.141954 -78.170601 272.079124
v -6.267141 -78.375636 268.731440
v -3.030705 -78.375636 271.967876
v -6.122159 -78.532966 268.586458
v -2.885723 -78.532966 271.822894
v -5.953323 -78.631867 268.417622
v -2.716888 -78.631867 271.654058
v -9.718613 -77.665601 265.690040
v -9.875942 -77.665601 265.485004
v -9.974843 -77.665601 265.246235
v -10.008577 -77.665601 264.990004
v -9.974843 -77.665601 264.733773
v -9.875942 -77.665601 264.495004
v -9.718613 -77.665601 264.289968
v -9.513577 -77.665601 264.132639
v -9.274808 -77.665601 264.033737
v -9.018577 -77.665601 264.000004
v -9.018236 -77.924420 264.034078
v -9.017237 -78.165601 264.133978
v -9.015648 -78.372707 264.292897
v -9.013577 -78.531626 264.500004
v -9.011165 -78.631526 264.741185
v -9.710563 -77.675408 265.698089
v -9.712439 -77.674839 265.696213
v -9.714168 -77.673915 265.694484
v -9.715684 -77.672672 265.692968
v -9.716927 -77.671156 265.691725
v -9.717851 -77.669427 265.690801
v -9.718420 -77.667551 265.690232
v -9.718564 -77.666581 265.690088
v -9.088708 -78.649636 264.841040
v -9.103853 -78.571003 264.585884
v -9.720373 -77.811549 265.674346
v -9.122003 -78.423031 264.356317
v -9.758263 -77.814631 265.631646
v -9.151638 -78.079765 264.100571
v -9.164366 -77.773754 264.017330
v -9.306972 -77.784176 264.051665
v -9.443330 -77.792048 264.106316
v -9.570421 -77.797204 264.179986
v -9.713894 -77.799575 264.299093
v -9.808931 -77.798002 264.410745
v -9.886595 -77.793513 264.535365
v -9.945607 -77.786280 264.669873
v -9.984688 -77.776477 264.811191
v -10.002559 -77.764276 264.956239
v -9.998099 -77.749865 265.101943
v -9.971689 -77.733571 265.245266
v -9.924542 -77.715801 265.383196
v -9.836180 -77.691624 265.546622
v -9.282618 -78.112738 264.147517
v -9.408161 -78.136667 264.211757
v -9.525636 -78.151083 264.291881
v -9.659221 -78.154933 264.414484
v -9.748756 -78.146186 264.525117
v -9.823079 -78.127500 264.645651
v -9.880998 -78.099498 264.773331
v -9.921323 -78.062804 264.905404
v -9.942861 -78.018041 265.039113
v -9.944556 -77.965880 265.171720
v -9.926619 -77.907434 265.300620
v -9.889965 -77.844062 265.423287
v -9.817460 -77.758182 265.566786
v -9.832144 -77.716401 265.550956
v -9.917069 -77.763583 265.391807
v -9.961936 -77.798288 265.257140
v -9.986501 -77.830150 265.116885
v -9.989617 -77.858383 264.973952
v -9.970942 -77.882354 264.831281
v -9.931583 -77.901695 264.691879
v -9.872801 -77.916068 264.558755
v -9.795857 -77.925134 264.434922
v -9.702011 -77.928556 264.323391
v -9.560686 -77.924436 264.203403
v -9.435686 -77.914804 264.128245
v -9.301681 -77.899885 264.071440
v -9.161606 -77.879988 264.034312
v -9.132107 -78.323626 264.256758
v -9.245527 -78.360975 264.320781
v -9.354718 -78.385638 264.397191
v -9.457623 -78.397189 264.484509
v -9.576164 -78.392268 264.608966
v -9.657257 -78.372693 264.715341
v -9.726374 -78.339955 264.827037
v -9.782475 -78.294949 264.941842
v -9.824518 -78.238569 265.057547
v -9.851461 -78.171707 265.171941
v -9.862360 -78.095311 265.282839
v -9.857202 -78.010845 265.388303
v -9.836486 -77.920057 265.486534
v -9.788250 -77.797774 265.598546
v -9.803551 -77.780909 265.581865
v -9.864424 -77.887743 265.453301
v -9.893419 -77.966805 265.342177
v -9.905203 -78.040023 265.224294
v -9.899063 -78.105783 265.101827
v -9.874902 -78.162749 264.977061
v -9.833726 -78.210089 264.852475
v -9.776655 -78.247022 264.730570
v -9.704813 -78.272768 264.613848
v -9.619321 -78.286547 264.504807
v -9.492961 -78.285979 264.380724
v -9.382492 -78.271674 264.296690
v -9.264817 -78.245694 264.226175
v -9.142289 -78.208521 264.170639
v -9.226529 -78.456741 264.427461
v -9.327424 -78.476958 264.508334
v -9.422921 -78.483366 264.597486
v -9.533774 -78.471067 264.720519
v -9.610511 -78.445165 264.822907
v -9.676896 -78.405715 264.928359
v -9.731974 -78.353678 265.034969
v -9.774790 -78.290013 265.140831
v -9.804388 -78.215681 265.244039
v -9.819894 -78.131693 265.342717
v -9.821196 -78.039547 265.435270
v -9.808606 -77.941012 265.520258
v -9.772857 -77.808779 265.615459
v -9.192925 -78.589668 264.664481
v -9.279381 -78.594996 264.747905
v -9.361939 -78.586938 264.834905
v -9.459278 -78.557277 264.948729
v -9.528255 -78.518832 265.039109
v -9.589660 -78.467874 265.128902
v -9.642713 -78.405366 265.216791
v -9.686634 -78.332271 265.301456
v -9.720642 -78.249553 265.381581
v -9.744010 -78.158214 265.455875
v -9.756500 -78.059625 265.523339
v -9.758150 -77.955362 265.583129
v -9.744571 -77.816546 265.646960
v -9.782444 -77.951991 265.552562
v -9.787574 -78.054748 265.480441
v -9.780389 -78.151373 265.400616
v -9.760730 -78.240166 265.314208
v -9.728781 -78.319667 265.222499
v -9.685346 -78.388850 265.127062
v -9.631291 -78.446736 265.029502
v -9.567484 -78.492343 264.931425
v -9.494792 -78.524692 264.834435
v -9.391012 -78.545542 264.715014
v -9.302300 -78.545984 264.626003
v -9.208985 -78.532580 264.542802
v -9.112577 -78.505516 264.466784
v -9.165562 -78.649642 264.917891
v -9.240570 -78.638027 264.995693
v -9.312828 -78.614954 265.073502
v -9.399311 -78.569319 265.170964
v -9.461947 -78.520980 265.245231
v -9.519167 -78.462418 265.316541
v -9.570354 -78.394479 265.384074
v -9.614892 -78.318010 265.447011
v -9.652165 -78.233860 265.504531
v -9.681589 -78.142899 265.555840
v -9.702878 -78.046239 265.600385
v -9.715913 -77.945118 265.637750
v -9.731905 -77.815275 265.661242
v -9.735918 -77.952594 265.611626
v -9.728204 -78.056148 265.563470
v -9.711008 -78.154610 265.507822
v -9.684384 -78.246564 265.445289
v -9.648603 -78.330762 265.376628
v -9.604318 -78.406254 265.302866
v -9.552227 -78.472124 265.225056
v -9.493025 -78.527456 265.144253
v -9.427407 -78.571333 265.061511
v -9.335843 -78.609453 264.955076
v -9.258777 -78.625260 264.871851
v -9.178430 -78.628516 264.790250
v -9.095883 -78.619151 264.711380
v -9.709937 -77.805860 265.686292
v -9.698022 -77.933898 265.661529
v -9.680349 -78.031192 265.634092
v -9.655524 -78.124668 265.599887
v -9.623709 -78.213260 265.559182
v -9.585191 -78.296004 265.512361
v -9.540488 -78.372121 265.460019
v -9.490141 -78.440847 265.402776
v -9.434693 -78.501420 265.341249
v -9.374684 -78.553078 265.276057
v -9.292642 -78.604914 265.188813
v -9.224569 -78.634366 265.117786
v -9.154194 -78.653612 265.045481
v -9.082276 -78.662428 264.972681
v -9.718613 -72.665601 265.690040
v -9.875942 -72.665601 265.485004
v -9.974843 -72.665601 265.246235
v -10.008577 -72.665601 264.990004
v -9.974843 -72.665601 264.733773
v -9.875942 -72.665601 264.495004
v -9.718613 -72.665601 264.289968
v -9.513577 -72.665601 264.132639
v -9.274808 -72.665601 264.033737
v -9.018577 -72.665601 264.000004
v 9.009967 -78.665601 265.000004
v 9.191150 -78.631867 265.181186
v 9.359985 -78.532966 265.350022
v 9.504967 -78.375636 265.495004
v 9.616216 -78.170601 265.606253
v 9.686150 -77.931831 265.676186
v 9.710003 -77.675601 265.700040
v 5.954714 -78.631867 268.417622
v 2.718278 -78.631867 271.654058
v 6.123549 -78.532966 268.586458
v 2.887113 -78.532966 271.822894
v 6.268531 -78.375636 268.731440
v 3.032095 -78.375636 271.967876
v 6.379780 -78.170601 268.842688
v 3.143344 -78.170601 272.079124
v 6.449714 -77.931831 268.912622
v 3.213278 -77.931831 272.149058
v 9.019967 -77.665601 264.000004
v 9.276198 -77.665601 264.033737
v 9.514967 -77.665601 264.132639
v 9.720003 -77.665601 264.289968
v 9.877332 -77.665601 264.495004
v 9.976234 -77.665601 264.733773
v 10.009967 -77.665601 264.990004
v 9.976234 -77.665601 265.246235
v 9.877332 -77.665601 265.485004
v 9.720003 -77.665601 265.690040
v 9.719955 -77.666581 265.690088
v 9.719811 -77.667551 265.690232
v 9.719242 -77.669427 265.690801
v 9.718318 -77.671156 265.691725
v 9.717074 -77.672672 265.692968
v 9.715559 -77.673915 265.694484
v 9.713830 -77.674839 265.696213
v 9.711954 -77.675408 265.698089
v 9.012556 -78.631526 264.741185
v 9.014967 -78.531626 264.500004
v 9.017038 -78.372707 264.292897
v 9.018628 -78.165601 264.133978
v 9.019627 -77.924420 264.034078
v 9.165706 -77.776771 264.017649
v 9.837497 -77.692338 265.546702
v 9.925796 -77.717178 265.383354
v 9.972902 -77.735435 265.245484
v 9.999278 -77.752177 265.102216
v 10.003714 -77.766987 264.956563
v 9.985828 -77.779525 264.811559
v 9.946742 -77.789601 264.670278
v 9.887734 -77.797036 264.535796
v 9.810083 -77.801653 264.411191
v 9.715068 -77.803275 264.299542
v 9.571634 -77.800846 264.180420
v 9.444581 -77.795555 264.106724
v 9.308266 -77.787473 264.052034
v 9.833227 -77.717733 265.551287
v 9.917889 -77.766150 265.392464
v 9.962582 -77.801767 265.258046
v 9.987006 -77.834467 265.118026
v 9.990020 -77.863449 264.975303
v 9.971284 -77.888060 264.832814
v 9.931903 -77.907923 264.693558
v 9.873139 -77.922693 264.560540
v 9.796250 -77.932021 264.436767
v 9.702495 -77.935559 264.325245
v 9.561334 -77.931371 264.205190
v 9.436493 -77.921521 264.129919
v 9.302668 -77.906245 264.072949
v 9.162786 -77.885862 264.035607
v 9.817841 -77.760175 265.567878
v 9.889496 -77.847898 265.425461
v 9.925588 -77.912646 265.303629
v 9.943073 -77.972380 265.175523
v 9.941051 -78.025717 265.043644
v 9.919318 -78.071522 264.910573
v 9.878928 -78.109110 264.779031
v 9.821068 -78.137845 264.651753
v 9.746924 -78.157089 264.531478
v 9.657683 -78.166203 264.420940
v 9.524627 -78.162530 264.298199
v 9.407666 -78.148026 264.217767
v 9.282701 -78.123811 264.153045
v 9.152343 -78.090361 264.105450
v 9.797066 -77.790422 265.590437
v 9.851410 -77.905988 265.470378
v 9.876120 -77.991655 265.365865
v 9.884469 -78.071176 265.254336
v 9.875858 -78.142854 265.137770
v 9.850246 -78.205275 265.018272
v 9.808611 -78.257540 264.898171
v 9.752032 -78.298803 264.779820
v 9.681591 -78.328220 264.665571
v 9.598370 -78.344945 264.557776
v 9.476054 -78.346990 264.433324
v 9.369502 -78.333814 264.347454
v 9.256223 -78.308122 264.273756
v 9.138417 -78.270375 264.213708
v 9.774786 -77.808486 265.614865
v 9.810967 -77.940457 265.519072
v 9.823837 -78.038784 265.433615
v 9.822756 -78.130716 265.340601
v 9.807408 -78.214486 265.241482
v 9.777899 -78.288593 265.137865
v 9.735109 -78.352029 265.031639
v 9.679994 -78.403834 264.924719
v 9.613513 -78.443050 264.819022
v 9.536626 -78.468720 264.716465
v 9.425507 -78.480725 264.593342
v 9.329755 -78.474094 264.504222
v 9.228575 -78.453666 264.423472
v 9.123744 -78.419763 264.352545
v 9.753971 -77.815842 265.637987
v 9.773720 -77.954196 265.565220
v 9.776008 -78.057865 265.498187
v 9.766594 -78.155568 265.423444
v 9.745372 -78.245651 265.341993
v 9.712551 -78.326683 265.254997
v 9.668902 -78.397646 265.163913
v 9.615258 -78.457562 265.070225
v 9.552449 -78.505453 264.975420
v 9.481310 -78.540342 264.880984
v 9.380227 -78.564779 264.763613
v 9.294095 -78.568264 264.675202
v 9.203659 -78.558036 264.591662
v 9.110331 -78.534226 264.514319
v 9.735133 -77.815641 265.659163
v 9.740518 -77.953345 265.607479
v 9.733670 -78.057129 265.557622
v 9.717143 -78.155727 265.500236
v 9.690981 -78.247699 265.435962
v 9.655448 -78.331776 265.365592
v 9.611210 -78.407000 265.290188
v 9.558977 -78.472446 265.210843
v 9.499456 -78.527189 265.128650
v 9.433357 -78.570302 265.044700
v 9.340967 -78.607195 264.937047
v 9.263117 -78.621853 264.853146
v 9.181900 -78.623813 264.771143
v 9.098423 -78.613025 264.692167
v 9.718606 -77.810074 265.677953
v 9.711867 -77.942196 265.644933
v 9.697410 -78.042331 265.610557
v 9.675034 -78.138195 265.569112
v 9.644871 -78.228597 265.520967
v 9.607211 -78.312471 265.466621
v 9.562616 -78.388970 265.406809
v 9.511681 -78.457270 265.342288
v 9.455000 -78.516547 265.273815
v 9.393166 -78.565978 265.202149
v 9.308043 -78.613572 265.107559
v 9.237070 -78.638613 265.031605
v 9.163484 -78.652548 264.955248
v 9.088146 -78.655195 264.879386
v 9.019967 -72.665601 264.000004
v 9.276198 -72.665601 264.033737
v 9.514967 -72.665601 264.132639
v 9.720003 -72.665601 264.289968
v 9.877332 -72.665601 264.495004
v 9.976234 -72.665601 264.733773
v 10.009967 -72.665601 264.990004
v 9.976234 -72.665601 265.246235
v 9.877332 -72.665601 265.485004
v 9.720003 -72.665601 265.690040
v 0.000695 -56.465601 275.409347
v 0.000695 -62.465601 275.409347
v 0.000695 -67.465601 275.409347
v 0.000695 -51.465601 275.409347
v 24.462424 -47.761096 250.947618
v 24.153691 -47.715206 251.256351
v 23.858451 -47.579542 251.551591
v 23.589608 -47.360032 251.820435
v 23.358911 -47.066271 252.051132
v 23.176442 -46.711096 252.233600
v 23.050178 -46.310032 252.359865
v 22.985635 -45.880606 252.424408
v 22.985635 -45.441587 252.424408
v 23.050178 -45.012161 252.359865
v 23.176442 -44.611096 252.233600
v 23.358911 -44.255922 252.051132
v 23.589608 -43.962161 251.820435
v 23.858451 -43.742651 251.551591
v 24.153691 -43.606986 251.256351
v 24.462424 -43.561096 250.947618
v 24.771158 -43.606986 250.638885
v 25.066397 -43.742651 250.343645
v 25.335241 -43.962161 250.074802
v 25.565938 -44.255922 249.844104
v 25.748407 -44.611096 249.661636
v 25.874671 -45.012161 249.535371
v 25.939214 -45.441587 249.470829
v 25.939214 -45.880606 249.470829
v 25.874671 -46.310032 249.535371
v 25.748407 -46.711096 249.661636
v 25.565938 -47.066271 249.844104
v 25.335241 -47.360032 250.074802
v 25.066397 -47.579542 250.343645
v 24.771158 -47.715206 250.638885
v 4.663435 -47.761096 270.746608
v 4.354701 -47.715206 271.055341
v 4.059461 -47.579542 271.350581
v 3.790618 -47.360032 271.619425
v 3.559921 -47.066271 271.850122
v 3.377452 -46.711096 272.032590
v 3.251188 -46.310032 272.158855
v 3.186645 -45.880606 272.223398
v 3.186645 -45.441587 272.223398
v 3.251188 -45.012161 272.158855
v 3.377452 -44.611096 272.032590
v 3.559921 -44.255922 271.850122
v 3.790618 -43.962161 271.619425
v 4.059461 -43.742651 271.350581
v 4.354701 -43.606986 271.055341
v 4.663435 -43.561096 270.746608
v 4.972168 -43.606986 270.437875
v 5.267408 -43.742651 270.142635
v 5.536251 -43.962161 269.873791
v 5.766948 -44.255922 269.643094
v 5.949417 -44.611096 269.460626
v 6.075681 -45.012161 269.334361
v 6.140224 -45.441587 269.269818
v 6.140224 -45.880606 269.269818
v 6.075681 -46.310032 269.334361
v 5.949417 -46.711096 269.460626
v 5.766948 -47.066271 269.643094
v 5.536251 -47.360032 269.873791
v 5.267408 -47.579542 270.142635
v 4.972168 -47.715206 270.437875
v 24.462424 -75.761096 250.947618
v 24.153691 -75.715206 251.256351
v 23.858451 -75.579542 251.551591
v 23.589608 -75.360032 251.820435
v 23.358911 -75.066271 252.051132
v 23.176442 -74.711096 252.233600
v 23.050178 -74.310032 252.359865
v 22.985635 -73.880606 252.424408
v 22.985635 -73.441587 252.424408
v 23.050178 -73.012161 252.359865
v 23.176442 -72.611096 252.233600
v 23.358911 -72.255922 252.051132
v 23.589608 -71.962161 251.820435
v 23.858451 -71.742651 251.551591
v 24.153691 -71.606986 251.256351
v 24.462424 -71.561096 250.947618
v 24.771158 -71.606986 250.638885
v 25.066397 -71.742651 250.343645
v 25.335241 -71.962161 250.074802
v 25.565938 -72.255922 249.844104
v 25.748407 -72.611096 249.661636
v 25.874671 -73.012161 249.535371
v 25.939214 -73.441587 249.470829
v 25.939214 -73.880606 249.470829
v 25.874671 -74.310032 249.535371
v 25.748407 -74.711096 249.661636
v 25.565938 -75.066271 249.844104
v 25.335241 -75.360032 250.074802
v 25.066397 -75.579542 250.343645
v 24.771158 -75.715206 250.638885
v 4.663435 -75.761096 270.746608
v 4.354701 -75.715206 271.055341
v 4.059461 -75.579542 271.350581
v 3.790618 -75.360032 271.619425
v 3.559921 -75.066271 271.850122
v 3.377452 -74.711096 272.032590
v 3.251188 -74.310032 272.158855
v 3.186645 -73.880606 272.223398
v 3.186645 -73.441587 272.223398
v 3.251188 -73.012161 272.158855
v 3.377452 -72.611096 272.032590
v 3.559921 -72.255922 271.850122
v 3.790618 -71.962161 271.619425
v 4.059461 -71.742651 271.350581
v 4.354701 -71.606986 271.055341
v 4.663435 -71.561096 270.746608
v 4.972168 -71.606986 270.437875
v 5.267408 -71.742651 270.142635
v 5.536251 -71.962161 269.873791
v 5.766948 -72.255922 269.643094
v 5.949417 -72.611096 269.460626
v 6.075681 -73.012161 269.334361
v 6.140224 -73.441587 269.269818
v 6.140224 -73.880606 269.269818
v 6.075681 -74.310032 269.334361
v 5.949417 -74.711096 269.460626
v 5.766948 -75.066271 269.643094
v 5.536251 -75.360032 269.873791
v 5.267408 -75.579542 270.142635
v 4.972168 -75.715206 270.437875
v 4.510331 -77.924420 264.034078
v 0.000695 -77.924420 264.034078
v -4.508941 -77.924420 264.034078
v 4.510331 -78.165601 264.133978
v 0.000695 -78.165601 264.133978
v -4.508941 -78.165601 264.133978
v 4.510331 -78.372707 264.292897
v 0.000695 -78.372707 264.292897
v -4.508941 -78.372707 264.292897
v 4.510331 -78.531626 264.500004
v 0.000695 -78.531626 264.500004
v -4.508941 -78.531626 264.500004
v 4.510331 -78.631526 264.741185
v 0.000695 -78.631526 264.741185
v -4.508941 -78.631526 264.741185
v -4.757427 -43.568143 270.651225
v -4.448694 -43.614033 270.959959
v -4.153454 -43.749698 271.255198
v -3.884610 -43.969208 271.524042
v -3.653913 -44.262969 271.754739
v -3.471445 -44.618143 271.937208
v -3.345180 -45.019208 272.063472
v -3.280637 -45.448634 272.128015
v -3.280637 -45.887653 272.128015
v -3.345180 -46.317079 272.063472
v -3.471445 -46.718143 271.937208
v -3.653913 -47.073318 271.754739
v -3.884610 -47.367079 271.524042
v -4.153454 -47.586589 271.255198
v -4.448694 -47.722253 270.959959
v -4.757427 -47.768143 270.651225
v -5.066160 -47.722253 270.342492
v -5.361400 -47.586589 270.047252
v -5.630243 -47.367079 269.778409
v -5.860940 -47.073318 269.547712
v -6.043409 -46.718143 269.365243
v -6.169674 -46.317079 269.238979
v -6.234216 -45.887653 269.174436
v -6.234216 -45.448634 269.174436
v -6.169674 -45.019208 269.238979
v -6.043409 -44.618143 269.365243
v -5.860940 -44.262969 269.547712
v -5.630243 -43.969208 269.778409
v -5.361400 -43.749698 270.047252
v -5.066160 -43.614033 270.342492
v -4.757427 -71.568143 270.651225
v -4.448694 -71.614033 270.959959
v -4.153454 -71.749698 271.255198
v -3.884610 -71.969208 271.524042
v -3.653913 -72.262969 271.754739
v -3.471445 -72.618143 271.937208
v -3.345180 -73.019208 272.063472
v -3.280637 -73.448634 272.128015
v -3.280637 -73.887653 272.128015
v -3.345180 -74.317079 272.063472
v -3.471445 -74.718143 271.937208
v -3.653913 -75.073318 271.754739
v -3.884610 -75.367079 271.524042
v -4.153454 -75.586589 271.255198
v -4.448694 -75.722253 270.959959
v -4.757427 -75.768143 270.651225
v -5.066160 -75.722253 270.342492
v -5.361400 -75.586589 270.047252
v -5.630243 -75.367079 269.778409
v -5.860940 -75.073318 269.547712
v -6.043409 -74.718143 269.365243
v -6.169674 -74.317079 269.238979
v -6.234216 -73.887653 269.174436
v -6.234216 -73.448634 269.174436
v -6.169674 -73.019208 269.238979
v -6.043409 -72.618143 269.365243
v -5.860940 -72.262969 269.547712
v -5.630243 -71.969208 269.778409
v -5.361400 -71.749698 270.047252
v -5.066160 -71.614033 270.342492
v -24.556417 -43.568143 250.852236
v -24.247683 -43.614033 251.160969
v -23.952443 -43.749698 251.456209
v -23.683600 -43.969208 251.725052
v -23.452903 -44.262969 251.955749
v -23.270434 -44.618143 252.138218
v -23.144170 -45.019208 252.264482
v -23.079627 -45.448634 252.329025
v -23.079627 -45.887653 252.329025
v -23.144170 -46.317079 252.264482
v -23.270434 -46.718143 252.138218
v -23.452903 -47.073318 251.955749
v -23.683600 -47.367079 251.725052
v -23.952443 -47.586589 251.456209
v -24.247683 -47.722253 251.160969
v -24.556417 -47.768143 250.852236
v -24.865150 -47.722253 250.543502
v -25.160390 -47.586589 250.248262
v -25.429233 -47.367079 249.979419
v -25.659930 -47.073318 249.748722
v -25.842399 -46.718143 249.566253
v -25.968663 -46.317079 249.439989
v -26.033206 -45.887653 249.375446
v -26.033206 -45.448634 249.375446
v -25.968663 -45.019208 249.439989
v -25.842399 -44.618143 249.566253
v -25.659930 -44.262969 249.748722
v -25.429233 -43.969208 249.979419
v -25.160390 -43.749698 250.248262
v -24.865150 -43.614033 250.543502
v -24.556417 -71.568143 250.852236
v -24.247683 -71.614033 251.160969
v -23.952443 -71.749698 251.456209
v -23.683600 -71.969208 251.725052
v -23.452903 -72.262969 251.955749
v -23.270434 -72.618143 252.138218
v -23.144170 -73.019208 252.264482
v -23.079627 -73.448634 252.329025
v -23.079627 -73.887653 252.329025
v -23.144170 -74.317079 252.264482
v -23.270434 -74.718143 252.138218
v -23.452903 -75.073318 251.955749
v -23.683600 -75.367079 251.725052
v -23.952443 -75.586589 251.456209
v -24.247683 -75.722253 251.160969
v -24.556417 -75.768143 250.852236
v -24.865150 -75.722253 250.543502
v -25.160390 -75.586589 250.248262
v -25.429233 -75.367079 249.979419
v -25.659930 -75.073318 249.748722
v -25.842399 -74.718143 249.566253
v -25.968663 -74.317079 249.439989
v -26.033206 -73.887653 249.375446
v -26.033206 -73.448634 249.375446
v -25.968663 -73.019208 249.439989
v -25.842399 -72.618143 249.566253
v -25.659930 -72.262969 249.748722
v -25.429233 -71.969208 249.979419
v -25.160390 -71.749698 250.248262
v -24.865150 -71.614033 250.543502
v -4.787003 -62.465601 258.000004
v 4.788393 -62.465601 258.000004
v 4.788393 -59.665601 258.000004
v -4.787003 -59.665601 258.000004
v -4.787003 -62.465601 264.000004
v -4.787003 -59.665601 264.000004
v 4.788393 -62.465601 264.000004
v 4.788393 -59.665601 264.000004
v -0.093671 -72.302774 268.243913
v -0.093671 -75.028143 268.243913
v 0.134701 -75.332681 268.015541
v 0.403235 -75.562529 267.747006
v 0.699933 -75.707415 267.450308
v 1.011537 -75.760866 267.138704
v 1.324124 -75.720493 266.826117
v 1.623727 -75.588100 266.526514
v 1.896958 -75.369604 266.253283
v 2.131609 -75.074766 266.018632
v 2.317195 -74.716762 265.833047
v 2.445423 -74.311587 265.704818
v 2.510564 -73.877347 265.639677
v 2.509707 -73.433444 265.640534
v 2.442891 -72.999713 265.707351
v 2.313100 -72.595535 265.837141
v 2.126135 -72.238969 266.024107
v 1.890349 -71.945947 266.259892
v 1.616278 -71.729564 266.533963
v 1.316169 -71.599487 266.834072
v 1.003431 -71.561528 267.146811
v 0.692037 -71.617384 267.458204
v 0.395903 -71.764559 267.754338
v 0.128260 -71.996476 268.021981
v -0.098933 -72.302774 268.249174
v -0.090433 -75.028143 268.247151
v -0.091693 -74.746191 268.533982
v -0.092779 -74.415523 268.761934
v -0.093759 -74.049309 268.908032
v -0.094225 -73.858726 268.945582
v -0.094683 -73.666491 268.958305
v -0.095145 -73.472726 268.945855
v -0.095615 -73.280125 268.908116
v -0.096603 -72.910985 268.760489
v -0.097693 -72.580541 268.531316
v -0.093671 -44.302774 268.243913
v -0.093671 -47.028143 268.243913
v 0.134701 -47.332681 268.015541
v 0.403235 -47.562529 267.747006
v 0.699933 -47.707415 267.450308
v 1.011537 -47.760866 267.138704
v 1.324124 -47.720493 266.826117
v 1.623727 -47.588100 266.526514
v 1.896958 -47.369604 266.253283
v 2.131609 -47.074766 266.018632
v 2.317195 -46.716762 265.833047
v 2.445423 -46.311587 265.704818
v 2.510564 -45.877347 265.639677
v 2.509707 -45.433444 265.640534
v 2.442891 -44.999713 265.707351
v 2.313100 -44.595535 265.837141
v 2.126135 -44.238969 266.024107
v 1.890349 -43.945947 266.259892
v 1.616278 -43.729564 266.533963
v 1.316169 -43.599487 266.834072
v 1.003431 -43.561528 267.146811
v 0.692037 -43.617384 267.458204
v 0.395903 -43.764559 267.754338
v 0.128260 -43.996476 268.021981
v -0.098933 -44.302774 268.249174
v -0.090433 -47.028143 268.247151
v -0.091693 -46.746191 268.533982
v -0.092779 -46.415523 268.761934
v -0.093759 -46.049309 268.908032
v -0.094225 -45.858726 268.945582
v -0.094683 -45.666491 268.958305
v -0.095145 -45.472726 268.945855
v -0.095615 -45.280125 268.908116
v -0.096603 -44.910985 268.760489
v -0.097693 -44.580541 268.531316
v -0.317853 -75.334104 268.019731
v -0.585668 -75.565625 267.751916
v -0.881911 -75.712361 267.455673
v -1.193346 -75.767755 267.144238
v -1.506056 -75.729333 266.831528
v -1.806069 -75.598810 266.531515
v -2.079979 -75.382020 266.257605
v -2.315548 -75.088649 266.022036
v -2.502249 -74.731806 265.835336
v -2.631739 -74.327435 265.705845
v -2.698234 -73.893604 265.639350
v -2.698761 -73.449700 265.638823
v -2.633298 -73.015556 265.704286
v -2.504769 -72.610572 265.832815
v -2.318917 -72.252843 266.018667
v -2.084047 -71.958354 266.253537
v -1.810654 -71.740263 266.526930
v -1.510953 -71.608316 266.826632
v -1.198336 -71.568408 267.139249
v -0.886771 -71.622321 267.450813
v -0.590181 -71.767649 267.747404
v -0.321817 -71.997896 268.015767
v -0.317853 -47.334104 268.019731
v -0.585668 -47.565625 267.751916
v -0.881911 -47.712361 267.455673
v -1.193346 -47.767755 267.144238
v -1.506056 -47.729333 266.831528
v -1.806069 -47.598810 266.531515
v -2.079979 -47.382020 266.257605
v -2.315548 -47.088649 266.022036
v -2.502249 -46.731806 265.835336
v -2.631739 -46.327435 265.705845
v -2.698234 -45.893604 265.639350
v -2.698761 -45.449700 265.638823
v -2.633298 -45.015556 265.704286
v -2.504769 -44.610572 265.832815
v -2.318917 -44.252843 266.018667
v -2.084047 -43.958354 266.253537
v -1.810654 -43.740263 266.526930
v -1.510953 -43.608316 266.826632
v -1.198336 -43.568408 267.139249
v -0.886771 -43.622321 267.450813
v -0.590181 -43.767649 267.747404
v -0.321817 -43.997896 268.015767
v -21.020883 -71.568143 247.316702
v -20.712150 -71.614033 247.625435
v -20.416910 -71.749698 247.920675
v -20.148066 -71.969208 248.189518
v -19.917369 -72.262969 248.420215
v -19.734901 -72.618143 248.602684
v -19.608636 -73.019208 248.728948
v -19.544093 -73.448634 248.793491
v -19.544093 -73.887653 248.793491
v -19.608636 -74.317079 248.728948
v -19.734901 -74.718143 248.602684
v -19.917369 -75.073318 248.420215
v -20.148066 -75.367079 248.189518
v -20.416910 -75.586589 247.920675
v -20.712150 -75.722253 247.625435
v -21.020883 -75.768143 247.316702
v -21.329616 -75.722253 247.007969
v -21.624856 -75.586589 246.712729
v -21.893699 -75.367079 246.443885
v -22.124396 -75.073318 246.213188
v -22.306865 -74.718143 246.030720
v -22.433130 -74.317079 245.904455
v -22.497672 -73.887653 245.839912
v -22.497672 -73.448634 245.839912
v -22.433130 -73.019208 245.904455
v -22.306865 -72.618143 246.030720
v -22.124396 -72.262969 246.213188
v -21.893699 -71.969208 246.443885
v -21.624856 -71.749698 246.712729
v -21.329616 -71.614033 247.007969
v -21.020883 -43.568143 247.316702
v -20.712150 -43.614033 247.625435
v -20.416910 -43.749698 247.920675
v -20.148066 -43.969208 248.189518
v -19.917369 -44.262969 248.420215
v -19.734901 -44.618143 248.602684
v -19.608636 -45.019208 248.728948
v -19.544093 -45.448634 248.793491
v -19.544093 -45.887653 248.793491
v -19.608636 -46.317079 248.728948
v -19.734901 -46.718143 248.602684
v -19.917369 -47.073318 248.420215
v -20.148066 -47.367079 248.189518
v -20.416910 -47.586589 247.920675
v -20.712150 -47.722253 247.625435
v -21.020883 -47.768143 247.316702
v -21.329616 -47.722253 247.007969
v -21.624856 -47.586589 246.712729
v -21.893699 -47.367079 246.443885
v -22.124396 -47.073318 246.213188
v -22.306865 -46.718143 246.030720
v -22.433130 -46.317079 245.904455
v -22.497672 -45.887653 245.839912
v -22.497672 -45.448634 245.839912
v -22.433130 -45.019208 245.904455
v -22.306865 -44.618143 246.030720
v -22.124396 -44.262969 246.213188
v -21.893699 -43.969208 246.443885
v -21.624856 -43.749698 246.712729
v -21.329616 -43.614033 247.007969
v 20.832524 -47.761096 247.317718
v 20.523791 -47.715206 247.626451
v 20.228551 -47.579542 247.921691
v 19.959707 -47.360032 248.190534
v 19.729010 -47.066271 248.421231
v 19.546542 -46.711096 248.603700
v 19.420277 -46.310032 248.729964
v 19.355734 -45.880606 248.794507
v 19.355734 -45.441587 248.794507
v 19.420277 -45.012161 248.729964
v 19.546542 -44.611096 248.603700
v 19.729010 -44.255922 248.421231
v 19.959707 -43.962161 248.190534
v 20.228551 -43.742651 247.921691
v 20.523791 -43.606986 247.626451
v 20.832524 -43.561096 247.317718
v 21.141257 -43.606986 247.008984
v 21.436497 -43.742651 246.713744
v 21.705340 -43.962161 246.444901
v 21.936038 -44.255922 246.214204
v 22.118506 -44.611096 246.031735
v 22.244771 -45.012161 245.905471
v 22.309313 -45.441587 245.840928
v 22.309313 -45.880606 245.840928
v 22.244771 -46.310032 245.905471
v 22.118506 -46.711096 246.031735
v 21.936038 -47.066271 246.214204
v 21.705340 -47.360032 246.444901
v 21.436497 -47.579542 246.713744
v 21.141257 -47.715206 247.008984
v 20.832524 -75.761096 247.317718
v 20.523791 -75.715206 247.626451
v 20.228551 -75.579542 247.921691
v 19.959707 -75.360032 248.190534
v 19.729010 -75.066271 248.421231
v 19.546542 -74.711096 248.603700
v 19.420277 -74.310032 248.729964
v 19.355734 -73.880606 248.794507
v 19.355734 -73.441587 248.794507
v 19.420277 -73.012161 248.729964
v 19.546542 -72.611096 248.603700
v 19.729010 -72.255922 248.421231
v 19.959707 -71.962161 248.190534
v 20.228551 -71.742651 247.921691
v 20.523791 -71.606986 247.626451
v 20.832524 -71.561096 247.317718
v 21.141257 -71.606986 247.008984
v 21.436497 -71.742651 246.713744
v 21.705340 -71.962161 246.444901
v 21.936038 -72.255922 246.214204
v 22.118506 -72.611096 246.031735
v 22.244771 -73.012161 245.905471
v 22.309313 -73.441587 245.840928
v 22.309313 -73.880606 245.840928
v 22.244771 -74.310032 245.905471
v 22.118506 -74.711096 246.031735
v 21.936038 -75.066271 246.214204
v 21.705340 -75.360032 246.444901
v 21.436497 -75.579542 246.713744
v 21.141257 -75.715206 247.008984
vt 0.141710 0.142057 0.000000
vt 1.099250 0.194176 0.000000
vt 0.141710 0.194176 0.000000
vt 1.102511 0.234579 0.000000
vt 0.138450 0.234579 0.000000
vt 0.128565 0.274889 0.000000
vt 1.112396 0.274889 0.000000
vt 1.099250 0.142057 0.000000
vt 0.141710 0.089939 0.000000
vt 1.099250 0.089939 0.000000
vt 0.141710 0.037821 0.000000
vt 1.099250 0.037821 0.000000
vt 0.141710 -0.014298 0.000000
vt 1.099250 -0.014298 0.000000
vt 0.141710 -0.066416 0.000000
vt 1.099250 -0.066416 0.000000
vt 0.141710 -0.118534 0.000000
vt 1.099250 -0.118534 0.000000
vt 0.141710 -0.170653 0.000000
vt 1.099250 -0.170653 0.000000
vt 0.141710 -0.222771 0.000000
vt 1.099250 -0.222771 0.000000
vt 1.099250 -0.274889 0.000000
vt 0.141710 -0.274889 0.000000
vt -1.249019 0.770000 0.000000
vt -2.232850 0.770000 0.000000
vt -1.231128 0.729355 0.000000
vt -2.250741 0.729355 0.000000
vt -1.206328 0.692518 0.000000
vt -2.275541 0.692518 0.000000
vt -1.175401 0.660649 0.000000
vt -2.306468 0.660649 0.000000
vt -1.139324 0.634755 0.000000
vt -2.342545 0.634755 0.000000
vt -1.099234 0.615652 0.000000
vt -2.382635 0.615652 0.000000
vt -1.056397 0.603944 0.000000
vt -2.425472 0.603944 0.000000
vt -1.740934 0.100000 0.000000
vt -2.469704 0.600000 0.000000
vt -3.440862 0.100000 0.000000
vt -3.440862 0.600000 0.000000
vt -1.012165 0.600000 0.000000
vt -0.041007 0.100000 0.000000
vt -0.041007 0.600000 0.000000
vt 0.550000 -0.235619 0.000000
vt 1.050000 -0.235619 0.000000
vt 0.550000 -0.192780 0.000000
vt 1.050000 -0.192780 0.000000
vt 0.550000 -0.149940 0.000000
vt 1.050000 -0.149940 0.000000
vt 0.550000 -0.107100 0.000000
vt 1.050000 -0.107100 0.000000
vt 0.550000 -0.064260 0.000000
vt 1.050000 -0.064260 0.000000
vt 0.550000 -0.021420 0.000000
vt 1.050000 -0.021420 0.000000
vt 0.550000 0.021420 0.000000
vt 1.050000 0.021420 0.000000
vt 0.550000 0.064260 0.000000
vt 1.050000 0.064260 0.000000
vt 0.550000 0.107100 0.000000
vt 1.050000 0.107100 0.000000
vt 0.550000 0.149940 0.000000
vt 1.050000 0.149940 0.000000
vt 0.550000 0.192780 0.000000
vt 1.050000 0.192780 0.000000
vt 0.550000 0.235619 0.000000
vt 1.050000 0.235619 0.000000
vt 0.858118 0.500000 0.000000
vt -1.300000 0.500000 0.000000
vt 0.858118 0.000000 0.000000
vt -1.300000 0.000000 0.000000
vt -0.250000 -0.235619 0.000000
vt 0.250000 -0.235619 0.000000
vt -0.250000 -0.192780 0.000000
vt 0.250000 -0.192780 0.000000
vt -0.250000 -0.149940 0.000000
vt 0.250000 -0.149940 0.000000
vt -0.250000 -0.107100 0.000000
vt 0.250000 -0.107100 0.000000
vt -0.250000 -0.064260 0.000000
vt 0.250000 -0.064260 0.000000
vt -0.250000 -0.021420 0.000000
vt 0.250000 -0.021420 0.000000
vt -0.250000 0.021420 0.000000
vt 0.250000 0.021420 0.000000
vt -0.250000 0.064260 0.000000
vt 0.250000 0.064260 0.000000
vt -0.250000 0.107100 0.000000
vt 0.250000 0.107100 0.000000
vt -0.250000 0.149940 0.000000
vt 0.250000 0.149940 0.000000
vt -0.250000 0.192780 0.000000
vt 0.250000 0.192780 0.000000
vt -0.250000 0.235619 0.000000
vt 0.250000 0.235619 0.000000
vt -2.558118 0.000000 0.000000
vt -0.400000 0.000000 0.000000
vt -2.558118 0.500000 0.000000
vt -0.400000 0.500000 0.000000
vt -0.250000 -0.235619 0.000000
vt 0.250000 -0.235619 0.000000
vt -0.250000 -0.192780 0.000000
vt 0.250000 -0.192780 0.000000
vt -0.250000 -0.149940 0.000000
vt 0.250000 -0.149940 0.000000
vt -0.250000 -0.107100 0.000000
vt 0.250000 -0.107100 0.000000
vt -0.250000 -0.064260 0.000000
vt 0.250000 -0.064260 0.000000
vt -0.250000 -0.021420 0.000000
vt 0.250000 -0.021420 0.000000
vt -0.250000 0.021420 0.000000
vt 0.250000 0.021420 0.000000
vt -0.250000 0.064260 0.000000
vt 0.250000 0.064260 0.000000
vt -0.250000 0.107100 0.000000
vt 0.250000 0.107100 0.000000
vt -0.250000 0.149940 0.000000
vt 0.250000 0.149940 0.000000
vt -0.250000 0.192780 0.000000
vt 0.250000 0.192780 0.000000
vt -0.250000 0.235619 0.000000
vt 0.250000 0.235619 0.000000
vt 0.858118 0.500000 0.000000
vt -1.300000 0.500000 0.000000
vt 0.858118 0.000000 0.000000
vt -1.300000 -0.000000 0.000000
vt -1.050000 -0.235619 0.000000
vt -0.550000 -0.235619 0.000000
vt -1.050000 -0.192780 0.000000
vt -0.550000 -0.192780 0.000000
vt -1.050000 -0.149940 0.000000
vt -0.550000 -0.149940 0.000000
vt -1.050000 -0.107100 0.000000
vt -0.550000 -0.107100 0.000000
vt -1.050000 -0.064260 0.000000
vt -0.550000 -0.064260 0.000000
vt -1.050000 -0.021420 0.000000
vt -0.550000 -0.021420 0.000000
vt -1.050000 0.021420 0.000000
vt -0.550000 0.021420 0.000000
vt -1.050000 0.064260 0.000000
vt -0.550000 0.064260 0.000000
vt -1.050000 0.107100 0.000000
vt -0.550000 0.107100 0.000000
vt -1.050000 0.149940 0.000000
vt -0.550000 0.149940 0.000000
vt -1.050000 0.192780 0.000000
vt -0.550000 0.192780 0.000000
vt -1.050000 0.235619 0.000000
vt -0.550000 0.235619 0.000000
vt -2.558118 0.000000 0.000000
vt -0.400000 0.000000 0.000000
vt -2.558118 0.500000 0.000000
vt -0.400000 0.500000 0.000000
vt 0.150000 -0.196350 0.000000
vt 0.150000 -0.151883 0.000000
vt -0.450000 -0.196350 0.000000
vt -0.450000 -0.147262 0.000000
vt 0.150000 -0.107416 0.000000
vt -0.450000 -0.098175 0.000000
vt 0.150000 -0.062950 0.000000
vt -0.450000 -0.049087 0.000000
vt 0.150000 -0.018483 0.000000
vt -0.450000 0.000000 0.000000
vt 0.150000 0.025984 0.000000
vt -0.450000 0.049087 0.000000
vt 0.150000 0.070450 0.000000
vt -0.450000 0.098175 0.000000
vt 0.150000 0.114917 0.000000
vt -0.450000 0.147262 0.000000
vt 0.152388 0.156381 0.000000
vt -0.450000 0.196350 0.000000
vt 0.159265 0.196350 0.000000
vt 0.009265 0.850000 0.000000
vt 0.024905 0.899666 0.000000
vt -0.600000 0.850000 0.000000
vt 0.047740 0.946462 0.000000
vt -0.600000 1.120000 0.000000
vt 0.077265 0.989353 0.000000
vt 0.112826 1.027388 0.000000
vt 0.153637 1.059727 0.000000
vt 0.198794 1.085653 0.000000
vt 0.247297 1.104593 0.000000
vt 0.298074 1.116127 0.000000
vt 0.350000 1.120000 0.000000
vt -0.450000 -0.196350 0.000000
vt 0.150000 -0.196350 0.000000
vt -0.450000 -0.151883 0.000000
vt 0.150000 -0.147262 0.000000
vt -0.450000 -0.107416 0.000000
vt 0.150000 -0.098175 0.000000
vt -0.450000 -0.062950 0.000000
vt 0.150000 -0.049087 0.000000
vt -0.450000 -0.018483 0.000000
vt 0.150000 0.000000 0.000000
vt -0.450000 0.025984 0.000000
vt 0.150000 0.049087 0.000000
vt -0.450000 0.070450 0.000000
vt 0.150000 0.098175 0.000000
vt -0.450000 0.114917 0.000000
vt 0.150000 0.147262 0.000000
vt -0.452388 0.156381 0.000000
vt 0.150000 0.196350 0.000000
vt -0.459265 0.196350 0.000000
vt -0.609265 0.850000 0.000000
vt -0.000000 0.850000 0.000000
vt -0.624905 0.899666 0.000000
vt -0.647740 0.946462 0.000000
vt -0.000000 1.120000 0.000000
vt -0.677265 0.989353 0.000000
vt -0.712826 1.027388 0.000000
vt -0.753637 1.059727 0.000000
vt -0.798794 1.085653 0.000000
vt -0.847297 1.104593 0.000000
vt -0.898074 1.116127 0.000000
vt -0.950000 1.120000 0.000000
vt -0.040000 -0.038877 0.000000
vt 0.460000 -0.038877 0.000000
vt -0.040000 -0.012959 0.000000
vt 0.460000 -0.012959 0.000000
vt -0.040000 0.012959 0.000000
vt 0.460000 0.012959 0.000000
vt -0.040000 0.038877 0.000000
vt 0.460000 0.038877 0.000000
vt -0.078121 -0.005523 0.000000
vt -0.078121 -0.011044 0.000000
vt -0.058554 -0.006792 0.000000
vt -0.058590 -0.011045 0.000000
vt -0.052080 -0.006792 0.000000
vt -0.039060 -0.011045 0.000000
vt -0.032514 -0.006792 0.000000
vt -0.019530 -0.011045 0.000000
vt -0.012948 -0.006792 0.000000
vt -0.000000 -0.011155 0.000000
vt -0.000000 -0.005523 0.000000
vt -0.000000 0.000000 0.000000
vt -0.026040 0.000000 0.000000
vt -0.052080 0.000000 0.000000
vt -0.078121 0.000000 0.000000
vt 0.059008 -0.002711 0.000000
vt 0.032714 -0.020484 0.000000
vt 0.056341 -0.033004 0.000000
vt 0.032714 -0.045451 0.000000
vt 0.034365 -0.048073 0.000000
vt 0.011742 -0.060842 0.000000
vt 0.006421 -0.045451 0.000000
vt -0.011072 -0.072922 0.000000
vt -0.019873 -0.045451 0.000000
vt -0.019873 -0.070419 0.000000
vt -0.046166 -0.045451 0.000000
vt -0.046166 -0.070419 0.000000
vt -0.072460 -0.045451 0.000000
vt -0.072460 -0.070419 0.000000
vt -0.098753 -0.046146 0.000000
vt -0.091067 -0.088664 0.000000
vt 0.032714 0.004483 0.000000
vt 0.057133 0.027744 0.000000
vt 0.032714 0.029450 0.000000
vt 0.050998 0.056659 0.000000
vt 0.032714 0.054418 0.000000
vt 0.032714 0.079385 0.000000
vt 0.006421 0.079385 0.000000
vt 0.029328 0.107128 0.000000
vt 0.006421 0.104352 0.000000
vt 0.015691 0.129319 0.000000
vt -0.006113 0.115545 0.000000
vt 0.041403 0.083112 0.000000
vt -0.019873 0.104352 0.000000
vt -0.027791 0.101386 0.000000
vt -0.019873 0.079385 0.000000
vt -0.046166 0.079385 0.000000
vt -0.019873 0.054418 0.000000
vt -0.046166 0.054418 0.000000
vt -0.019873 0.029450 0.000000
vt -0.046166 0.029450 0.000000
vt -0.019873 0.004483 0.000000
vt -0.046166 0.004483 0.000000
vt -0.019873 -0.020484 0.000000
vt -0.046166 -0.020484 0.000000
vt -0.048833 0.085325 0.000000
vt -0.068458 0.065239 0.000000
vt -0.072460 0.054418 0.000000
vt -0.072460 0.029450 0.000000
vt -0.072460 0.004483 0.000000
vt -0.072460 -0.020484 0.000000
vt -0.085228 0.037930 0.000000
vt -0.096483 -0.000000 0.000000
vt -0.072460 -0.095386 0.000000
vt -0.076310 -0.120353 0.000000
vt -0.055711 -0.100622 0.000000
vt -0.033707 -0.085650 0.000000
vt 0.006421 -0.020484 0.000000
vt 0.006421 0.004483 0.000000
vt 0.006421 0.029450 0.000000
vt 0.006421 0.054418 0.000000
vt -0.034365 -0.048073 0.000000
vt -0.032714 -0.045451 0.000000
vt -0.056341 -0.033004 0.000000
vt -0.032714 -0.020484 0.000000
vt -0.059008 -0.002711 0.000000
vt -0.032714 0.004483 0.000000
vt -0.057133 0.027744 0.000000
vt -0.032714 0.029450 0.000000
vt -0.050998 0.056659 0.000000
vt -0.032714 0.054418 0.000000
vt -0.032714 0.079385 0.000000
vt -0.006421 0.054418 0.000000
vt -0.006421 0.079385 0.000000
vt 0.019873 0.054418 0.000000
vt 0.019873 0.079385 0.000000
vt 0.046166 0.054418 0.000000
vt 0.046166 0.079385 0.000000
vt 0.068458 0.065239 0.000000
vt 0.048833 0.085325 0.000000
vt -0.011742 -0.060842 0.000000
vt -0.006421 -0.045451 0.000000
vt -0.006421 -0.020484 0.000000
vt -0.006421 0.004483 0.000000
vt -0.006421 0.029450 0.000000
vt 0.011072 -0.072922 0.000000
vt 0.019873 -0.045451 0.000000
vt 0.019873 -0.020484 0.000000
vt 0.019873 0.004483 0.000000
vt 0.019873 0.029450 0.000000
vt 0.019873 -0.070419 0.000000
vt 0.033707 -0.085650 0.000000
vt 0.046166 -0.070419 0.000000
vt 0.055711 -0.100622 0.000000
vt 0.072460 -0.095386 0.000000
vt 0.076310 -0.120353 0.000000
vt 0.091067 -0.088664 0.000000
vt 0.072460 -0.070419 0.000000
vt 0.098753 -0.046146 0.000000
vt 0.072460 -0.045451 0.000000
vt 0.072460 -0.020484 0.000000
vt 0.046166 -0.020484 0.000000
vt 0.046166 0.004483 0.000000
vt 0.096483 -0.000000 0.000000
vt 0.072460 0.004483 0.000000
vt 0.046166 0.029450 0.000000
vt 0.085228 0.037930 0.000000
vt 0.072460 0.029450 0.000000
vt 0.072460 0.054418 0.000000
vt 0.027791 0.101386 0.000000
vt 0.019873 0.104352 0.000000
vt 0.006113 0.115545 0.000000
vt -0.006421 0.104352 0.000000
vt -0.015691 0.129319 0.000000
vt -0.029328 0.107128 0.000000
vt -0.041403 0.083112 0.000000
vt 0.046166 -0.045451 0.000000
vt 0.034365 0.048073 0.000000
vt 0.032714 0.045451 0.000000
vt 0.056341 0.033004 0.000000
vt 0.032714 0.020484 0.000000
vt 0.059008 0.002711 0.000000
vt 0.032714 -0.004483 0.000000
vt 0.057133 -0.027744 0.000000
vt 0.032714 -0.029450 0.000000
vt 0.050998 -0.056659 0.000000
vt 0.032714 -0.054418 0.000000
vt 0.032714 -0.079385 0.000000
vt 0.006421 -0.054418 0.000000
vt 0.006421 -0.079385 0.000000
vt -0.019873 -0.054418 0.000000
vt -0.019873 -0.079385 0.000000
vt -0.046166 -0.054418 0.000000
vt -0.046166 -0.079385 0.000000
vt -0.068458 -0.065239 0.000000
vt -0.048833 -0.085325 0.000000
vt 0.011742 0.060842 0.000000
vt 0.006421 0.045451 0.000000
vt 0.006421 0.020484 0.000000
vt 0.006421 -0.004483 0.000000
vt 0.006421 -0.029450 0.000000
vt -0.011072 0.072922 0.000000
vt -0.019873 0.045451 0.000000
vt -0.019873 0.020484 0.000000
vt -0.019873 -0.004483 0.000000
vt -0.019873 -0.029450 0.000000
vt -0.019873 0.070419 0.000000
vt -0.033707 0.085650 0.000000
vt -0.046166 0.070419 0.000000
vt -0.055711 0.100622 0.000000
vt -0.072460 0.070419 0.000000
vt -0.072460 0.095386 0.000000
vt -0.091067 0.088664 0.000000
vt -0.076310 0.120353 0.000000
vt -0.098753 0.046146 0.000000
vt -0.072460 0.045451 0.000000
vt -0.046166 0.045451 0.000000
vt -0.046166 0.020484 0.000000
vt -0.072460 0.020484 0.000000
vt -0.096483 0.000000 0.000000
vt -0.072460 -0.004483 0.000000
vt -0.085228 -0.037930 0.000000
vt -0.072460 -0.029450 0.000000
vt -0.072460 -0.054418 0.000000
vt -0.027791 -0.101386 0.000000
vt -0.019873 -0.104352 0.000000
vt -0.006113 -0.115545 0.000000
vt 0.006421 -0.104352 0.000000
vt 0.015691 -0.129319 0.000000
vt 0.029328 -0.107128 0.000000
vt 0.041403 -0.083112 0.000000
vt -0.046166 -0.004483 0.000000
vt -0.046166 -0.029450 0.000000
vt -1.501000 0.090713 0.000000
vt -0.997857 0.090713 0.000000
vt -1.501000 0.116632 0.000000
vt -0.494714 0.090713 0.000000
vt 0.008429 0.090713 0.000000
vt 0.008429 0.064795 0.000000
vt 0.511571 0.064795 0.000000
vt 0.511571 0.038877 0.000000
vt 1.014714 0.038877 0.000000
vt 1.014714 0.012959 0.000000
vt 1.517857 0.012959 0.000000
vt 1.517857 -0.012959 0.000000
vt 2.021000 -0.012959 0.000000
vt 2.021000 -0.038877 0.000000
vt 1.517857 -0.038877 0.000000
vt 2.021000 -0.064795 0.000000
vt 1.517857 -0.064795 0.000000
vt 2.021000 -0.090713 0.000000
vt 1.517857 -0.090713 0.000000
vt 2.021000 -0.116632 0.000000
vt 1.014714 -0.090713 0.000000
vt 0.511571 -0.090713 0.000000
vt 0.511571 -0.064795 0.000000
vt 0.008429 -0.064795 0.000000
vt 0.008429 -0.038877 0.000000
vt -0.494714 -0.038877 0.000000
vt -0.494714 -0.012959 0.000000
vt -0.997857 -0.012959 0.000000
vt -0.997857 0.012959 0.000000
vt -1.501000 0.012959 0.000000
vt -1.501000 0.038877 0.000000
vt -0.997857 0.038877 0.000000
vt -1.501000 0.064795 0.000000
vt -0.997857 0.064795 0.000000
vt -1.501000 -0.012959 0.000000
vt -0.997857 -0.038877 0.000000
vt -0.494714 -0.064795 0.000000
vt 0.008429 -0.090713 0.000000
vt -1.501000 -0.038877 0.000000
vt -0.997857 -0.064795 0.000000
vt -0.494714 -0.090713 0.000000
vt -1.501000 -0.116632 0.000000
vt -1.501000 -0.064795 0.000000
vt -0.997857 -0.090713 0.000000
vt -1.501000 -0.090713 0.000000
vt 2.021000 0.012959 0.000000
vt 1.517857 0.038877 0.000000
vt 1.014714 0.064795 0.000000
vt 0.511571 0.090713 0.000000
vt 2.021000 0.038877 0.000000
vt 1.517857 0.064795 0.000000
vt 1.014714 0.090713 0.000000
vt 2.021000 0.116632 0.000000
vt 2.021000 0.064795 0.000000
vt 1.517857 0.090713 0.000000
vt 2.021000 0.090713 0.000000
vt -0.494714 0.064795 0.000000
vt -0.494714 0.038877 0.000000
vt -0.494714 0.012959 0.000000
vt 0.008429 0.038877 0.000000
vt 0.511571 0.012959 0.000000
vt 1.014714 -0.012959 0.000000
vt 0.008429 0.012959 0.000000
vt 0.008429 -0.012959 0.000000
vt 0.511571 -0.012959 0.000000
vt 1.014714 -0.038877 0.000000
vt 0.511571 -0.038877 0.000000
vt 1.014714 -0.064795 0.000000
vt -0.059008 0.002711 0.000000
vt -0.032714 0.020484 0.000000
vt -0.056341 0.033004 0.000000
vt -0.032714 0.045451 0.000000
vt -0.034365 0.048073 0.000000
vt -0.011742 0.060842 0.000000
vt -0.006421 0.045451 0.000000
vt 0.011072 0.072922 0.000000
vt 0.019873 0.045451 0.000000
vt 0.019873 0.070419 0.000000
vt 0.046166 0.045451 0.000000
vt 0.046166 0.070419 0.000000
vt 0.072460 0.045451 0.000000
vt 0.072460 0.070419 0.000000
vt 0.098753 0.046146 0.000000
vt 0.091067 0.088664 0.000000
vt -0.032714 -0.004483 0.000000
vt -0.057133 -0.027744 0.000000
vt -0.032714 -0.029450 0.000000
vt -0.050998 -0.056659 0.000000
vt -0.032714 -0.054418 0.000000
vt -0.032714 -0.079385 0.000000
vt -0.006421 -0.079385 0.000000
vt -0.006421 -0.104352 0.000000
vt 0.019873 -0.104352 0.000000
vt 0.006113 -0.115545 0.000000
vt 0.027791 -0.101386 0.000000
vt -0.041403 -0.083112 0.000000
vt -0.029328 -0.107128 0.000000
vt -0.015691 -0.129319 0.000000
vt 0.048833 -0.085325 0.000000
vt 0.046166 -0.079385 0.000000
vt 0.019873 -0.079385 0.000000
vt 0.068458 -0.065239 0.000000
vt 0.046166 -0.054418 0.000000
vt 0.019873 -0.054418 0.000000
vt 0.019873 -0.029450 0.000000
vt -0.006421 -0.029450 0.000000
vt -0.006421 -0.004483 0.000000
vt 0.072460 -0.054418 0.000000
vt 0.085228 -0.037930 0.000000
vt 0.072460 -0.029450 0.000000
vt 0.096483 -0.000000 0.000000
vt 0.072460 -0.004483 0.000000
vt 0.072460 0.020484 0.000000
vt 0.046166 0.020484 0.000000
vt 0.072460 0.095386 0.000000
vt 0.076310 0.120353 0.000000
vt 0.055711 0.100622 0.000000
vt 0.033707 0.085650 0.000000
vt -0.006421 0.020484 0.000000
vt 0.019873 0.020484 0.000000
vt 0.019873 -0.004483 0.000000
vt 0.046166 -0.004483 0.000000
vt 0.046166 -0.029450 0.000000
vt -0.006421 -0.054418 0.000000
vt -2.021000 0.090713 0.000000
vt -1.517857 0.090713 0.000000
vt -2.021000 0.116632 0.000000
vt -1.014714 0.090713 0.000000
vt -0.511571 0.090713 0.000000
vt -0.511571 0.064795 0.000000
vt -0.008429 0.064795 0.000000
vt -0.008429 0.038877 0.000000
vt 0.494714 0.038877 0.000000
vt 0.494714 0.012959 0.000000
vt 0.997857 0.012959 0.000000
vt 0.997857 -0.012959 0.000000
vt 1.501000 -0.012959 0.000000
vt 1.501000 -0.038877 0.000000
vt 0.997857 -0.038877 0.000000
vt 1.501000 -0.064795 0.000000
vt 0.997857 -0.064795 0.000000
vt 1.501000 -0.090713 0.000000
vt 0.997857 -0.090713 0.000000
vt 1.501000 -0.116632 0.000000
vt 0.494714 -0.090713 0.000000
vt -0.008429 -0.090713 0.000000
vt -0.008429 -0.064795 0.000000
vt -0.511571 -0.064795 0.000000
vt -0.511571 -0.038877 0.000000
vt -1.014714 -0.038877 0.000000
vt -1.014714 -0.012959 0.000000
vt -1.517857 -0.012959 0.000000
vt -1.517857 0.012959 0.000000
vt -2.021000 0.012959 0.000000
vt -2.021000 0.038877 0.000000
vt -1.517857 0.038877 0.000000
vt -2.021000 0.064795 0.000000
vt -1.517857 0.064795 0.000000
vt -2.021000 -0.012959 0.000000
vt -1.517857 -0.038877 0.000000
vt -1.014714 -0.064795 0.000000
vt -0.511571 -0.090713 0.000000
vt -2.021000 -0.038877 0.000000
vt -1.517857 -0.064795 0.000000
vt -1.014714 -0.090713 0.000000
vt -2.021000 -0.116632 0.000000
vt -2.021000 -0.064795 0.000000
vt -1.517857 -0.090713 0.000000
vt -2.021000 -0.090713 0.000000
vt 1.501000 0.012959 0.000000
vt 0.997857 0.038877 0.000000
vt 0.494714 0.064795 0.000000
vt -0.008429 0.090713 0.000000
vt 1.501000 0.038877 0.000000
vt 0.997857 0.064795 0.000000
vt 0.494714 0.090713 0.000000
vt 1.501000 0.116632 0.000000
vt 1.501000 0.064795 0.000000
vt 0.997857 0.090713 0.000000
vt 1.501000 0.090713 0.000000
vt -1.014714 0.064795 0.000000
vt -1.014714 0.038877 0.000000
vt -1.014714 0.012959 0.000000
vt -0.511571 0.038877 0.000000
vt -0.008429 0.012959 0.000000
vt 0.494714 -0.012959 0.000000
vt -0.511571 0.012959 0.000000
vt -0.511571 -0.012959 0.000000
vt -0.008429 -0.012959 0.000000
vt 0.494714 -0.038877 0.000000
vt -0.008429 -0.038877 0.000000
vt 0.494714 -0.064795 0.000000
vt 1.946814 0.051836 0.000000
vt 2.512971 0.051836 0.000000
vt 1.946814 0.077754 0.000000
vt 3.079128 0.051836 0.000000
vt 3.645285 0.077754 0.000000
vt 3.645285 0.051836 0.000000
vt 3.645285 0.025918 0.000000
vt 3.079128 0.025918 0.000000
vt 3.645285 0.000000 0.000000
vt 3.079128 0.000000 0.000000
vt 3.645285 -0.025918 0.000000
vt 3.079128 -0.025918 0.000000
vt 3.645285 -0.051836 0.000000
vt 3.079128 -0.051836 0.000000
vt 3.645285 -0.077754 0.000000
vt 2.512971 -0.051836 0.000000
vt 1.946814 -0.077754 0.000000
vt 1.946814 -0.051836 0.000000
vt 1.946814 -0.025918 0.000000
vt 2.512971 -0.025918 0.000000
vt 1.946814 0.000000 0.000000
vt 2.512971 0.000000 0.000000
vt 1.946814 0.025918 0.000000
vt 2.512971 0.025918 0.000000
vt -2.449126 0.051836 0.000000
vt -1.921502 0.051836 0.000000
vt -2.449126 0.077754 0.000000
vt -1.393879 0.051836 0.000000
vt -0.866256 0.051836 0.000000
vt -0.866256 0.025918 0.000000
vt -0.338633 0.025918 0.000000
vt -0.338633 0.000000 0.000000
vt 0.188990 0.000000 0.000000
vt 0.188990 -0.025918 0.000000
vt 0.716614 -0.025918 0.000000
vt 0.716614 -0.051836 0.000000
vt 1.244237 -0.051836 0.000000
vt 3.354730 -0.077754 0.000000
vt 1.771860 -0.051836 0.000000
vt 2.299483 -0.051836 0.000000
vt 1.771860 -0.025918 0.000000
vt 2.299483 -0.025918 0.000000
vt 1.771860 0.000000 0.000000
vt 2.299483 0.000000 0.000000
vt 1.771860 0.025918 0.000000
vt 2.299483 0.025918 0.000000
vt 1.771860 0.051836 0.000000
vt 2.299483 0.051836 0.000000
vt 3.354730 0.077754 0.000000
vt 2.827106 0.051836 0.000000
vt 3.354730 0.051836 0.000000
vt 3.354730 0.025918 0.000000
vt 2.827106 0.025918 0.000000
vt 3.354730 0.000000 0.000000
vt 2.827106 0.000000 0.000000
vt 3.354730 -0.025918 0.000000
vt 2.827106 -0.025918 0.000000
vt 3.354730 -0.051836 0.000000
vt 2.827106 -0.051836 0.000000
vt -1.921502 0.025918 0.000000
vt -2.449126 0.025918 0.000000
vt -1.921502 0.000000 0.000000
vt -2.449126 0.000000 0.000000
vt -1.921502 -0.025918 0.000000
vt -2.449126 -0.025918 0.000000
vt -1.921502 -0.051836 0.000000
vt -2.449126 -0.051836 0.000000
vt -2.449126 -0.077754 0.000000
vt 0.188990 -0.051836 0.000000
vt -0.338633 -0.051836 0.000000
vt -0.866256 -0.051836 0.000000
vt -0.866256 -0.025918 0.000000
vt -1.393879 -0.025918 0.000000
vt -1.393879 0.000000 0.000000
vt 0.716614 0.051836 0.000000
vt 1.244237 0.051836 0.000000
vt -1.393879 0.025918 0.000000
vt -0.338633 0.051836 0.000000
vt 0.188990 0.051836 0.000000
vt 0.716614 0.025918 0.000000
vt 1.244237 0.025918 0.000000
vt 1.244237 0.000000 0.000000
vt 0.188990 0.025918 0.000000
vt -0.866256 0.000000 0.000000
vt -0.338633 -0.025918 0.000000
vt 0.716614 0.000000 0.000000
vt 1.244237 -0.025918 0.000000
vt -1.393879 -0.051836 0.000000
vt -0.512317 -0.051836 0.000000
vt -1.078474 -0.051836 0.000000
vt -0.512317 -0.077754 0.000000
vt -1.644631 -0.051836 0.000000
vt -2.210788 -0.077754 0.000000
vt -2.210788 -0.051836 0.000000
vt -2.210788 -0.025918 0.000000
vt -1.644631 -0.025918 0.000000
vt -2.210788 0.000000 0.000000
vt -1.644631 0.000000 0.000000
vt -2.210788 0.025918 0.000000
vt -1.644631 0.025918 0.000000
vt -2.210788 0.051836 0.000000
vt -1.644631 0.051836 0.000000
vt -2.210788 0.077754 0.000000
vt -1.078474 0.051836 0.000000
vt -0.512317 0.077754 0.000000
vt -0.512317 0.051836 0.000000
vt -0.512317 0.025918 0.000000
vt -1.078474 0.025918 0.000000
vt -0.512317 0.000000 0.000000
vt -1.078474 0.000000 0.000000
vt -0.512317 -0.025918 0.000000
vt -1.078474 -0.025918 0.000000
vt -3.354730 0.051836 0.000000
vt -2.827106 0.051836 0.000000
vt -3.354730 0.077754 0.000000
vt -2.299483 0.051836 0.000000
vt -1.771860 0.051836 0.000000
vt -1.771860 0.025918 0.000000
vt -1.244237 0.025918 0.000000
vt -1.244237 0.000000 0.000000
vt -0.716614 0.000000 0.000000
vt -0.716614 -0.025918 0.000000
vt -0.188990 -0.025918 0.000000
vt -0.188990 -0.051836 0.000000
vt 0.338633 -0.051836 0.000000
vt 2.449126 -0.077754 0.000000
vt 0.866256 -0.051836 0.000000
vt 1.393879 -0.051836 0.000000
vt 0.866256 -0.025918 0.000000
vt 1.393879 -0.025918 0.000000
vt 0.866256 0.000000 0.000000
vt 1.393879 0.000000 0.000000
vt 0.866256 0.025918 0.000000
vt 1.393879 0.025918 0.000000
vt 0.866256 0.051836 0.000000
vt 1.393879 0.051836 0.000000
vt 2.449126 0.077754 0.000000
vt 1.921502 0.051836 0.000000
vt 2.449126 0.051836 0.000000
vt 2.449126 0.025918 0.000000
vt 1.921502 0.025918 0.000000
vt 2.449126 0.000000 0.000000
vt 1.921502 0.000000 0.000000
vt 2.449126 -0.025918 0.000000
vt 1.921502 -0.025918 0.000000
vt 2.449126 -0.051836 0.000000
vt 1.921502 -0.051836 0.000000
vt -2.827106 0.025918 0.000000
vt -3.354730 0.025918 0.000000
vt -2.827106 0.000000 0.000000
vt -3.354730 0.000000 0.000000
vt -2.827106 -0.025918 0.000000
vt -3.354730 -0.025918 0.000000
vt -2.827106 -0.051836 0.000000
vt -3.354730 -0.051836 0.000000
vt -3.354730 -0.077754 0.000000
vt -0.716614 -0.051836 0.000000
vt -1.244237 -0.051836 0.000000
vt -1.771860 -0.051836 0.000000
vt -1.771860 -0.025918 0.000000
vt -2.299483 -0.025918 0.000000
vt -2.299483 0.000000 0.000000
vt -0.188990 0.051836 0.000000
vt 0.338633 0.051836 0.000000
vt -2.299483 0.025918 0.000000
vt -1.244237 0.051836 0.000000
vt -0.716614 0.051836 0.000000
vt -0.188990 0.025918 0.000000
vt 0.338633 0.025918 0.000000
vt 0.338633 0.000000 0.000000
vt -0.716614 0.025918 0.000000
vt -1.771860 0.000000 0.000000
vt -1.244237 -0.025918 0.000000
vt -0.188990 0.000000 0.000000
vt 0.338633 -0.025918 0.000000
vt -2.299483 -0.051836 0.000000
vt 0.557660 0.077754 0.000000
vt -3.645285 0.077754 0.000000
vt 0.557184 0.068035 0.000000
vt -1.543812 0.051836 0.000000
vt -1.018444 0.051836 0.000000
vt -1.018444 0.025918 0.000000
vt -0.493076 0.025918 0.000000
vt -0.493076 -0.000000 0.000000
vt 0.032292 -0.000000 0.000000
vt 0.032292 -0.025918 0.000000
vt 0.513662 -0.019439 0.000000
vt 0.496546 -0.038877 0.000000
vt 0.032292 -0.051836 0.000000
vt 0.477974 -0.058316 0.000000
vt 0.458660 -0.077754 0.000000
vt -0.493076 -0.051836 0.000000
vt -1.018444 -0.051836 0.000000
vt -1.018444 -0.025918 0.000000
vt -1.543812 -0.025918 0.000000
vt -1.543812 0.000000 0.000000
vt -2.069181 0.000000 0.000000
vt -2.069181 0.025918 0.000000
vt -2.594549 0.025918 0.000000
vt -2.594549 0.051836 0.000000
vt -3.119917 0.051836 0.000000
vt -3.645285 0.051836 0.000000
vt -3.119917 0.025918 0.000000
vt -3.645285 0.025918 0.000000
vt -3.119917 0.000000 0.000000
vt -3.645285 0.000000 0.000000
vt -3.119917 -0.025918 0.000000
vt -3.645285 -0.025918 0.000000
vt -3.119917 -0.051836 0.000000
vt -3.645285 -0.051836 0.000000
vt -3.645285 -0.077754 0.000000
vt -1.543812 -0.051836 0.000000
vt -2.069181 -0.051836 0.000000
vt -2.594549 -0.051836 0.000000
vt -2.594549 -0.025918 0.000000
vt 0.528664 -0.000000 0.000000
vt 0.540976 0.019439 0.000000
vt 0.032292 0.025918 0.000000
vt 0.550124 0.038877 0.000000
vt 0.032292 0.051836 0.000000
vt 0.555758 0.058316 0.000000
vt -2.069181 0.051836 0.000000
vt -1.543812 0.025918 0.000000
vt -0.493076 0.051836 0.000000
vt -2.594549 0.000000 0.000000
vt -1.018444 0.000000 0.000000
vt -0.493076 -0.025918 0.000000
vt -2.069181 -0.025918 0.000000
vt -1.893157 -0.077754 0.000000
vt 2.210788 -0.077754 0.000000
vt -1.912471 -0.058316 0.000000
vt -0.416053 -0.051836 0.000000
vt -0.941421 -0.051836 0.000000
vt -0.941421 -0.025918 0.000000
vt -1.466789 -0.025918 0.000000
vt -1.466789 -0.000000 0.000000
vt -1.948158 -0.019439 0.000000
vt -1.963161 -0.000000 0.000000
vt -1.975473 0.019439 0.000000
vt -1.466789 0.025918 0.000000
vt -1.984621 0.038877 0.000000
vt -1.466789 0.051836 0.000000
vt -1.990255 0.058316 0.000000
vt -1.991680 0.068035 0.000000
vt -1.992157 0.077754 0.000000
vt -0.941421 0.051836 0.000000
vt -0.416053 0.051836 0.000000
vt -0.416053 0.025918 0.000000
vt 0.109316 0.025918 0.000000
vt 0.109316 0.000000 0.000000
vt 0.634684 0.000000 0.000000
vt 0.634684 -0.025918 0.000000
vt 1.160052 -0.025918 0.000000
vt 1.160052 -0.051836 0.000000
vt 1.685420 -0.051836 0.000000
vt 2.210788 -0.051836 0.000000
vt 1.685420 -0.025918 0.000000
vt 2.210788 -0.025918 0.000000
vt 1.685420 0.000000 0.000000
vt 2.210788 0.000000 0.000000
vt 1.685420 0.025918 0.000000
vt 2.210788 0.025918 0.000000
vt 1.685420 0.051836 0.000000
vt 2.210788 0.051836 0.000000
vt 2.210788 0.077754 0.000000
vt 0.109316 0.051836 0.000000
vt 0.634684 0.051836 0.000000
vt 1.160052 0.051836 0.000000
vt 1.160052 0.025918 0.000000
vt -1.931043 -0.038877 0.000000
vt -1.466789 -0.051836 0.000000
vt 0.634684 -0.051836 0.000000
vt 0.109316 -0.051836 0.000000
vt -0.416053 -0.025918 0.000000
vt -0.941421 0.000000 0.000000
vt 0.109316 -0.025918 0.000000
vt 1.160052 0.000000 0.000000
vt -0.416053 0.000000 0.000000
vt 0.634684 0.025918 0.000000
vt -0.941421 0.025918 0.000000
vt -0.149601 -0.012303 0.000000
vt -0.130901 -0.012303 0.000000
vt -0.149601 0.000000 0.000000
vt -0.130708 -0.006152 0.000000
vt -0.124671 -0.000000 0.000000
vt -0.111814 -0.006152 0.000000
vt -0.099734 0.000000 0.000000
vt -0.099734 -0.006152 0.000000
vt -0.080841 -0.006152 0.000000
vt -0.093501 -0.012303 0.000000
vt -0.074800 -0.012303 0.000000
vt -0.112201 -0.012303 0.000000
vt -0.061947 -0.006152 0.000000
vt -0.056100 -0.012303 0.000000
vt -0.043054 -0.006152 0.000000
vt -0.037400 -0.012303 0.000000
vt -0.018700 -0.012303 0.000000
vt -0.024161 -0.006152 0.000000
vt -0.000000 -0.012303 0.000000
vt -0.000000 -0.006152 0.000000
vt -0.000000 0.000000 0.000000
vt -0.024930 -0.000000 0.000000
vt -0.049867 0.000000 0.000000
vt -0.074800 -0.000000 0.000000
vt -0.149601 0.004060 0.000000
vt -0.130901 0.004060 0.000000
vt -0.149601 0.010211 0.000000
vt -0.130709 0.010211 0.000000
vt -0.149601 0.016363 0.000000
vt -0.124671 0.016363 0.000000
vt -0.111816 0.010211 0.000000
vt -0.099734 0.016363 0.000000
vt -0.099734 0.010211 0.000000
vt -0.080842 0.010211 0.000000
vt -0.093501 0.004060 0.000000
vt -0.074800 0.004060 0.000000
vt -0.112201 0.004060 0.000000
vt -0.061949 0.010211 0.000000
vt -0.056100 0.004060 0.000000
vt -0.043057 0.010211 0.000000
vt -0.037400 0.004060 0.000000
vt -0.024164 0.010211 0.000000
vt -0.018700 0.004060 0.000000
vt -0.000000 0.016363 0.000000
vt -0.000000 0.004060 0.000000
vt -0.024930 0.016363 0.000000
vt -0.049867 0.016363 0.000000
vt -0.074800 0.016363 0.000000
vt 0.040000 0.038877 0.000000
vt -0.460000 0.038877 0.000000
vt 0.040000 0.012959 0.000000
vt -0.460000 0.012959 0.000000
vt 0.040000 -0.012959 0.000000
vt -0.460000 -0.012959 0.000000
vt 0.040000 -0.038877 0.000000
vt -0.460000 -0.038877 0.000000
vt -0.078121 0.008039 0.000000
vt -0.078121 0.002407 0.000000
vt -0.058564 0.006770 0.000000
vt -0.058590 0.002516 0.000000
vt -0.052080 0.006770 0.000000
vt -0.039060 0.002516 0.000000
vt -0.032524 0.006770 0.000000
vt -0.019530 0.002516 0.000000
vt -0.012967 0.006770 0.000000
vt -0.000000 0.002517 0.000000
vt -0.000000 0.008039 0.000000
vt -0.000000 0.013562 0.000000
vt -0.026040 0.013562 0.000000
vt -0.052080 0.013562 0.000000
vt -0.078121 0.013562 0.000000
vt -0.053450 0.000000 0.000000
vt -0.065504 0.007326 0.000000
vt -0.080152 0.000000 0.000000
vt -0.075843 0.007326 0.000000
vt -0.086183 0.007326 0.000000
vt -0.086183 0.015086 0.000000
vt -0.096522 0.015086 0.000000
vt -0.096522 0.018966 0.000000
vt -0.106861 0.018966 0.000000
vt -0.026759 0.000000 0.000000
vt -0.036055 0.007326 0.000000
vt -0.050780 0.007326 0.000000
vt -0.065504 0.015086 0.000000
vt -0.075843 0.015086 0.000000
vt -0.075843 0.018966 0.000000
vt -0.086183 0.018966 0.000000
vt -0.086183 0.022846 0.000000
vt -0.096522 0.022846 0.000000
vt -0.096522 0.030625 0.000000
vt -0.106861 0.030625 0.000000
vt -0.000000 0.000000 0.000000
vt -0.011230 0.007326 0.000000
vt -0.023643 0.007326 0.000000
vt -0.036055 0.015086 0.000000
vt -0.050780 0.015086 0.000000
vt -0.050780 0.018966 0.000000
vt -0.065504 0.018966 0.000000
vt -0.065504 0.022846 0.000000
vt -0.075843 0.022846 0.000000
vt -0.075843 0.030625 0.000000
vt -0.086183 0.030625 0.000000
vt -0.086183 0.038404 0.000000
vt -0.096522 0.038404 0.000000
vt -0.096522 0.053057 0.000000
vt -0.106861 0.053057 0.000000
vt -0.000000 0.008464 0.000000
vt -0.011230 0.015086 0.000000
vt -0.023643 0.015086 0.000000
vt -0.023643 0.018966 0.000000
vt -0.036055 0.018966 0.000000
vt -0.036055 0.022846 0.000000
vt -0.050780 0.022846 0.000000
vt -0.050780 0.030625 0.000000
vt -0.065504 0.030625 0.000000
vt -0.065504 0.038404 0.000000
vt -0.075843 0.038404 0.000000
vt -0.075843 0.053057 0.000000
vt -0.086183 0.053057 0.000000
vt -0.080144 0.067710 0.000000
vt -0.093499 0.067710 0.000000
vt -0.000000 0.016928 0.000000
vt -0.011230 0.018966 0.000000
vt -0.023643 0.022846 0.000000
vt -0.036055 0.030625 0.000000
vt -0.050780 0.038404 0.000000
vt -0.065504 0.053057 0.000000
vt -0.066793 0.067710 0.000000
vt -0.011230 0.022846 0.000000
vt -0.000000 0.025391 0.000000
vt -0.011230 0.030625 0.000000
vt -0.000000 0.033855 0.000000
vt -0.011230 0.038404 0.000000
vt -0.000000 0.042319 0.000000
vt -0.011230 0.053057 0.000000
vt -0.000000 0.050783 0.000000
vt -0.000000 0.059246 0.000000
vt -0.000000 0.067710 0.000000
vt -0.013362 0.067710 0.000000
vt -0.023643 0.053057 0.000000
vt -0.026718 0.067710 0.000000
vt -0.036055 0.053057 0.000000
vt -0.040067 0.067710 0.000000
vt -0.053430 0.067710 0.000000
vt -0.050780 0.053057 0.000000
vt -0.106861 0.067710 0.000000
vt -0.106861 0.038404 0.000000
vt -0.106861 0.022846 0.000000
vt -0.106861 0.015086 0.000000
vt -0.096522 0.007326 0.000000
vt -0.106861 0.007326 0.000000
vt -0.023643 0.030625 0.000000
vt -0.036055 0.038404 0.000000
vt -0.023643 0.038404 0.000000
vt -0.080144 0.000000 0.000000
vt -0.086181 0.007646 0.000000
vt -0.093499 0.000000 0.000000
vt -0.096521 0.007646 0.000000
vt -0.106861 0.007646 0.000000
vt -0.075841 0.007646 0.000000
vt -0.066793 0.000000 0.000000
vt -0.065501 0.007646 0.000000
vt -0.053430 0.000000 0.000000
vt -0.050778 0.007646 0.000000
vt -0.040067 0.000000 0.000000
vt -0.036055 0.007646 0.000000
vt -0.026718 0.000000 0.000000
vt -0.023642 0.007646 0.000000
vt -0.013362 0.000000 0.000000
vt -0.011229 0.007646 0.000000
vt -0.000000 0.000000 0.000000
vt -0.000000 0.008464 0.000000
vt -0.011229 0.011446 0.000000
vt -0.000000 0.016928 0.000000
vt -0.011229 0.015246 0.000000
vt -0.011229 0.022846 0.000000
vt -0.023642 0.022846 0.000000
vt -0.023642 0.031378 0.000000
vt -0.036055 0.031378 0.000000
vt -0.036055 0.039911 0.000000
vt -0.050778 0.039911 0.000000
vt -0.050778 0.053811 0.000000
vt -0.065501 0.053811 0.000000
vt -0.053450 0.067711 0.000000
vt -0.080152 0.067711 0.000000
vt -0.000000 0.025392 0.000000
vt -0.011229 0.031378 0.000000
vt -0.023642 0.039911 0.000000
vt -0.036055 0.053811 0.000000
vt -0.000000 0.033856 0.000000
vt -0.011229 0.039911 0.000000
vt -0.023642 0.053811 0.000000
vt -0.026759 0.067711 0.000000
vt -0.000000 0.042319 0.000000
vt -0.000000 0.050783 0.000000
vt -0.011229 0.053811 0.000000
vt -0.000000 0.059247 0.000000
vt -0.000000 0.067711 0.000000
vt -0.106861 0.067711 0.000000
vt -0.096521 0.053811 0.000000
vt -0.086181 0.053811 0.000000
vt -0.075841 0.053811 0.000000
vt -0.075841 0.039911 0.000000
vt -0.065501 0.039911 0.000000
vt -0.065501 0.031378 0.000000
vt -0.050778 0.031378 0.000000
vt -0.050778 0.022846 0.000000
vt -0.036055 0.022846 0.000000
vt -0.036055 0.015246 0.000000
vt -0.023642 0.015246 0.000000
vt -0.023642 0.011446 0.000000
vt -0.106861 0.053811 0.000000
vt -0.096521 0.039911 0.000000
vt -0.106861 0.039911 0.000000
vt -0.096521 0.031378 0.000000
vt -0.106861 0.031378 0.000000
vt -0.096521 0.022846 0.000000
vt -0.106861 0.022846 0.000000
vt -0.096521 0.015246 0.000000
vt -0.106861 0.015246 0.000000
vt -0.096521 0.011446 0.000000
vt -0.106861 0.011446 0.000000
vt -0.036055 0.011446 0.000000
vt -0.050778 0.011446 0.000000
vt -0.065501 0.011446 0.000000
vt -0.075841 0.011446 0.000000
vt -0.086181 0.011446 0.000000
vt -0.050778 0.015246 0.000000
vt -0.065501 0.015246 0.000000
vt -0.075841 0.015246 0.000000
vt -0.086181 0.015246 0.000000
vt -0.065501 0.022846 0.000000
vt -0.075841 0.022846 0.000000
vt -0.075841 0.031378 0.000000
vt -0.086181 0.022846 0.000000
vt -0.086181 0.031378 0.000000
vt -0.086181 0.039911 0.000000
vt 0.263633 -1.700927 0.000000
vt 1.464633 -2.901928 0.000000
vt 0.263633 -0.000000 0.000000
vt 1.464633 2.901928 0.000000
vt 0.263633 1.700927 0.000000
vt 0.154054 2.570413 0.000000
vt 0.143862 2.146163 0.000000
vt 0.163966 2.570394 0.000000
vt 0.143862 1.720931 0.000000
vt 0.163966 0.870467 0.000000
vt 0.143862 1.295699 0.000000
vt 0.143862 0.870467 0.000000
vt 0.123757 1.295699 0.000000
vt 0.123757 0.870467 0.000000
vt 0.103653 1.295699 0.000000
vt 0.103653 0.870467 0.000000
vt 0.083549 1.295699 0.000000
vt 0.083549 0.870467 0.000000
vt 0.062662 1.295699 0.000000
vt 0.062662 0.870467 0.000000
vt 0.041774 1.295699 0.000000
vt 0.041774 0.870467 0.000000
vt 0.020887 1.295699 0.000000
vt 0.020887 0.870467 0.000000
vt 0.000000 0.870467 0.000000
vt 0.020887 0.445235 0.000000
vt 0.009823 -0.830000 0.000000
vt 0.020887 0.232619 0.000000
vt 0.020887 0.020004 0.000000
vt 0.041774 0.020004 0.000000
vt 0.041774 -0.192612 0.000000
vt 0.062662 -0.192612 0.000000
vt 0.062662 -0.298920 0.000000
vt 0.083549 -0.298920 0.000000
vt 0.083549 -0.405228 0.000000
vt 0.103653 -0.405228 0.000000
vt 0.103653 -0.511536 0.000000
vt 0.123757 -0.511536 0.000000
vt 0.123757 -0.617844 0.000000
vt 0.143862 -0.617844 0.000000
vt 0.143862 -0.724152 0.000000
vt 0.154054 -0.829479 0.000000
vt 0.140865 -0.829543 0.000000
vt 0.123757 -0.724152 0.000000
vt 0.126267 -0.829562 0.000000
vt 0.111543 -0.829487 0.000000
vt 0.103653 -0.724152 0.000000
vt 0.096773 -0.829362 0.000000
vt 0.083549 -0.724152 0.000000
vt 0.081977 -0.829232 0.000000
vt 0.067178 -0.829140 0.000000
vt 0.062662 -0.724152 0.000000
vt 0.052412 -0.829132 0.000000
vt 0.041774 -0.724152 0.000000
vt 0.037693 -0.829251 0.000000
vt 0.020887 -0.724152 0.000000
vt 0.023101 -0.829543 0.000000
vt 0.020887 -0.617844 0.000000
vt 0.020887 -0.511536 0.000000
vt 0.041774 -0.617844 0.000000
vt 0.041774 -0.511536 0.000000
vt 0.062662 -0.617844 0.000000
vt 0.062662 -0.511536 0.000000
vt 0.083549 -0.617844 0.000000
vt 0.083549 -0.511536 0.000000
vt 0.103653 -0.617844 0.000000
vt 0.140865 2.570477 0.000000
vt 0.123757 2.146163 0.000000
vt 0.123757 1.720931 0.000000
vt 0.126268 2.570496 0.000000
vt 0.111546 2.570421 0.000000
vt 0.103653 2.146163 0.000000
vt 0.096777 2.570296 0.000000
vt 0.083549 2.146163 0.000000
vt 0.081977 2.570166 0.000000
vt 0.067182 2.570074 0.000000
vt 0.062662 2.146163 0.000000
vt 0.052414 2.570066 0.000000
vt 0.041774 2.146163 0.000000
vt 0.037694 2.570186 0.000000
vt 0.020887 2.146163 0.000000
vt 0.023101 2.570477 0.000000
vt 0.009823 2.570935 0.000000
vt 0.000000 2.571394 0.000000
vt 0.020887 1.720931 0.000000
vt 0.041774 1.720931 0.000000
vt 0.062662 1.720931 0.000000
vt 0.083549 1.720931 0.000000
vt 0.103653 1.720931 0.000000
vt 0.000000 -0.830460 0.000000
vt 0.163966 -0.829460 0.000000
vt 0.143862 -0.511536 0.000000
vt 0.123757 -0.405228 0.000000
vt 0.103653 -0.298920 0.000000
vt 0.083549 -0.192612 0.000000
vt 0.062662 0.020004 0.000000
vt 0.041774 0.232619 0.000000
vt 0.143862 0.020004 0.000000
vt 0.143862 -0.192612 0.000000
vt 0.143862 -0.298920 0.000000
vt 0.123757 -0.192612 0.000000
vt 0.123757 -0.298920 0.000000
vt 0.103653 -0.192612 0.000000
vt 0.020887 -0.405228 0.000000
vt 0.020887 -0.298920 0.000000
vt 0.041774 -0.405228 0.000000
vt 0.041774 -0.298920 0.000000
vt 0.062662 -0.405228 0.000000
vt 0.020887 -0.192612 0.000000
vt 0.143862 0.232619 0.000000
vt 0.143862 0.445235 0.000000
vt 0.041774 0.445235 0.000000
vt 0.062662 0.445235 0.000000
vt 0.062662 0.232619 0.000000
vt 0.083549 0.445235 0.000000
vt 0.083549 0.232619 0.000000
vt 0.083549 0.020004 0.000000
vt 0.103653 0.445235 0.000000
vt 0.103653 0.232619 0.000000
vt 0.103653 0.020004 0.000000
vt 0.123757 0.445235 0.000000
vt 0.123757 0.232619 0.000000
vt 0.123757 0.020004 0.000000
vt 0.143862 -0.405228 0.000000
vt 1.405578 -2.000000 0.000000
vt 3.807532 -3.021000 0.000000
vt 1.405578 -1.500000 0.000000
vt 3.807532 0.501000 0.000000
vt 1.405578 -0.900000 0.000000
vt 1.405578 -0.400000 0.000000
vt -1.996324 0.501000 0.000000
vt 0.405630 -0.400000 0.000000
vt 0.405630 -0.900000 0.000000
vt 0.405630 -1.500000 0.000000
vt 0.405630 -2.000000 0.000000
vt -1.996324 -3.021000 0.000000
vt -1.464633 2.901928 0.000000
vt -1.464633 -2.901928 0.000000
vt 1.437294 -0.000000 0.000000
vt 1.992157 0.077754 0.000000
vt 0.619054 0.077754 0.000000
vt 1.991680 0.068035 0.000000
vt 1.534456 0.051836 0.000000
vt 1.990255 0.058316 0.000000
vt 1.984621 0.038877 0.000000
vt 1.534456 0.025918 0.000000
vt 1.975473 0.019439 0.000000
vt 1.534456 0.000000 0.000000
vt 1.963161 0.000000 0.000000
vt 1.948158 -0.019439 0.000000
vt 1.534456 -0.025918 0.000000
vt 1.931043 -0.038877 0.000000
vt 1.534456 -0.051836 0.000000
vt 1.912471 -0.058316 0.000000
vt 1.893157 -0.077754 0.000000
vt 1.076755 -0.051836 0.000000
vt 0.619054 -0.077754 0.000000
vt 0.619054 -0.051836 0.000000
vt 0.619054 -0.025918 0.000000
vt 1.076755 -0.025918 0.000000
vt 0.619054 0.000000 0.000000
vt 1.076755 0.000000 0.000000
vt 0.619054 0.025918 0.000000
vt 1.076755 0.025918 0.000000
vt 0.619054 0.051836 0.000000
vt 1.076755 0.051836 0.000000
vt -0.000000 -0.008530 0.000000
vt -0.000000 0.000000 0.000000
vt -0.016719 -0.008298 0.000000
vt -0.023097 0.000000 0.000000
vt -0.033437 -0.008298 0.000000
vt -0.046155 0.000000 0.000000
vt -0.046536 -0.008298 0.000000
vt -0.059636 -0.008298 0.000000
vt -0.046536 -0.016596 0.000000
vt -0.059636 -0.016596 0.000000
vt -0.046536 -0.033191 0.000000
vt -0.059636 -0.033191 0.000000
vt -0.046536 -0.045018 0.000000
vt -0.059636 -0.045018 0.000000
vt -0.046536 -0.056844 0.000000
vt -0.059636 -0.056844 0.000000
vt -0.046536 -0.068671 0.000000
vt -0.059636 -0.068671 0.000000
vt -0.046536 -0.080498 0.000000
vt -0.059636 -0.080498 0.000000
vt -0.046536 -0.092324 0.000000
vt -0.059636 -0.092324 0.000000
vt -0.046536 -0.104151 0.000000
vt -0.059636 -0.104151 0.000000
vt -0.046536 -0.115978 0.000000
vt -0.059636 -0.115978 0.000000
vt -0.046536 -0.127804 0.000000
vt -0.059636 -0.127804 0.000000
vt -0.069115 -0.136494 0.000000
vt -0.072735 -0.127804 0.000000
vt -0.085834 -0.127804 0.000000
vt -0.085834 -0.115978 0.000000
vt -0.098933 -0.115978 0.000000
vt -0.098933 -0.104151 0.000000
vt -0.112032 -0.104151 0.000000
vt -0.112032 -0.092324 0.000000
vt -0.125131 -0.092324 0.000000
vt -0.125131 -0.080498 0.000000
vt -0.138230 -0.080498 0.000000
vt -0.138230 -0.068671 0.000000
vt -0.154902 -0.068671 0.000000
vt -0.154902 -0.056844 0.000000
vt -0.168013 -0.056844 0.000000
vt -0.168013 -0.045018 0.000000
vt -0.181123 -0.045018 0.000000
vt -0.181123 -0.033191 0.000000
vt -0.194234 -0.033191 0.000000
vt -0.194234 -0.016596 0.000000
vt -0.207345 -0.022750 0.000000
vt -0.194234 -0.008298 0.000000
vt -0.207345 0.000000 0.000000
vt -0.184291 0.000000 0.000000
vt -0.181123 -0.008298 0.000000
vt -0.168013 -0.008298 0.000000
vt -0.168013 -0.016596 0.000000
vt -0.154902 -0.016596 0.000000
vt -0.154902 -0.033191 0.000000
vt -0.138230 -0.033191 0.000000
vt -0.138230 -0.045018 0.000000
vt -0.125131 -0.045018 0.000000
vt -0.125131 -0.056844 0.000000
vt -0.112032 -0.056844 0.000000
vt -0.112032 -0.068671 0.000000
vt -0.098933 -0.068671 0.000000
vt -0.098933 -0.080498 0.000000
vt -0.085834 -0.080498 0.000000
vt -0.085834 -0.092324 0.000000
vt -0.072735 -0.092324 0.000000
vt -0.072735 -0.104151 0.000000
vt -0.069246 0.000000 0.000000
vt -0.072735 -0.008298 0.000000
vt -0.072735 -0.016596 0.000000
vt -0.072735 -0.033191 0.000000
vt -0.072735 -0.045018 0.000000
vt -0.072735 -0.056844 0.000000
vt -0.072735 -0.068671 0.000000
vt -0.072735 -0.080498 0.000000
vt -0.085834 -0.008298 0.000000
vt -0.092290 0.000000 0.000000
vt -0.098933 -0.008298 0.000000
vt -0.115247 0.000000 0.000000
vt -0.112032 -0.008298 0.000000
vt -0.125131 -0.008298 0.000000
vt -0.112032 -0.016596 0.000000
vt -0.125131 -0.016596 0.000000
vt -0.112032 -0.033191 0.000000
vt -0.125131 -0.033191 0.000000
vt -0.112032 -0.045018 0.000000
vt -0.138258 0.000000 0.000000
vt -0.138230 -0.008298 0.000000
vt -0.138230 -0.016596 0.000000
vt -0.154902 -0.008298 0.000000
vt -0.161293 0.000000 0.000000
vt -0.207345 -0.045497 0.000000
vt -0.194234 -0.045018 0.000000
vt -0.181123 -0.056844 0.000000
vt -0.168013 -0.068671 0.000000
vt -0.154902 -0.080498 0.000000
vt -0.138230 -0.092324 0.000000
vt -0.125131 -0.104151 0.000000
vt -0.112032 -0.115978 0.000000
vt -0.098933 -0.127804 0.000000
vt -0.103673 -0.136494 0.000000
vt -0.194234 -0.056844 0.000000
vt -0.207345 -0.068247 0.000000
vt -0.194234 -0.068671 0.000000
vt -0.207345 -0.090996 0.000000
vt -0.194234 -0.080498 0.000000
vt -0.194234 -0.092324 0.000000
vt -0.181123 -0.092324 0.000000
vt -0.181123 -0.104151 0.000000
vt -0.168013 -0.104151 0.000000
vt -0.168013 -0.115978 0.000000
vt -0.154902 -0.115978 0.000000
vt -0.154902 -0.127804 0.000000
vt -0.138230 -0.127804 0.000000
vt -0.138230 -0.136494 0.000000
vt -0.125131 -0.127804 0.000000
vt -0.112032 -0.127804 0.000000
vt -0.207345 -0.113745 0.000000
vt -0.194234 -0.104151 0.000000
vt -0.181123 -0.115978 0.000000
vt -0.168013 -0.127804 0.000000
vt -0.172792 -0.136494 0.000000
vt -0.194234 -0.115978 0.000000
vt -0.207345 -0.136494 0.000000
vt -0.194234 -0.127804 0.000000
vt -0.181123 -0.127804 0.000000
vt -0.034553 -0.136494 0.000000
vt -0.033437 -0.127804 0.000000
vt -0.033437 -0.115978 0.000000
vt -0.033437 -0.104151 0.000000
vt -0.033437 -0.092324 0.000000
vt -0.033437 -0.080498 0.000000
vt -0.033437 -0.068671 0.000000
vt -0.033437 -0.056844 0.000000
vt -0.033437 -0.045018 0.000000
vt -0.033437 -0.033191 0.000000
vt -0.033437 -0.016596 0.000000
vt -0.016719 -0.127804 0.000000
vt -0.000000 -0.136494 0.000000
vt -0.000000 -0.119432 0.000000
vt -0.016719 -0.115978 0.000000
vt -0.000000 -0.102369 0.000000
vt -0.016719 -0.104151 0.000000
vt -0.016719 -0.092324 0.000000
vt -0.000000 -0.085306 0.000000
vt -0.016719 -0.080498 0.000000
vt -0.000000 -0.068247 0.000000
vt -0.016719 -0.068671 0.000000
vt -0.016719 -0.056844 0.000000
vt -0.000000 -0.051175 0.000000
vt -0.016719 -0.045018 0.000000
vt -0.000000 -0.034118 0.000000
vt -0.016719 -0.033191 0.000000
vt -0.000000 -0.017062 0.000000
vt -0.016719 -0.016596 0.000000
vt -0.181123 -0.016596 0.000000
vt -0.098933 -0.016596 0.000000
vt -0.098933 -0.033191 0.000000
vt -0.098933 -0.045018 0.000000
vt -0.098933 -0.056844 0.000000
vt -0.085834 -0.016596 0.000000
vt -0.085834 -0.033191 0.000000
vt -0.085834 -0.045018 0.000000
vt -0.085834 -0.056844 0.000000
vt -0.085834 -0.068671 0.000000
vt -0.168013 -0.033191 0.000000
vt -0.154902 -0.045018 0.000000
vt -0.138230 -0.056844 0.000000
vt -0.125131 -0.068671 0.000000
vt -0.112032 -0.080498 0.000000
vt -0.098933 -0.092324 0.000000
vt -0.085834 -0.104151 0.000000
vt -0.072735 -0.115978 0.000000
vt -0.181123 -0.068671 0.000000
vt -0.168013 -0.080498 0.000000
vt -0.154902 -0.092324 0.000000
vt -0.138230 -0.104151 0.000000
vt -0.125131 -0.115978 0.000000
vt -0.181123 -0.080498 0.000000
vt -0.168013 -0.092324 0.000000
vt -0.154902 -0.104151 0.000000
vt -0.138230 -0.115978 0.000000
vt -0.460000 -0.116632 0.000000
vt 0.040000 -0.116632 0.000000
vt -0.460000 -0.090713 0.000000
vt 0.040000 -0.090713 0.000000
vt -0.460000 -0.064795 0.000000
vt 0.040000 -0.064795 0.000000
vt -0.460000 -0.038877 0.000000
vt 0.040000 -0.038877 0.000000
vt -0.460000 -0.012959 0.000000
vt 0.040000 -0.012959 0.000000
vt -0.460000 0.012959 0.000000
vt 0.040000 0.012959 0.000000
vt -0.460000 0.038877 0.000000
vt 0.040000 0.038877 0.000000
vt -0.460000 0.064795 0.000000
vt 0.040000 0.064795 0.000000
vt -0.460000 0.090713 0.000000
vt 0.040000 0.090713 0.000000
vt -0.460000 0.116632 0.000000
vt 0.040000 0.116632 0.000000
vt -0.458660 -0.077754 0.000000
vt 0.815443 -0.077754 0.000000
vt -0.477974 -0.058316 0.000000
vt -0.099959 -0.051836 0.000000
vt -0.496546 -0.038877 0.000000
vt -0.099959 -0.025918 0.000000
vt -0.513662 -0.019439 0.000000
vt -0.099959 0.000000 0.000000
vt -0.528664 0.000000 0.000000
vt -0.540976 0.019439 0.000000
vt -0.099959 0.025918 0.000000
vt -0.550124 0.038877 0.000000
vt -0.099959 0.051836 0.000000
vt -0.555758 0.058316 0.000000
vt -0.557184 0.068035 0.000000
vt -0.557660 0.077754 0.000000
vt 0.357742 0.051836 0.000000
vt 0.815443 0.077754 0.000000
vt 0.815443 0.051836 0.000000
vt 0.815443 0.025918 0.000000
vt 0.357742 0.025918 0.000000
vt 0.815443 0.000000 0.000000
vt 0.357742 0.000000 0.000000
vt 0.815443 -0.025918 0.000000
vt 0.357742 -0.025918 0.000000
vt 0.815443 -0.051836 0.000000
vt 0.357742 -0.051836 0.000000
vt -0.207345 0.022749 0.000000
vt -0.207345 -0.000000 0.000000
vt -0.194234 0.008530 0.000000
vt -0.184291 -0.000000 0.000000
vt -0.181123 0.008530 0.000000
vt -0.168013 0.008530 0.000000
vt -0.181123 0.017061 0.000000
vt -0.168013 0.017061 0.000000
vt -0.168013 0.034120 0.000000
vt -0.154902 0.034120 0.000000
vt -0.154902 0.051179 0.000000
vt -0.138230 0.051178 0.000000
vt -0.154902 0.068243 0.000000
vt -0.138230 0.068243 0.000000
vt -0.138230 0.085303 0.000000
vt -0.125131 0.085302 0.000000
vt -0.125131 0.102364 0.000000
vt -0.112032 0.102363 0.000000
vt -0.112032 0.119425 0.000000
vt -0.098933 0.119425 0.000000
vt -0.103673 0.136485 0.000000
vt -0.085834 0.119425 0.000000
vt -0.069115 0.136485 0.000000
vt -0.072735 0.119425 0.000000
vt -0.059636 0.119425 0.000000
vt -0.072735 0.102363 0.000000
vt -0.059636 0.102363 0.000000
vt -0.072735 0.085302 0.000000
vt -0.059636 0.085302 0.000000
vt -0.072735 0.068243 0.000000
vt -0.059636 0.068243 0.000000
vt -0.059636 0.051174 0.000000
vt -0.046536 0.051174 0.000000
vt -0.059636 0.034117 0.000000
vt -0.046536 0.034117 0.000000
vt -0.059636 0.017061 0.000000
vt -0.046536 0.017061 0.000000
vt -0.046536 0.008530 0.000000
vt -0.033437 0.008530 0.000000
vt -0.046155 -0.000000 0.000000
vt -0.023097 -0.000000 0.000000
vt -0.161293 -0.000000 0.000000
vt -0.154902 0.008530 0.000000
vt -0.154902 0.017061 0.000000
vt -0.138230 0.034119 0.000000
vt -0.125131 0.051178 0.000000
vt -0.125131 0.068243 0.000000
vt -0.112032 0.085302 0.000000
vt -0.098933 0.102363 0.000000
vt -0.138258 -0.000000 0.000000
vt -0.138230 0.008530 0.000000
vt -0.138230 0.017061 0.000000
vt -0.125131 0.034119 0.000000
vt -0.112032 0.051177 0.000000
vt -0.112032 0.068243 0.000000
vt -0.098933 0.085302 0.000000
vt -0.085834 0.102363 0.000000
vt -0.125131 0.008530 0.000000
vt -0.115247 -0.000000 0.000000
vt -0.112032 0.008530 0.000000
vt -0.098933 0.008530 0.000000
vt -0.112032 0.017061 0.000000
vt -0.098933 0.017061 0.000000
vt -0.098933 0.034118 0.000000
vt -0.085834 0.034118 0.000000
vt -0.085834 0.051176 0.000000
vt -0.072735 0.051175 0.000000
vt -0.085834 0.068243 0.000000
vt -0.092290 -0.000000 0.000000
vt -0.085834 0.008530 0.000000
vt -0.085834 0.017061 0.000000
vt -0.072735 0.034117 0.000000
vt -0.069246 -0.000000 0.000000
vt -0.072735 0.008530 0.000000
vt -0.072735 0.017061 0.000000
vt -0.059636 0.008530 0.000000
vt -0.016719 0.008530 0.000000
vt -0.000000 -0.000000 0.000000
vt -0.000000 0.008529 0.000000
vt -0.016719 0.017061 0.000000
vt -0.000000 0.017061 0.000000
vt -0.000000 0.034115 0.000000
vt -0.016719 0.034116 0.000000
vt -0.000000 0.051171 0.000000
vt -0.016719 0.051172 0.000000
vt -0.016719 0.068243 0.000000
vt -0.033437 0.068243 0.000000
vt -0.016719 0.085301 0.000000
vt -0.033437 0.085301 0.000000
vt -0.016719 0.102363 0.000000
vt -0.033437 0.102363 0.000000
vt -0.016719 0.119425 0.000000
vt -0.033437 0.119425 0.000000
vt -0.034553 0.136485 0.000000
vt -0.046536 0.119425 0.000000
vt -0.000000 0.068243 0.000000
vt -0.000000 0.085301 0.000000
vt -0.000000 0.102363 0.000000
vt -0.000000 0.119425 0.000000
vt -0.000000 0.136485 0.000000
vt -0.138230 0.136485 0.000000
vt -0.125131 0.119425 0.000000
vt -0.138230 0.102364 0.000000
vt -0.154902 0.085303 0.000000
vt -0.168013 0.068243 0.000000
vt -0.168013 0.051180 0.000000
vt -0.181123 0.034121 0.000000
vt -0.194234 0.017061 0.000000
vt -0.138230 0.119425 0.000000
vt -0.172792 0.136485 0.000000
vt -0.154902 0.119425 0.000000
vt -0.168013 0.119425 0.000000
vt -0.168013 0.102364 0.000000
vt -0.181123 0.102364 0.000000
vt -0.181123 0.085303 0.000000
vt -0.194234 0.085303 0.000000
vt -0.194234 0.068243 0.000000
vt -0.207345 0.068243 0.000000
vt -0.194234 0.051181 0.000000
vt -0.207345 0.045494 0.000000
vt -0.194234 0.034121 0.000000
vt -0.181123 0.119425 0.000000
vt -0.207345 0.136485 0.000000
vt -0.194234 0.119425 0.000000
vt -0.207345 0.113738 0.000000
vt -0.194234 0.102364 0.000000
vt -0.207345 0.090990 0.000000
vt -0.033437 0.017061 0.000000
vt -0.125131 0.017061 0.000000
vt -0.112032 0.034119 0.000000
vt -0.098933 0.051176 0.000000
vt -0.098933 0.068243 0.000000
vt -0.085834 0.085302 0.000000
vt -0.033437 0.034116 0.000000
vt -0.033437 0.051173 0.000000
vt -0.046536 0.068243 0.000000
vt -0.046536 0.085301 0.000000
vt -0.046536 0.102363 0.000000
vt -0.181123 0.051181 0.000000
vt -0.181123 0.068243 0.000000
vt -0.168013 0.085303 0.000000
vt -0.154902 0.102364 0.000000
vt 0.460000 0.116632 0.000000
vt -0.040000 0.116632 0.000000
vt 0.460000 0.090713 0.000000
vt -0.040000 0.090713 0.000000
vt 0.460000 0.064795 0.000000
vt -0.040000 0.064795 0.000000
vt 0.460000 0.038877 0.000000
vt -0.040000 0.038877 0.000000
vt 0.460000 0.012959 0.000000
vt -0.040000 0.012959 0.000000
vt 0.460000 -0.012959 0.000000
vt -0.040000 -0.012959 0.000000
vt 0.460000 -0.038877 0.000000
vt -0.040000 -0.038877 0.000000
vt 0.460000 -0.064795 0.000000
vt -0.040000 -0.064795 0.000000
vt 0.460000 -0.090713 0.000000
vt -0.040000 -0.090713 0.000000
vt 0.460000 -0.116632 0.000000
vt -0.040000 -0.116632 0.000000
vt 0.000000 1.100000 0.000000
vt 1.189913 0.500000 0.000000
vt 1.189913 1.100000 0.000000
vt 3.373996 1.988606 0.000000
vt 3.335976 2.010557 0.000000
vt 0.000000 0.500000 0.000000
vt 2.503060 -0.520000 0.000000
vt 1.189913 0.000000 0.000000
vt 1.374518 -0.520000 0.000000
vt 0.815471 -0.479032 0.000000
vt 0.841276 -0.514550 0.000000
vt 0.000000 0.000000 0.000000
vt 0.659411 -0.409550 0.000000
vt 0.703072 -0.414139 0.000000
vt 0.744826 -0.427705 0.000000
vt 0.000000 -1.021000 0.000000
vt 0.450561 -0.597599 0.000000
vt 0.459689 -0.554656 0.000000
vt 0.477546 -0.514550 0.000000
vt 1.373103 -1.021000 0.000000
vt 0.659411 -0.829550 0.000000
vt 0.615749 -0.824961 0.000000
vt 0.573996 -0.811394 0.000000
vt 1.373379 -1.020981 0.000000
vt 1.374518 -1.020000 0.000000
vt 0.841276 -0.724550 0.000000
vt 0.815471 -0.760067 0.000000
vt 1.373645 -1.020924 0.000000
vt 1.373889 -1.020831 0.000000
vt 1.374103 -1.020707 0.000000
vt 1.374279 -1.020556 0.000000
vt 1.374511 -1.020098 0.000000
vt 1.374491 -1.020195 0.000000
vt 1.374410 -1.020383 0.000000
vt 0.859133 -0.684443 0.000000
vt 0.868261 -0.641501 0.000000
vt 0.868261 -0.597599 0.000000
vt 0.859133 -0.554656 0.000000
vt 2.503060 -1.020000 0.000000
vt 2.504474 -1.021000 0.000000
vt 3.259689 -0.684443 0.000000
vt 3.250561 -0.641501 0.000000
vt 2.503087 -1.020463 0.000000
vt 2.503177 -1.020917 0.000000
vt 4.202945 -1.021000 0.000000
vt 3.459411 -0.829550 0.000000
vt 3.415749 -0.824961 0.000000
vt 3.373996 -0.811394 0.000000
vt 4.202945 2.501000 0.000000
vt 3.615471 -0.479032 0.000000
vt 3.641276 -0.514550 0.000000
vt 3.659133 -0.554656 0.000000
vt 0.000000 2.501000 0.000000
vt 3.415749 2.385861 0.000000
vt 3.459411 2.390450 0.000000
vt 3.503072 2.385861 0.000000
vt 0.000000 1.600000 0.000000
vt 0.459689 2.115557 0.000000
vt 0.450561 2.158499 0.000000
vt 0.450561 2.202401 0.000000
vt 1.189913 1.600000 0.000000
vt 0.659411 1.970450 0.000000
vt 0.615749 1.975039 0.000000
vt 0.573996 1.988606 0.000000
vt 3.303350 2.039933 0.000000
vt 3.277546 2.075450 0.000000
vt 3.259689 2.115557 0.000000
vt 3.415749 1.975039 0.000000
vt 3.415749 -0.414139 0.000000
vt 3.459411 1.970450 0.000000
vt 3.459411 -0.409550 0.000000
vt 3.503072 -0.414139 0.000000
vt 3.373996 -0.427705 0.000000
vt 3.250561 2.158499 0.000000
vt 3.250561 2.202401 0.000000
vt 0.868261 2.202401 0.000000
vt 0.859133 2.245344 0.000000
vt 3.259689 2.245344 0.000000
vt 0.841276 2.285450 0.000000
vt 3.277546 2.285450 0.000000
vt 0.815471 2.320968 0.000000
vt 3.303350 2.320968 0.000000
vt 0.782846 2.350344 0.000000
vt 3.335976 2.350344 0.000000
vt 0.744826 2.372295 0.000000
vt 3.373996 2.372295 0.000000
vt 0.703072 2.385861 0.000000
vt 3.544826 2.372295 0.000000
vt 3.582846 2.350344 0.000000
vt 3.615471 2.320968 0.000000
vt 3.641276 2.285450 0.000000
vt 3.659133 2.245344 0.000000
vt 3.668261 2.202401 0.000000
vt 3.668261 2.158499 0.000000
vt 3.659133 2.115557 0.000000
vt 3.641276 2.075450 0.000000
vt 3.615471 2.039933 0.000000
vt 3.582846 2.010557 0.000000
vt 3.582846 -0.449656 0.000000
vt 3.544826 1.988606 0.000000
vt 3.544826 -0.427705 0.000000
vt 3.503072 1.975039 0.000000
vt 0.535976 2.010557 0.000000
vt 0.503350 2.039933 0.000000
vt 0.477546 2.075450 0.000000
vt 0.459689 2.245344 0.000000
vt 0.477546 2.285450 0.000000
vt 0.503350 2.320968 0.000000
vt 0.535976 2.350344 0.000000
vt 0.573996 2.372295 0.000000
vt 0.615749 2.385861 0.000000
vt 0.659411 2.390450 0.000000
vt 0.868261 2.158499 0.000000
vt 0.859133 2.115557 0.000000
vt 0.841276 2.075450 0.000000
vt 0.815471 2.039933 0.000000
vt 0.782846 2.010557 0.000000
vt 0.744826 1.988606 0.000000
vt 0.703072 1.975039 0.000000
vt 3.335976 -0.789443 0.000000
vt 3.303350 -0.760067 0.000000
vt 3.277546 -0.724550 0.000000
vt 3.250561 -0.597599 0.000000
vt 3.259689 -0.554656 0.000000
vt 3.277546 -0.514550 0.000000
vt 3.303350 -0.479032 0.000000
vt 3.335976 -0.449656 0.000000
vt 3.668261 -0.597599 0.000000
vt 3.668261 -0.641501 0.000000
vt 3.659133 -0.684443 0.000000
vt 3.641276 -0.724550 0.000000
vt 3.615471 -0.760067 0.000000
vt 3.582846 -0.789443 0.000000
vt 3.544826 -0.811394 0.000000
vt 3.503072 -0.824961 0.000000
vt 0.535976 -0.789443 0.000000
vt 0.503350 -0.760067 0.000000
vt 0.477546 -0.724550 0.000000
vt 0.459689 -0.684443 0.000000
vt 0.450561 -0.641501 0.000000
vt 0.503350 -0.479032 0.000000
vt 0.535976 -0.449656 0.000000
vt 0.573996 -0.427705 0.000000
vt 0.615749 -0.414139 0.000000
vt 0.782846 -0.449656 0.000000
vt 0.782846 -0.789443 0.000000
vt 0.744826 -0.811394 0.000000
vt 0.703072 -0.824961 0.000000
vt -2.042862 0.600000 0.000000
vt -2.042862 0.100000 0.000000
vt -1.869704 0.600000 0.000000
vt -1.820932 0.604804 0.000000
vt -1.774033 0.619030 0.000000
vt -0.239007 0.100000 0.000000
vt -0.507835 0.619030 0.000000
vt -0.460937 0.604804 0.000000
vt -0.412165 0.600000 0.000000
vt -0.239007 0.600000 0.000000
vt -1.730812 0.642133 0.000000
vt -0.551057 0.642133 0.000000
vt -1.692927 0.673223 0.000000
vt -0.588941 0.673223 0.000000
vt -1.661837 0.711107 0.000000
vt -0.620032 0.711107 0.000000
vt -1.638734 0.754329 0.000000
vt -0.643134 0.754329 0.000000
vt -1.624508 0.801227 0.000000
vt -0.657361 0.801227 0.000000
vt -1.619704 0.850000 0.000000
vt -0.662165 0.850000 0.000000
vt -1.619704 1.120000 0.000000
vt -0.662165 1.120000 0.000000
vt -0.536367 0.900927 0.000000
vt -1.437294 0.000000 0.000000
vt -0.536367 -0.900927 0.000000
vt -1.472360 0.052360 0.000000
vt -1.021431 0.052360 0.000000
vt -1.472394 0.078540 0.000000
vt -0.570467 0.052360 0.000000
vt 0.331460 0.078540 0.000000
vt -0.119504 0.052360 0.000000
vt 0.331426 0.052360 0.000000
vt 0.331326 0.026180 0.000000
vt -0.119504 0.026180 0.000000
vt 0.331167 -0.000000 0.000000
vt -0.119504 -0.000000 0.000000
vt 0.330960 -0.026180 0.000000
vt -0.119504 -0.026180 0.000000
vt 0.330719 -0.052360 0.000000
vt -0.119504 -0.052360 0.000000
vt 0.330460 -0.078540 0.000000
vt -0.570467 -0.052360 0.000000
vt -1.471394 -0.078540 0.000000
vt -1.021431 -0.052360 0.000000
vt -1.471653 -0.052360 0.000000
vt -1.021431 -0.026180 0.000000
vt -1.471894 -0.026180 0.000000
vt -1.021431 -0.000000 0.000000
vt -1.472101 -0.000000 0.000000
vt -1.021431 0.026180 0.000000
vt -1.472260 0.026180 0.000000
vt -0.570467 0.026180 0.000000
vt -0.570467 -0.000000 0.000000
vt -0.570467 -0.026180 0.000000
vt 2.868993 0.500000 0.000000
vt 1.679081 1.100000 0.000000
vt 1.679081 0.500000 0.000000
vt -0.518492 1.987901 0.000000
vt 0.365933 -0.520000 0.000000
vt -0.518492 -0.428410 0.000000
vt -0.480472 -0.450361 0.000000
vt 2.868993 1.100000 0.000000
vt 1.679081 1.600000 0.000000
vt -0.447846 2.039228 0.000000
vt -0.480472 2.009852 0.000000
vt 2.868993 1.600000 0.000000
vt 2.196093 1.969746 0.000000
vt 2.152432 1.974335 0.000000
vt 2.110679 1.987901 0.000000
vt 2.868993 2.501000 0.000000
vt 2.395815 2.114852 0.000000
vt 2.377959 2.074746 0.000000
vt 2.352154 2.039228 0.000000
vt -1.333952 2.501000 0.000000
vt -0.560245 2.385157 0.000000
vt 2.152432 2.385157 0.000000
vt 2.196093 2.389746 0.000000
vt -1.333952 -1.021000 0.000000
vt -0.759967 -0.479737 0.000000
vt -0.759967 2.039228 0.000000
vt -0.785772 2.074746 0.000000
vt 0.364519 -1.021000 0.000000
vt -0.603907 -0.830254 0.000000
vt -0.647568 -0.825665 0.000000
vt -0.689321 -0.812099 0.000000
vt 0.365816 -1.020917 0.000000
vt 0.365907 -1.020463 0.000000
vt 0.365933 -1.020000 0.000000
vt 1.679081 0.000000 0.000000
vt 1.494476 -0.520000 0.000000
vt 2.040033 -0.479737 0.000000
vt 2.014228 -0.515254 0.000000
vt 1.996372 -0.555361 0.000000
vt 1.987244 -0.598303 0.000000
vt 1.987244 -0.642205 0.000000
vt 1.996372 -0.685148 0.000000
vt 1.494476 -1.020000 0.000000
vt 2.014228 -0.725254 0.000000
vt 1.495890 -1.021000 0.000000
vt 2.040033 -0.760772 0.000000
vt 2.072659 -0.790148 0.000000
vt 2.110679 -0.812099 0.000000
vt 2.152432 -0.825665 0.000000
vt 2.196093 -0.830254 0.000000
vt 2.868993 -1.021000 0.000000
vt 2.239755 -0.825665 0.000000
vt 2.281508 -0.812099 0.000000
vt 2.319528 -0.790148 0.000000
vt 2.352154 -0.760772 0.000000
vt 2.377959 -0.725254 0.000000
vt 2.395815 -0.685148 0.000000
vt 2.404943 -0.642205 0.000000
vt 2.404943 -0.598303 0.000000
vt 2.868993 0.000000 0.000000
vt 2.395815 -0.555361 0.000000
vt 2.377959 -0.515254 0.000000
vt 2.352154 -0.479737 0.000000
vt 2.319528 -0.450361 0.000000
vt 2.281508 -0.428410 0.000000
vt 2.239755 -0.414843 0.000000
vt 2.196093 -0.410254 0.000000
vt 2.152432 -0.414843 0.000000
vt 2.110679 -0.428410 0.000000
vt 2.072659 -0.450361 0.000000
vt 1.494483 -1.020098 0.000000
vt 1.494714 -1.020556 0.000000
vt 1.494890 -1.020707 0.000000
vt 1.495104 -1.020831 0.000000
vt 1.494503 -1.020195 0.000000
vt 1.494583 -1.020383 0.000000
vt 1.495349 -1.020924 0.000000
vt 1.495614 -1.020981 0.000000
vt 2.239755 2.385157 0.000000
vt 2.281508 2.371590 0.000000
vt 2.319528 2.349639 0.000000
vt 2.352154 2.320263 0.000000
vt 2.377959 2.284746 0.000000
vt 2.395815 2.244639 0.000000
vt 2.404943 2.201697 0.000000
vt 2.404943 2.157795 0.000000
vt 2.319528 2.009852 0.000000
vt 2.281508 1.987901 0.000000
vt 2.239755 1.974335 0.000000
vt 2.072659 2.009852 0.000000
vt 2.040033 2.039228 0.000000
vt 2.014228 2.074746 0.000000
vt 1.996372 2.114852 0.000000
vt 1.987244 2.157795 0.000000
vt 1.987244 2.201697 0.000000
vt 1.996372 2.244639 0.000000
vt -0.404185 2.244639 0.000000
vt -0.395057 2.201697 0.000000
vt -0.395057 2.157795 0.000000
vt -0.404185 2.114852 0.000000
vt -0.422041 2.284746 0.000000
vt 2.014228 2.284746 0.000000
vt -0.447846 2.320263 0.000000
vt 2.040033 2.320263 0.000000
vt -0.480472 2.349639 0.000000
vt 2.072659 2.349639 0.000000
vt -0.518492 2.371590 0.000000
vt 2.110679 2.371590 0.000000
vt -0.647568 2.385157 0.000000
vt -0.603907 2.389746 0.000000
vt -0.422041 2.074746 0.000000
vt -0.560245 1.974335 0.000000
vt -0.560245 -0.414843 0.000000
vt -0.603907 1.969746 0.000000
vt -0.603907 -0.410254 0.000000
vt -0.647568 -0.414843 0.000000
vt -0.647568 1.974335 0.000000
vt -0.689321 -0.428410 0.000000
vt -0.689321 1.987901 0.000000
vt -0.727341 -0.450361 0.000000
vt -0.727341 2.009852 0.000000
vt -0.803628 2.114852 0.000000
vt -0.812756 2.157795 0.000000
vt -0.812756 2.201697 0.000000
vt -0.803628 2.244639 0.000000
vt -0.785772 2.284746 0.000000
vt -0.759967 2.320263 0.000000
vt -0.727341 2.349639 0.000000
vt -0.689321 2.371590 0.000000
vt -0.447846 -0.479737 0.000000
vt -0.422041 -0.515254 0.000000
vt -0.404185 -0.555361 0.000000
vt -0.395057 -0.598303 0.000000
vt -0.395057 -0.642205 0.000000
vt -0.404185 -0.685148 0.000000
vt -0.422041 -0.725254 0.000000
vt -0.447846 -0.760772 0.000000
vt -0.480472 -0.790148 0.000000
vt -0.518492 -0.812099 0.000000
vt -0.560245 -0.825665 0.000000
vt -0.727341 -0.790148 0.000000
vt -0.759967 -0.760772 0.000000
vt -0.785772 -0.725254 0.000000
vt -0.803628 -0.685148 0.000000
vt -0.812756 -0.642205 0.000000
vt -0.812756 -0.598303 0.000000
vt -0.803628 -0.555361 0.000000
vt -0.785772 -0.515254 0.000000
vt -0.957540 1.620000 0.000000
vt -0.000000 1.620000 0.000000
vt -0.957540 1.900000 0.000000
vt -0.000000 1.900000 0.000000
vt -0.600000 1.620000 0.000000
vt -0.000000 1.620000 0.000000
vt -0.600000 1.900000 0.000000
vt -0.000000 1.900000 0.000000
vt -0.600000 1.620000 0.000000
vt -0.000000 1.620000 0.000000
vt -0.600000 1.900000 0.000000
vt -0.000000 1.900000 0.000000
vt -0.957540 1.620000 0.000000
vt 0.000000 1.620000 0.000000
vt -0.957540 1.900000 0.000000
vt 0.000000 1.900000 0.000000
vt -0.300000 -0.478770 0.000000
vt 0.300000 -0.478770 0.000000
vt -0.300000 0.478770 0.000000
vt 0.300000 0.478770 0.000000
vt -0.300000 0.728770 0.000000
vt 0.300000 0.728770 0.000000
vt -0.300000 0.901927 0.000000
vt -0.303373 0.927550 0.000000
vt -0.313263 0.951427 0.000000
vt 0.300000 1.699927 0.000000
vt -0.328996 0.971931 0.000000
vt -0.349500 0.987664 0.000000
vt -0.373377 0.997554 0.000000
vt -0.399000 1.000927 0.000000
vt 0.303373 1.725550 0.000000
vt -0.424623 0.997554 0.000000
vt 0.313263 1.749427 0.000000
vt -0.448500 0.987664 0.000000
vt 0.328996 1.769931 0.000000
vt -0.469004 0.971931 0.000000
vt -0.300000 -0.728770 0.000000
vt -0.300000 -0.901927 0.000000
vt 0.300000 -0.728770 0.000000
vt -0.303373 -0.927550 0.000000
vt -0.313263 -0.951427 0.000000
vt 0.300000 -1.699927 0.000000
vt -0.328996 -0.971931 0.000000
vt -0.349500 -0.987664 0.000000
vt -0.373377 -0.997554 0.000000
vt -0.399000 -1.000927 0.000000
vt 0.303373 -1.725550 0.000000
vt -0.424623 -0.997554 0.000000
vt 0.313263 -1.749427 0.000000
vt -0.448500 -0.987664 0.000000
vt 0.328996 -1.769931 0.000000
vt -0.469004 -0.971931 0.000000
vt 0.000000 0.400000 0.000000
vt 0.999948 0.400000 0.000000
vt -0.000000 2.558118 0.000000
vt 0.999948 2.558118 0.000000
vt 0.499974 3.540935 0.000000
vt 1.004519 2.600631 0.000000
vt 1.018022 2.641201 0.000000
vt 1.039840 2.677974 0.000000
vt 1.068976 2.709268 0.000000
vt 1.104098 2.733654 0.000000
vt 1.143602 2.750017 0.000000
vt 1.185680 2.757608 0.000000
vt 1.228411 2.756082 0.000000
vt 1.269841 2.745508 0.000000
vt 1.308076 2.726369 0.000000
vt 1.341369 2.699539 0.000000
vt -0.341421 2.699539 0.000000
vt -0.308128 2.726369 0.000000
vt -0.269893 2.745508 0.000000
vt -0.228463 2.756082 0.000000
vt -0.185732 2.757608 0.000000
vt -0.143653 2.750017 0.000000
vt -0.104150 2.733654 0.000000
vt -0.069028 2.709268 0.000000
vt -0.039892 2.677974 0.000000
vt -0.018074 2.641201 0.000000
vt -0.004571 2.600631 0.000000
vt 2.400000 0.978744 0.000000
vt 2.558118 0.999948 0.000000
vt 1.450000 0.978744 0.000000
vt 0.400000 0.999948 0.000000
vt 0.400000 0.000000 0.000000
vt 3.540935 0.499974 0.000000
vt 2.400000 0.021204 0.000000
vt 2.558118 0.000000 0.000000
vt 1.450000 0.021204 0.000000
vt 2.600631 -0.004571 0.000000
vt 2.641201 -0.018074 0.000000
vt 2.677974 -0.039892 0.000000
vt 2.709268 -0.069028 0.000000
vt 2.733654 -0.104150 0.000000
vt 2.750017 -0.143653 0.000000
vt 2.757608 -0.185732 0.000000
vt 2.756082 -0.228463 0.000000
vt 2.745508 -0.269893 0.000000
vt 2.726369 -0.308128 0.000000
vt 2.699539 -0.341421 0.000000
vt 2.699539 1.341369 0.000000
vt 2.726369 1.308076 0.000000
vt 2.745508 1.269841 0.000000
vt 2.756082 1.228411 0.000000
vt 2.757608 1.185680 0.000000
vt 2.750017 1.143602 0.000000
vt 2.733654 1.104098 0.000000
vt 2.709268 1.068976 0.000000
vt 2.677974 1.039840 0.000000
vt 2.641201 1.018022 0.000000
vt 2.600631 1.004519 0.000000
vt -0.136705 0.159411 0.000000
vt -0.167159 0.127114 0.000000
vt 0.135832 0.159411 0.000000
vt 0.166462 0.128025 0.000000
vt 0.135832 0.160155 0.000000
vt 0.189654 0.090175 0.000000
vt -0.190143 0.089138 0.000000
vt 0.204371 0.048295 0.000000
vt -0.204632 0.047178 0.000000
vt 0.209957 0.004257 0.000000
vt -0.209977 0.003111 0.000000
vt 0.206161 -0.039971 0.000000
vt -0.205940 -0.041096 0.000000
vt 0.193153 -0.082413 0.000000
vt -0.192700 -0.083466 0.000000
vt 0.171515 -0.121172 0.000000
vt -0.170851 -0.122107 0.000000
vt 0.142213 -0.154517 0.000000
vt -0.141367 -0.155291 0.000000
vt 0.106556 -0.180958 0.000000
vt -0.105567 -0.181537 0.000000
vt 0.066138 -0.199313 0.000000
vt -0.065049 -0.199671 0.000000
vt 0.022765 -0.208762 0.000000
vt -0.021625 -0.208884 0.000000
vt -0.013345 0.615752 0.000000
vt 0.500000 0.618372 0.000000
vt -0.013345 0.659734 0.000000
vt -0.013345 -0.659734 0.000000
vt 0.500000 -0.701097 0.000000
vt 0.500000 -0.656624 0.000000
vt -0.013345 -0.615752 0.000000
vt 0.500000 -0.612150 0.000000
vt -0.013345 -0.571770 0.000000
vt 0.500000 -0.567676 0.000000
vt -0.013345 -0.527788 0.000000
vt 0.500000 -0.523203 0.000000
vt -0.013345 -0.483805 0.000000
vt 0.499542 -0.478729 0.000000
vt 0.479349 -0.443904 0.000000
vt 0.500000 0.573898 0.000000
vt -0.013345 0.571770 0.000000
vt 0.500000 0.529425 0.000000
vt -0.013345 0.527788 0.000000
vt 0.500000 0.484951 0.000000
vt -0.013345 0.483805 0.000000
vt 0.500000 0.440478 0.000000
vt -0.013345 0.439823 0.000000
vt 0.500000 0.396004 0.000000
vt -0.013345 0.395841 0.000000
vt -0.013345 0.351858 0.000000
vt 0.500000 0.351531 0.000000
vt -0.013345 0.307876 0.000000
vt 0.500000 0.307057 0.000000
vt -0.013345 0.263894 0.000000
vt 0.500000 0.262584 0.000000
vt -0.013345 0.219911 0.000000
vt 0.500000 0.218110 0.000000
vt -0.013345 0.175929 0.000000
vt 0.500000 0.173637 0.000000
vt -0.013345 0.131947 0.000000
vt 0.500000 0.129163 0.000000
vt -0.013345 0.087965 0.000000
vt 0.500000 0.084690 0.000000
vt -0.013345 0.043982 0.000000
vt 0.500000 0.040216 0.000000
vt -0.013345 0.000000 0.000000
vt 0.500000 -0.004258 0.000000
vt -0.013345 -0.043982 0.000000
vt 0.500000 -0.048731 0.000000
vt -0.013345 -0.087965 0.000000
vt 0.500000 -0.093205 0.000000
vt -0.013345 -0.131947 0.000000
vt 0.500000 -0.137678 0.000000
vt -0.013345 -0.175929 0.000000
vt 0.500000 -0.182152 0.000000
vt -0.013345 -0.219911 0.000000
vt 0.479962 -0.216341 0.000000
vt 0.463680 -0.253162 0.000000
vt -0.013345 -0.263894 0.000000
vt 0.453171 -0.291558 0.000000
vt -0.013345 -0.307876 0.000000
vt 0.450469 -0.311005 0.000000
vt 0.449556 -0.330407 0.000000
vt -0.013345 -0.351858 0.000000
vt 0.450424 -0.349660 0.000000
vt 0.453046 -0.368914 0.000000
vt -0.013345 -0.395841 0.000000
vt 0.463307 -0.407036 0.000000
vt -0.013345 -0.439823 0.000000
vt 0.500000 -0.478729 0.000000
vt -0.136705 0.159411 0.000000
vt -0.167159 0.127114 0.000000
vt 0.135832 0.159411 0.000000
vt 0.166462 0.128025 0.000000
vt 0.135832 0.160155 0.000000
vt 0.189654 0.090175 0.000000
vt -0.190143 0.089138 0.000000
vt 0.204371 0.048295 0.000000
vt -0.204632 0.047178 0.000000
vt 0.209957 0.004257 0.000000
vt -0.209977 0.003111 0.000000
vt 0.206161 -0.039971 0.000000
vt -0.205940 -0.041096 0.000000
vt 0.193153 -0.082413 0.000000
vt -0.192700 -0.083466 0.000000
vt 0.171515 -0.121172 0.000000
vt -0.170851 -0.122107 0.000000
vt 0.142213 -0.154517 0.000000
vt -0.141367 -0.155291 0.000000
vt 0.106556 -0.180958 0.000000
vt -0.105567 -0.181537 0.000000
vt 0.066138 -0.199313 0.000000
vt -0.065049 -0.199671 0.000000
vt 0.022765 -0.208762 0.000000
vt -0.021625 -0.208884 0.000000
vt -0.013345 0.615752 0.000000
vt 0.500000 0.618372 0.000000
vt -0.013345 0.659734 0.000000
vt -0.013345 -0.659734 0.000000
vt 0.500000 -0.701097 0.000000
vt 0.500000 -0.656624 0.000000
vt -0.013345 -0.615752 0.000000
vt 0.500000 -0.612150 0.000000
vt -0.013345 -0.571770 0.000000
vt 0.500000 -0.567676 0.000000
vt -0.013345 -0.527788 0.000000
vt 0.500000 -0.523203 0.000000
vt -0.013345 -0.483805 0.000000
vt 0.499542 -0.478729 0.000000
vt 0.479349 -0.443904 0.000000
vt 0.500000 0.573898 0.000000
vt -0.013345 0.571770 0.000000
vt 0.500000 0.529425 0.000000
vt -0.013345 0.527788 0.000000
vt 0.500000 0.484951 0.000000
vt -0.013345 0.483805 0.000000
vt 0.500000 0.440478 0.000000
vt -0.013345 0.439823 0.000000
vt 0.500000 0.396004 0.000000
vt -0.013345 0.395841 0.000000
vt -0.013345 0.351858 0.000000
vt 0.500000 0.351531 0.000000
vt -0.013345 0.307876 0.000000
vt 0.500000 0.307057 0.000000
vt -0.013345 0.263894 0.000000
vt 0.500000 0.262584 0.000000
vt -0.013345 0.219911 0.000000
vt 0.500000 0.218110 0.000000
vt -0.013345 0.175929 0.000000
vt 0.500000 0.173637 0.000000
vt -0.013345 0.131947 0.000000
vt 0.500000 0.129163 0.000000
vt -0.013345 0.087965 0.000000
vt 0.500000 0.084690 0.000000
vt -0.013345 0.043982 0.000000
vt 0.500000 0.040216 0.000000
vt -0.013345 0.000000 0.000000
vt 0.500000 -0.004258 0.000000
vt -0.013345 -0.043982 0.000000
vt 0.500000 -0.048731 0.000000
vt -0.013345 -0.087965 0.000000
vt 0.500000 -0.093205 0.000000
vt -0.013345 -0.131947 0.000000
vt 0.500000 -0.137678 0.000000
vt -0.013345 -0.175929 0.000000
vt 0.500000 -0.182152 0.000000
vt -0.013345 -0.219911 0.000000
vt 0.479962 -0.216341 0.000000
vt 0.463680 -0.253162 0.000000
vt -0.013345 -0.263894 0.000000
vt 0.453171 -0.291558 0.000000
vt -0.013345 -0.307876 0.000000
vt 0.450469 -0.311005 0.000000
vt 0.449556 -0.330407 0.000000
vt -0.013345 -0.351858 0.000000
vt 0.450424 -0.349660 0.000000
vt 0.453046 -0.368914 0.000000
vt -0.013345 -0.395841 0.000000
vt 0.463307 -0.407036 0.000000
vt -0.013345 -0.439823 0.000000
vt 0.500000 -0.478729 0.000000
vt 0.000000 0.615752 0.000000
vt 0.500000 0.618593 0.000000
vt 0.000000 0.659734 0.000000
vt 0.000000 -0.659734 0.000000
vt 0.500000 -0.700876 0.000000
vt 0.500000 -0.656403 0.000000
vt 0.000000 -0.615752 0.000000
vt 0.500000 -0.611929 0.000000
vt 0.000000 -0.571770 0.000000
vt 0.500000 -0.567456 0.000000
vt 0.000000 -0.527788 0.000000
vt 0.500000 -0.522982 0.000000
vt 0.000000 -0.483805 0.000000
vt 0.499256 -0.478509 0.000000
vt 0.479393 -0.444217 0.000000
vt 0.500000 0.574119 0.000000
vt 0.000000 0.571770 0.000000
vt 0.500000 0.529645 0.000000
vt 0.000000 0.527788 0.000000
vt 0.500000 0.485172 0.000000
vt 0.000000 0.483805 0.000000
vt 0.500000 0.440698 0.000000
vt 0.000000 0.439823 0.000000
vt 0.500000 0.396225 0.000000
vt 0.000000 0.395841 0.000000
vt 0.500000 0.351751 0.000000
vt 0.000000 0.351858 0.000000
vt 0.000000 0.307876 0.000000
vt 0.500000 0.307278 0.000000
vt 0.000000 0.263894 0.000000
vt 0.500000 0.262804 0.000000
vt 0.000000 0.219911 0.000000
vt 0.500000 0.218330 0.000000
vt 0.000000 0.175929 0.000000
vt 0.500000 0.173857 0.000000
vt 0.000000 0.131947 0.000000
vt 0.500000 0.129383 0.000000
vt 0.000000 0.087965 0.000000
vt 0.500000 0.084910 0.000000
vt 0.000000 0.043982 0.000000
vt 0.500000 0.040436 0.000000
vt 0.000000 -0.000000 0.000000
vt 0.500000 -0.004037 0.000000
vt 0.000000 -0.043982 0.000000
vt 0.500000 -0.048511 0.000000
vt 0.000000 -0.087965 0.000000
vt 0.500000 -0.092985 0.000000
vt -0.000000 -0.131947 0.000000
vt 0.500000 -0.137458 0.000000
vt 0.000000 -0.175929 0.000000
vt 0.500000 -0.181932 0.000000
vt 0.000000 -0.219911 0.000000
vt 0.479629 -0.216652 0.000000
vt 0.463433 -0.253453 0.000000
vt 0.000000 -0.263894 0.000000
vt 0.453033 -0.291538 0.000000
vt -0.000000 -0.307876 0.000000
vt 0.450345 -0.310783 0.000000
vt 0.449413 -0.330032 0.000000
vt -0.000000 -0.351858 0.000000
vt 0.450261 -0.349438 0.000000
vt 0.452896 -0.368893 0.000000
vt 0.000000 -0.395841 0.000000
vt 0.463265 -0.407328 0.000000
vt -0.000000 -0.439823 0.000000
vt 0.500000 -0.478509 0.000000
vt 0.000000 0.615752 0.000000
vt 0.500000 0.618593 0.000000
vt 0.000000 0.659734 0.000000
vt 0.000000 -0.659734 0.000000
vt 0.500000 -0.700876 0.000000
vt 0.500000 -0.656403 0.000000
vt 0.000000 -0.615752 0.000000
vt 0.500000 -0.611929 0.000000
vt 0.000000 -0.571770 0.000000
vt 0.500000 -0.567456 0.000000
vt 0.000000 -0.527788 0.000000
vt 0.500000 -0.522982 0.000000
vt 0.000000 -0.483805 0.000000
vt 0.499256 -0.478509 0.000000
vt 0.479393 -0.444217 0.000000
vt 0.500000 0.574119 0.000000
vt 0.000000 0.571770 0.000000
vt 0.500000 0.529645 0.000000
vt 0.000000 0.527788 0.000000
vt 0.500000 0.485172 0.000000
vt 0.000000 0.483805 0.000000
vt 0.500000 0.440698 0.000000
vt 0.000000 0.439823 0.000000
vt 0.500000 0.396225 0.000000
vt 0.000000 0.395841 0.000000
vt 0.500000 0.351751 0.000000
vt 0.000000 0.351858 0.000000
vt 0.000000 0.307876 0.000000
vt 0.500000 0.307278 0.000000
vt 0.000000 0.263894 0.000000
vt 0.500000 0.262804 0.000000
vt 0.000000 0.219911 0.000000
vt 0.500000 0.218330 0.000000
vt 0.000000 0.175929 0.000000
vt 0.500000 0.173857 0.000000
vt 0.000000 0.131947 0.000000
vt 0.500000 0.129383 0.000000
vt 0.000000 0.087965 0.000000
vt 0.500000 0.084910 0.000000
vt 0.000000 0.043982 0.000000
vt 0.500000 0.040436 0.000000
vt 0.000000 -0.000000 0.000000
vt 0.500000 -0.004037 0.000000
vt 0.000000 -0.043982 0.000000
vt 0.500000 -0.048511 0.000000
vt 0.000000 -0.087965 0.000000
vt 0.500000 -0.092985 0.000000
vt -0.000000 -0.131947 0.000000
vt 0.500000 -0.137458 0.000000
vt 0.000000 -0.175929 0.000000
vt 0.500000 -0.181932 0.000000
vt 0.000000 -0.219911 0.000000
vt 0.479629 -0.216652 0.000000
vt 0.463433 -0.253453 0.000000
vt 0.000000 -0.263894 0.000000
vt 0.453033 -0.291538 0.000000
vt -0.000000 -0.307876 0.000000
vt 0.450345 -0.310783 0.000000
vt 0.449413 -0.330032 0.000000
vt -0.000000 -0.351858 0.000000
vt 0.450261 -0.349438 0.000000
vt 0.452896 -0.368893 0.000000
vt 0.000000 -0.395841 0.000000
vt 0.463265 -0.407328 0.000000
vt -0.000000 -0.439823 0.000000
vt 0.500000 -0.478509 0.000000
vt 0.500000 -0.615752 0.000000
vt 0.000000 -0.615752 0.000000
vt 0.500000 -0.659734 0.000000
vt 0.000000 -0.659734 0.000000
vt 0.500000 0.659734 0.000000
vt 0.000000 0.659734 0.000000
vt 0.500000 0.615752 0.000000
vt 0.000000 0.615752 0.000000
vt 0.000000 0.571770 0.000000
vt 0.500000 -0.571770 0.000000
vt 0.000000 -0.571770 0.000000
vt 0.500000 -0.527788 0.000000
vt 0.000000 -0.527788 0.000000
vt 0.500000 -0.483805 0.000000
vt 0.000000 -0.483805 0.000000
vt 0.500000 -0.439823 0.000000
vt 0.000000 -0.439823 0.000000
vt 0.500000 -0.395841 0.000000
vt 0.000000 -0.395841 0.000000
vt 0.500000 -0.351858 0.000000
vt 0.000000 -0.351858 0.000000
vt 0.500000 -0.307876 0.000000
vt 0.000000 -0.307876 0.000000
vt 0.500000 -0.263894 0.000000
vt 0.000000 -0.263894 0.000000
vt 0.500000 -0.219911 0.000000
vt 0.000000 -0.219911 0.000000
vt 0.500000 -0.175929 0.000000
vt 0.000000 -0.175929 0.000000
vt 0.500000 -0.131947 0.000000
vt 0.000000 -0.131947 0.000000
vt 0.500000 -0.087965 0.000000
vt 0.000000 -0.087965 0.000000
vt 0.500000 -0.043982 0.000000
vt 0.000000 -0.043982 0.000000
vt 0.500000 -0.000000 0.000000
vt 0.000000 0.000000 0.000000
vt 0.500000 0.043982 0.000000
vt 0.000000 0.043982 0.000000
vt 0.500000 0.087965 0.000000
vt 0.000000 0.087965 0.000000
vt 0.500000 0.131947 0.000000
vt 0.000000 0.131947 0.000000
vt 0.500000 0.175929 0.000000
vt 0.000000 0.175929 0.000000
vt 0.500000 0.219911 0.000000
vt 0.000000 0.219911 0.000000
vt 0.500000 0.263894 0.000000
vt 0.000000 0.263894 0.000000
vt 0.500000 0.307876 0.000000
vt 0.000000 0.307876 0.000000
vt 0.500000 0.351858 0.000000
vt 0.000000 0.351858 0.000000
vt 0.500000 0.395841 0.000000
vt 0.000000 0.395841 0.000000
vt 0.500000 0.439823 0.000000
vt 0.000000 0.439823 0.000000
vt 0.500000 0.483805 0.000000
vt 0.000000 0.483805 0.000000
vt 0.500000 0.527788 0.000000
vt 0.000000 0.527788 0.000000
vt 0.500000 0.571770 0.000000
vt -0.205411 -0.043661 0.000000
vt 0.205411 -0.043661 0.000000
vt -0.210000 -0.000000 0.000000
vt 0.210000 0.000000 0.000000
vt -0.205411 0.043661 0.000000
vt 0.205411 0.043661 0.000000
vt -0.191845 0.085415 0.000000
vt 0.191845 0.085415 0.000000
vt -0.169894 0.123435 0.000000
vt 0.169894 0.123435 0.000000
vt -0.140517 0.156060 0.000000
vt 0.140517 0.156060 0.000000
vt -0.105000 0.181865 0.000000
vt 0.105000 0.181865 0.000000
vt -0.064894 0.199722 0.000000
vt 0.064894 0.199722 0.000000
vt -0.021951 0.208850 0.000000
vt 0.021951 0.208850 0.000000
vt 0.191845 -0.085415 0.000000
vt -0.191845 -0.085415 0.000000
vt 0.169894 -0.123435 0.000000
vt -0.169894 -0.123435 0.000000
vt 0.140517 -0.156060 0.000000
vt -0.140517 -0.156060 0.000000
vt 0.105000 -0.181865 0.000000
vt -0.105000 -0.181865 0.000000
vt 0.064894 -0.199722 0.000000
vt -0.064894 -0.199722 0.000000
vt 0.021951 -0.208850 0.000000
vt -0.021951 -0.208850 0.000000
vt 0.500000 -0.615752 0.000000
vt 0.000000 -0.615752 0.000000
vt 0.500000 -0.659734 0.000000
vt 0.000000 -0.659734 0.000000
vt 0.500000 0.659734 0.000000
vt 0.000000 0.659734 0.000000
vt 0.500000 0.615752 0.000000
vt 0.000000 0.615752 0.000000
vt 0.000000 0.571770 0.000000
vt 0.500000 -0.571770 0.000000
vt 0.000000 -0.571770 0.000000
vt 0.500000 -0.527788 0.000000
vt 0.000000 -0.527788 0.000000
vt 0.500000 -0.483805 0.000000
vt 0.000000 -0.483805 0.000000
vt 0.500000 -0.439823 0.000000
vt 0.000000 -0.439823 0.000000
vt 0.500000 -0.395841 0.000000
vt 0.000000 -0.395841 0.000000
vt 0.500000 -0.351858 0.000000
vt 0.000000 -0.351858 0.000000
vt 0.500000 -0.307876 0.000000
vt 0.000000 -0.307876 0.000000
vt 0.500000 -0.263894 0.000000
vt 0.000000 -0.263894 0.000000
vt 0.500000 -0.219911 0.000000
vt 0.000000 -0.219911 0.000000
vt 0.500000 -0.175929 0.000000
vt 0.000000 -0.175929 0.000000
vt 0.500000 -0.131947 0.000000
vt 0.000000 -0.131947 0.000000
vt 0.500000 -0.087965 0.000000
vt 0.000000 -0.087965 0.000000
vt 0.500000 -0.043982 0.000000
vt 0.000000 -0.043982 0.000000
vt 0.500000 -0.000000 0.000000
vt 0.000000 0.000000 0.000000
vt 0.500000 0.043982 0.000000
vt 0.000000 0.043982 0.000000
vt 0.500000 0.087965 0.000000
vt 0.000000 0.087965 0.000000
vt 0.500000 0.131947 0.000000
vt 0.000000 0.131947 0.000000
vt 0.500000 0.175929 0.000000
vt 0.000000 0.175929 0.000000
vt 0.500000 0.219911 0.000000
vt 0.000000 0.219911 0.000000
vt 0.500000 0.263894 0.000000
vt 0.000000 0.263894 0.000000
vt 0.500000 0.307876 0.000000
vt 0.000000 0.307876 0.000000
vt 0.500000 0.351858 0.000000
vt 0.000000 0.351858 0.000000
vt 0.500000 0.395841 0.000000
vt 0.000000 0.395841 0.000000
vt 0.500000 0.439823 0.000000
vt 0.000000 0.439823 0.000000
vt 0.500000 0.483805 0.000000
vt 0.000000 0.483805 0.000000
vt 0.500000 0.527788 0.000000
vt 0.000000 0.527788 0.000000
vt 0.500000 0.571770 0.000000
vt -0.205411 -0.043661 0.000000
vt 0.205411 -0.043661 0.000000
vt -0.210000 -0.000000 0.000000
vt 0.210000 0.000000 0.000000
vt -0.205411 0.043661 0.000000
vt 0.205411 0.043661 0.000000
vt -0.191845 0.085415 0.000000
vt 0.191845 0.085415 0.000000
vt -0.169894 0.123435 0.000000
vt 0.169894 0.123435 0.000000
vt -0.140517 0.156060 0.000000
vt 0.140517 0.156060 0.000000
vt -0.105000 0.181865 0.000000
vt 0.105000 0.181865 0.000000
vt -0.064894 0.199722 0.000000
vt 0.064894 0.199722 0.000000
vt -0.021951 0.208850 0.000000
vt 0.021951 0.208850 0.000000
vt 0.191845 -0.085415 0.000000
vt -0.191845 -0.085415 0.000000
vt 0.169894 -0.123435 0.000000
vt -0.169894 -0.123435 0.000000
vt 0.140517 -0.156060 0.000000
vt -0.140517 -0.156060 0.000000
vt 0.105000 -0.181865 0.000000
vt -0.105000 -0.181865 0.000000
vt 0.064894 -0.199722 0.000000
vt -0.064894 -0.199722 0.000000
vt 0.021951 -0.208850 0.000000
vt -0.021951 -0.208850 0.000000
vt -0.136537 0.159555 0.000000
vt -0.167025 0.127290 0.000000
vt 0.136000 0.159555 0.000000
vt 0.166596 0.127851 0.000000
vt 0.136000 0.160013 0.000000
vt 0.189748 0.089976 0.000000
vt -0.190049 0.089338 0.000000
vt 0.204422 0.048081 0.000000
vt -0.204582 0.047393 0.000000
vt 0.209961 0.004037 0.000000
vt -0.209974 0.003331 0.000000
vt 0.206119 -0.040187 0.000000
vt -0.205983 -0.040879 0.000000
vt 0.193067 -0.082615 0.000000
vt -0.192788 -0.083263 0.000000
vt 0.171388 -0.121352 0.000000
vt -0.170979 -0.121927 0.000000
vt 0.142051 -0.154666 0.000000
vt -0.141530 -0.155143 0.000000
vt 0.106366 -0.181070 0.000000
vt -0.105757 -0.181426 0.000000
vt 0.065929 -0.199382 0.000000
vt -0.065259 -0.199603 0.000000
vt 0.022546 -0.208786 0.000000
vt -0.021844 -0.208861 0.000000
vt -0.136537 0.159555 0.000000
vt -0.167025 0.127290 0.000000
vt 0.136000 0.159555 0.000000
vt 0.166596 0.127851 0.000000
vt 0.136000 0.160013 0.000000
vt 0.189748 0.089976 0.000000
vt -0.190049 0.089338 0.000000
vt 0.204422 0.048081 0.000000
vt -0.204582 0.047393 0.000000
vt 0.209961 0.004037 0.000000
vt -0.209974 0.003331 0.000000
vt 0.206119 -0.040187 0.000000
vt -0.205983 -0.040879 0.000000
vt 0.193067 -0.082615 0.000000
vt -0.192788 -0.083263 0.000000
vt 0.171388 -0.121352 0.000000
vt -0.170979 -0.121927 0.000000
vt 0.142051 -0.154666 0.000000
vt -0.141530 -0.155143 0.000000
vt 0.106366 -0.181070 0.000000
vt -0.105757 -0.181426 0.000000
vt 0.065929 -0.199382 0.000000
vt -0.065259 -0.199603 0.000000
vt 0.022546 -0.208786 0.000000
vt -0.021844 -0.208861 0.000000
vt 0.021204 2.400000 0.000000
vt -0.000000 2.558118 0.000000
vt 0.021204 1.800000 0.000000
vt -0.000000 0.400000 0.000000
vt 0.999948 0.400000 0.000000
vt 0.499974 3.540935 0.000000
vt 0.978744 2.400000 0.000000
vt 0.999948 2.558118 0.000000
vt 0.978744 1.800000 0.000000
vt 1.004519 2.600631 0.000000
vt 1.018022 2.641201 0.000000
vt 1.039840 2.677974 0.000000
vt 1.068976 2.709268 0.000000
vt 1.104098 2.733654 0.000000
vt 1.143602 2.750017 0.000000
vt 1.185680 2.757608 0.000000
vt 1.228411 2.756082 0.000000
vt 1.269841 2.745508 0.000000
vt 1.308076 2.726369 0.000000
vt 1.341369 2.699539 0.000000
vt -0.341421 2.699539 0.000000
vt -0.308128 2.726369 0.000000
vt -0.269893 2.745508 0.000000
vt -0.228463 2.756082 0.000000
vt -0.185732 2.757608 0.000000
vt -0.143653 2.750017 0.000000
vt -0.104150 2.733654 0.000000
vt -0.069028 2.709268 0.000000
vt -0.039892 2.677974 0.000000
vt -0.018074 2.641201 0.000000
vt -0.004571 2.600631 0.000000
vt -0.400000 0.000000 0.000000
vt -2.558118 0.000000 0.000000
vt -0.400000 -0.999948 0.000000
vt -2.558118 -0.999948 0.000000
vt -3.540935 -0.499974 0.000000
vt -2.600631 -1.004519 0.000000
vt -2.641201 -1.018022 0.000000
vt -2.677974 -1.039840 0.000000
vt -2.709268 -1.068976 0.000000
vt -2.733654 -1.104098 0.000000
vt -2.750017 -1.143602 0.000000
vt -2.757608 -1.185680 0.000000
vt -2.756082 -1.228411 0.000000
vt -2.745508 -1.269841 0.000000
vt -2.726369 -1.308076 0.000000
vt -2.699539 -1.341369 0.000000
vt -2.600631 0.004571 0.000000
vt -2.641201 0.018074 0.000000
vt -2.677974 0.039892 0.000000
vt -2.709268 0.069028 0.000000
vt -2.733654 0.104150 0.000000
vt -2.750017 0.143653 0.000000
vt -2.757608 0.185732 0.000000
vt -2.756082 0.228463 0.000000
vt -2.745508 0.269893 0.000000
vt -2.726369 0.308128 0.000000
vt -2.699539 0.341421 0.000000
vt -0.013345 0.615752 0.000000
vt 0.500000 0.615752 0.000000
vt -0.013345 0.659734 0.000000
vt 0.500000 0.659734 0.000000
vt -0.013345 -0.659734 0.000000
vt 0.500000 -0.659734 0.000000
vt -0.013345 -0.615752 0.000000
vt 0.500000 -0.615752 0.000000
vt 0.500000 -0.571770 0.000000
vt -0.013345 0.571770 0.000000
vt 0.500000 0.571770 0.000000
vt -0.013345 0.527788 0.000000
vt 0.500000 0.527788 0.000000
vt -0.013345 0.483805 0.000000
vt 0.500000 0.483805 0.000000
vt -0.013345 0.439823 0.000000
vt 0.500000 0.439823 0.000000
vt -0.013345 0.395841 0.000000
vt 0.500000 0.395841 0.000000
vt -0.013345 0.351858 0.000000
vt 0.500000 0.351858 0.000000
vt -0.013345 0.307876 0.000000
vt 0.500000 0.307876 0.000000
vt -0.013345 0.263894 0.000000
vt 0.500000 0.263894 0.000000
vt -0.013345 0.219911 0.000000
vt 0.500000 0.219911 0.000000
vt -0.013345 0.175929 0.000000
vt 0.500000 0.175929 0.000000
vt -0.013345 0.131947 0.000000
vt 0.500000 0.131947 0.000000
vt -0.013345 0.087965 0.000000
vt 0.500000 0.087965 0.000000
vt -0.013345 0.043982 0.000000
vt 0.500000 0.043982 0.000000
vt -0.013345 0.000000 0.000000
vt 0.500000 -0.000000 0.000000
vt -0.013345 -0.043982 0.000000
vt 0.500000 -0.043982 0.000000
vt -0.013345 -0.087965 0.000000
vt 0.500000 -0.087965 0.000000
vt -0.013345 -0.131947 0.000000
vt 0.500000 -0.131947 0.000000
vt -0.013345 -0.175929 0.000000
vt 0.500000 -0.175929 0.000000
vt -0.013345 -0.219911 0.000000
vt 0.500000 -0.219911 0.000000
vt -0.013345 -0.263894 0.000000
vt 0.500000 -0.263894 0.000000
vt -0.013345 -0.307876 0.000000
vt 0.500000 -0.307876 0.000000
vt -0.013345 -0.351858 0.000000
vt 0.500000 -0.351858 0.000000
vt -0.013345 -0.395841 0.000000
vt 0.500000 -0.395841 0.000000
vt -0.013345 -0.439823 0.000000
vt 0.500000 -0.439823 0.000000
vt -0.013345 -0.483805 0.000000
vt 0.500000 -0.483805 0.000000
vt -0.013345 -0.527788 0.000000
vt 0.500000 -0.527788 0.000000
vt -0.013345 -0.571770 0.000000
vt -0.205411 -0.043661 0.000000
vt 0.205411 -0.043661 0.000000
vt -0.210000 -0.000000 0.000000
vt 0.210000 0.000000 0.000000
vt -0.205411 0.043661 0.000000
vt 0.205411 0.043661 0.000000
vt -0.191845 0.085415 0.000000
vt 0.191845 0.085415 0.000000
vt -0.169894 0.123435 0.000000
vt 0.169894 0.123435 0.000000
vt -0.140517 0.156060 0.000000
vt 0.140517 0.156060 0.000000
vt -0.105000 0.181865 0.000000
vt 0.105000 0.181865 0.000000
vt -0.064894 0.199722 0.000000
vt 0.064894 0.199722 0.000000
vt -0.021951 0.208850 0.000000
vt 0.021951 0.208850 0.000000
vt 0.191845 -0.085415 0.000000
vt -0.191845 -0.085415 0.000000
vt 0.169894 -0.123435 0.000000
vt -0.169894 -0.123435 0.000000
vt 0.140517 -0.156060 0.000000
vt -0.140517 -0.156060 0.000000
vt 0.105000 -0.181865 0.000000
vt -0.105000 -0.181865 0.000000
vt 0.064894 -0.199722 0.000000
vt -0.064894 -0.199722 0.000000
vt 0.021951 -0.208850 0.000000
vt -0.021951 -0.208850 0.000000
vt -0.013345 0.615752 0.000000
vt 0.500000 0.615752 0.000000
vt -0.013345 0.659734 0.000000
vt 0.500000 0.659734 0.000000
vt -0.013345 -0.659734 0.000000
vt 0.500000 -0.659734 0.000000
vt -0.013345 -0.615752 0.000000
vt 0.500000 -0.615752 0.000000
vt 0.500000 -0.571770 0.000000
vt -0.013345 0.571770 0.000000
vt 0.500000 0.571770 0.000000
vt -0.013345 0.527788 0.000000
vt 0.500000 0.527788 0.000000
vt -0.013345 0.483805 0.000000
vt 0.500000 0.483805 0.000000
vt -0.013345 0.439823 0.000000
vt 0.500000 0.439823 0.000000
vt -0.013345 0.395841 0.000000
vt 0.500000 0.395841 0.000000
vt -0.013345 0.351858 0.000000
vt 0.500000 0.351858 0.000000
vt -0.013345 0.307876 0.000000
vt 0.500000 0.307876 0.000000
vt -0.013345 0.263894 0.000000
vt 0.500000 0.263894 0.000000
vt -0.013345 0.219911 0.000000
vt 0.500000 0.219911 0.000000
vt -0.013345 0.175929 0.000000
vt 0.500000 0.175929 0.000000
vt -0.013345 0.131947 0.000000
vt 0.500000 0.131947 0.000000
vt -0.013345 0.087965 0.000000
vt 0.500000 0.087965 0.000000
vt -0.013345 0.043982 0.000000
vt 0.500000 0.043982 0.000000
vt -0.013345 0.000000 0.000000
vt 0.500000 -0.000000 0.000000
vt -0.013345 -0.043982 0.000000
vt 0.500000 -0.043982 0.000000
vt -0.013345 -0.087965 0.000000
vt 0.500000 -0.087965 0.000000
vt -0.013345 -0.131947 0.000000
vt 0.500000 -0.131947 0.000000
vt -0.013345 -0.175929 0.000000
vt 0.500000 -0.175929 0.000000
vt -0.013345 -0.219911 0.000000
vt 0.500000 -0.219911 0.000000
vt -0.013345 -0.263894 0.000000
vt 0.500000 -0.263894 0.000000
vt -0.013345 -0.307876 0.000000
vt 0.500000 -0.307876 0.000000
vt -0.013345 -0.351858 0.000000
vt 0.500000 -0.351858 0.000000
vt -0.013345 -0.395841 0.000000
vt 0.500000 -0.395841 0.000000
vt -0.013345 -0.439823 0.000000
vt 0.500000 -0.439823 0.000000
vt -0.013345 -0.483805 0.000000
vt 0.500000 -0.483805 0.000000
vt -0.013345 -0.527788 0.000000
vt 0.500000 -0.527788 0.000000
vt -0.013345 -0.571770 0.000000
vt -0.205411 -0.043661 0.000000
vt 0.205411 -0.043661 0.000000
vt -0.210000 -0.000000 0.000000
vt 0.210000 0.000000 0.000000
vt -0.205411 0.043661 0.000000
vt 0.205411 0.043661 0.000000
vt -0.191845 0.085415 0.000000
vt 0.191845 0.085415 0.000000
vt -0.169894 0.123435 0.000000
vt 0.169894 0.123435 0.000000
vt -0.140517 0.156060 0.000000
vt 0.140517 0.156060 0.000000
vt -0.105000 0.181865 0.000000
vt 0.105000 0.181865 0.000000
vt -0.064894 0.199722 0.000000
vt 0.064894 0.199722 0.000000
vt -0.021951 0.208850 0.000000
vt 0.021951 0.208850 0.000000
vt 0.191845 -0.085415 0.000000
vt -0.191845 -0.085415 0.000000
vt 0.169894 -0.123435 0.000000
vt -0.169894 -0.123435 0.000000
vt 0.140517 -0.156060 0.000000
vt -0.140517 -0.156060 0.000000
vt 0.105000 -0.181865 0.000000
vt -0.105000 -0.181865 0.000000
vt 0.064894 -0.199722 0.000000
vt -0.064894 -0.199722 0.000000
vt 0.021951 -0.208850 0.000000
vt -0.021951 -0.208850 0.000000
vn 0.000000 0.037047 0.092884
vn 0.000000 0.022857 0.097353
vn 0.000000 0.022857 0.097353
vn 0.000000 0.011492 0.099338
vn 0.000000 0.011492 0.099338
vn 0.000000 0.000000 0.100000
vn 0.000000 0.000000 0.100000
vn 0.000000 0.037047 0.092884
vn 0.000000 0.050418 0.086360
vn 0.000000 0.050418 0.086360
vn 0.000000 0.062672 0.077924
vn 0.000000 0.062672 0.077924
vn 0.000000 0.073539 0.067764
vn 0.000000 0.073539 0.067764
vn 0.000000 0.082779 0.056104
vn 0.000000 0.082779 0.056104
vn 0.000000 0.090187 0.043202
vn 0.000000 0.090187 0.043202
vn 0.000000 0.095598 0.029344
vn 0.000000 0.095598 0.029344
vn 0.000000 0.098893 0.014836
vn 0.000000 0.098893 0.014836
vn -0.000000 0.100000 -0.000000
vn -0.000000 0.100000 -0.000000
vn 0.000000 0.000000 0.100000
vn 0.000000 0.000000 0.100000
vn 0.000000 0.000000 0.100000
vn 0.000000 0.000000 0.100000
vn 0.000000 0.000000 0.100000
vn 0.000000 0.000000 0.100000
vn 0.000000 0.000000 0.100000
vn 0.000000 0.000000 0.100000
vn 0.000000 0.000000 0.100000
vn 0.000000 0.000000 0.100000
vn 0.000000 0.000000 0.100000
vn 0.000000 0.000000 0.100000
vn 0.000000 0.000000 0.100000
vn 0.000000 0.000000 0.100000
vn 0.000000 0.000000 0.100000
vn 0.000000 0.000000 0.100000
vn 0.000000 0.000000 0.100000
vn 0.000000 0.000000 0.100000
vn 0.000000 0.000000 0.100000
vn 0.070711 0.000000 0.070711
vn 0.070711 0.000000 0.070711
vn 0.054064 0.000000 0.084125
vn 0.054064 0.000000 0.084125
vn 0.034946 0.000000 0.093695
vn 0.034946 0.000000 0.093695
vn 0.014231 0.000000 0.098982
vn 0.014231 0.000000 0.098982
vn -0.007134 0.000000 0.099745
vn -0.007134 0.000000 0.099745
vn -0.028173 0.000000 0.095949
vn -0.028173 0.000000 0.095949
vn -0.047925 0.000000 0.087768
vn -0.047925 0.000000 0.087768
vn -0.065486 0.000000 0.075575
vn -0.065486 0.000000 0.075575
vn -0.080054 0.000000 0.059928
vn -0.080054 0.000000 0.059928
vn -0.090963 0.000000 0.041542
vn -0.090963 0.000000 0.041542
vn -0.097715 0.000000 0.021257
vn -0.097715 0.000000 0.021257
vn -0.100000 0.000000 -0.000000
vn -0.100000 0.000000 -0.000000
vn -0.100000 0.000000 0.000000
vn -0.100000 0.000000 0.000000
vn 0.070711 0.000000 0.070711
vn 0.070711 0.000000 0.070711
vn 0.054064 0.000000 0.084125
vn 0.054064 0.000000 0.084125
vn 0.034946 0.000000 0.093695
vn 0.034946 0.000000 0.093695
vn 0.014231 0.000000 0.098982
vn 0.014231 0.000000 0.098982
vn -0.007134 0.000000 0.099745
vn -0.007134 0.000000 0.099745
vn -0.028173 0.000000 0.095949
vn -0.028173 0.000000 0.095949
vn -0.047925 0.000000 0.087768
vn -0.047925 0.000000 0.087768
vn -0.065486 0.000000 0.075575
vn -0.065486 0.000000 0.075575
vn -0.080054 0.000000 0.059928
vn -0.080054 0.000000 0.059928
vn -0.090963 0.000000 0.041542
vn -0.090963 0.000000 0.041542
vn -0.097715 0.000000 0.021257
vn -0.097715 0.000000 0.021257
vn -0.100000 0.000000 -0.000000
vn -0.100000 0.000000 -0.000000
vn -0.100000 0.000000 0.000000
vn -0.100000 0.000000 0.000000
vn -0.070711 0.000000 0.070711
vn -0.070711 0.000000 0.070711
vn -0.054064 0.000000 0.084125
vn -0.054064 0.000000 0.084125
vn -0.034946 0.000000 0.093695
vn -0.034946 0.000000 0.093695
vn -0.014231 0.000000 0.098982
vn -0.014231 0.000000 0.098982
vn 0.007134 -0.000000 0.099745
vn 0.007134 -0.000000 0.099745
vn 0.028173 -0.000000 0.095949
vn 0.028173 -0.000000 0.095949
vn 0.047925 -0.000000 0.087768
vn 0.047925 -0.000000 0.087768
vn 0.065486 -0.000000 0.075575
vn 0.065486 -0.000000 0.075575
vn 0.080054 -0.000000 0.059928
vn 0.080054 -0.000000 0.059928
vn 0.090963 -0.000000 0.041542
vn 0.090963 -0.000000 0.041542
vn 0.097715 -0.000000 0.021257
vn 0.097715 -0.000000 0.021257
vn 0.100000 -0.000000 0.000000
vn 0.100000 -0.000000 0.000000
vn 0.100000 0.000000 -0.000000
vn 0.100000 0.000000 -0.000000
vn -0.070711 0.000000 0.070711
vn -0.070711 0.000000 0.070711
vn -0.054064 0.000000 0.084125
vn -0.054064 0.000000 0.084125
vn -0.034946 0.000000 0.093695
vn -0.034946 0.000000 0.093695
vn -0.014231 0.000000 0.098982
vn -0.014231 0.000000 0.098982
vn 0.007134 -0.000000 0.099745
vn 0.007134 -0.000000 0.099745
vn 0.028173 -0.000000 0.095949
vn 0.028173 -0.000000 0.095949
vn 0.047925 -0.000000 0.087768
vn 0.047925 -0.000000 0.087768
vn 0.065486 -0.000000 0.075575
vn 0.065486 -0.000000 0.075575
vn 0.080054 -0.000000 0.059928
vn 0.080054 -0.000000 0.059928
vn 0.090963 -0.000000 0.041542
vn 0.090963 -0.000000 0.041542
vn 0.097715 -0.000000 0.021257
vn 0.097715 -0.000000 0.021257
vn 0.100000 -0.000000 0.000000
vn 0.100000 -0.000000 0.000000
vn 0.100000 0.000000 -0.000000
vn 0.100000 0.000000 -0.000000
vn 0.000000 -0.100000 0.000000
vn 0.017693 -0.098422 0.000000
vn 0.000000 -0.100000 0.000000
vn 0.019509 -0.098079 0.000000
vn 0.034828 -0.093739 0.000000
vn 0.038268 -0.092388 0.000000
vn 0.050864 -0.086098 0.000000
vn 0.055557 -0.083147 0.000000
vn 0.065295 -0.075740 0.000000
vn 0.070711 -0.070711 0.000000
vn 0.077665 -0.062993 0.000000
vn 0.083147 -0.055557 0.000000
vn 0.087585 -0.048258 0.000000
vn 0.092388 -0.038268 0.000000
vn 0.094742 -0.032000 0.000000
vn 0.098079 -0.019509 0.000000
vn 0.098725 -0.015920 0.000000
vn 0.100000 0.000000 0.000000
vn 0.100000 -0.000000 0.000000
vn 0.100000 0.000000 0.000000
vn 0.100000 0.000000 0.000000
vn 0.100000 0.000000 0.000000
vn 0.100000 0.000000 0.000000
vn 0.100000 0.000000 0.000000
vn 0.100000 0.000000 0.000000
vn 0.100000 0.000000 0.000000
vn 0.100000 0.000000 0.000000
vn 0.100000 0.000000 0.000000
vn 0.100000 0.000000 0.000000
vn 0.100000 0.000000 0.000000
vn 0.000000 -0.100000 0.000000
vn 0.000000 -0.100000 0.000000
vn -0.017693 -0.098422 0.000000
vn -0.019509 -0.098079 0.000000
vn -0.034828 -0.093739 0.000000
vn -0.038268 -0.092388 0.000000
vn -0.050864 -0.086098 0.000000
vn -0.055557 -0.083147 0.000000
vn -0.065295 -0.075740 0.000000
vn -0.070711 -0.070711 0.000000
vn -0.077665 -0.062993 0.000000
vn -0.083147 -0.055557 0.000000
vn -0.087585 -0.048258 0.000000
vn -0.092388 -0.038268 0.000000
vn -0.094742 -0.032000 0.000000
vn -0.098079 -0.019509 0.000000
vn -0.098725 -0.015920 0.000000
vn -0.100000 0.000000 -0.000000
vn -0.100000 -0.000000 0.000000
vn -0.100000 0.000000 -0.000000
vn -0.100000 0.000000 -0.000000
vn -0.100000 0.000000 -0.000000
vn -0.100000 0.000000 -0.000000
vn -0.100000 0.000000 -0.000000
vn -0.100000 0.000000 -0.000000
vn -0.100000 0.000000 -0.000000
vn -0.100000 0.000000 -0.000000
vn -0.100000 0.000000 -0.000000
vn -0.100000 0.000000 -0.000000
vn -0.100000 0.000000 -0.000000
vn -0.070711 0.000000 0.070711
vn -0.070711 0.000000 0.070711
vn -0.050000 0.000000 0.086603
vn -0.050000 0.000000 0.086603
vn -0.025882 0.000000 0.096593
vn -0.025882 0.000000 0.096593
vn -0.070711 -0.000000 0.070711
vn -0.070711 0.000000 0.070711
vn -0.055578 -0.002985 0.083079
vn -0.055788 -0.005713 0.082795
vn -0.050044 -0.003953 0.086487
vn -0.038596 -0.011208 0.091568
vn -0.032165 -0.006756 0.094445
vn -0.019840 -0.016253 0.096655
vn -0.012999 -0.009296 0.098715
vn -0.000320 -0.021030 0.097763
vn -0.000012 -0.008600 0.099630
vn -0.025882 0.000000 0.096593
vn -0.050000 0.000000 0.086603
vn -0.000000 0.096593 -0.025882
vn -0.025086 0.096503 -0.007608
vn -0.000000 0.100000 0.000000
vn -0.020542 0.096511 0.016240
vn -0.018301 0.096593 0.018301
vn -0.035355 0.086603 0.035355
vn -0.044633 0.086863 0.021512
vn -0.050000 0.070711 0.050000
vn -0.065594 0.071124 0.025276
vn -0.057652 0.065739 0.048524
vn -0.081955 0.050397 0.027268
vn -0.074716 0.045489 0.048459
vn -0.092569 0.026136 0.027347
vn -0.086541 0.022049 0.044996
vn -0.096593 0.000000 0.025882
vn -0.086603 0.000000 0.050000
vn -0.026209 0.091290 -0.031292
vn -0.000000 0.086603 -0.050000
vn -0.023837 0.081216 -0.053252
vn -0.000000 0.070711 -0.070711
vn -0.018126 0.066944 -0.072041
vn -0.009453 0.049414 -0.086423
vn -0.032934 0.037177 -0.086794
vn -0.000000 0.025882 -0.096593
vn -0.021262 0.016464 -0.096316
vn 0.000000 0.000000 -0.100000
vn -0.025882 0.000000 -0.096593
vn -0.000000 0.050000 -0.086603
vn -0.042644 0.001994 -0.090430
vn -0.050000 0.000000 -0.086603
vn -0.054106 0.022333 -0.081079
vn -0.071483 0.005923 -0.069678
vn -0.063091 0.040494 -0.066180
vn -0.079674 0.022477 -0.056097
vn -0.069007 0.055279 -0.046715
vn -0.085066 0.035954 -0.038354
vn -0.071464 0.065716 -0.023965
vn -0.087306 0.045468 -0.017617
vn -0.070301 0.071116 0.000571
vn -0.086246 0.050390 0.004748
vn -0.070711 0.000000 -0.070711
vn -0.086603 0.000000 -0.050000
vn -0.090669 0.002884 -0.042081
vn -0.095160 0.014108 -0.027304
vn -0.097026 0.022031 -0.010034
vn -0.096142 0.026130 0.008592
vn -0.096593 0.000000 -0.025882
vn -0.100000 0.000000 0.000000
vn -0.078454 0.014136 0.060375
vn -0.070711 0.000000 0.070711
vn -0.068301 0.025882 0.068301
vn -0.061237 0.050000 0.061237
vn -0.049426 0.086855 -0.003646
vn -0.050611 0.081356 -0.028632
vn -0.048109 0.070728 -0.051799
vn -0.042084 0.055671 -0.071622
vn 0.018301 0.096593 0.018301
vn 0.020542 0.096511 0.016240
vn -0.000000 0.100000 0.000000
vn 0.025086 0.096503 -0.007608
vn -0.000000 0.096593 -0.025882
vn 0.026209 0.091290 -0.031292
vn -0.000000 0.086603 -0.050000
vn 0.023837 0.081216 -0.053252
vn -0.000000 0.070711 -0.070711
vn 0.018126 0.066944 -0.072041
vn 0.009453 0.049414 -0.086423
vn 0.042084 0.055671 -0.071622
vn 0.032934 0.037177 -0.086794
vn 0.063091 0.040494 -0.066180
vn 0.054106 0.022333 -0.081079
vn 0.079674 0.022477 -0.056097
vn 0.071483 0.005923 -0.069678
vn 0.086603 0.000000 -0.050000
vn 0.070711 0.000000 -0.070711
vn 0.035355 0.086603 0.035355
vn 0.044633 0.086863 0.021512
vn 0.049426 0.086855 -0.003646
vn 0.050611 0.081356 -0.028632
vn 0.048109 0.070728 -0.051799
vn 0.050000 0.070711 0.050000
vn 0.065594 0.071124 0.025276
vn 0.070301 0.071116 0.000571
vn 0.071464 0.065716 -0.023965
vn 0.069007 0.055279 -0.046715
vn 0.057652 0.065739 0.048524
vn 0.061237 0.050000 0.061237
vn 0.074716 0.045489 0.048459
vn 0.068301 0.025882 0.068301
vn 0.078454 0.014136 0.060375
vn 0.070711 0.000000 0.070711
vn 0.086603 0.000000 0.050000
vn 0.086541 0.022049 0.044996
vn 0.096593 0.000000 0.025882
vn 0.092569 0.026136 0.027347
vn 0.096142 0.026130 0.008592
vn 0.086246 0.050390 0.004748
vn 0.087306 0.045468 -0.017617
vn 0.100000 0.000000 0.000000
vn 0.097026 0.022031 -0.010034
vn 0.085066 0.035954 -0.038354
vn 0.096593 0.000000 -0.025882
vn 0.095160 0.014108 -0.027304
vn 0.090669 0.002884 -0.042081
vn 0.050000 0.000000 -0.086603
vn 0.042644 0.001994 -0.090430
vn 0.025882 0.000000 -0.096593
vn 0.021262 0.016464 -0.096316
vn 0.000000 0.000000 -0.100000
vn 0.000000 0.025882 -0.096593
vn -0.000000 0.050000 -0.086603
vn 0.081955 0.050397 0.027268
vn -0.018301 -0.096593 0.018301
vn -0.020542 -0.096511 0.016240
vn -0.000000 -0.100000 0.000000
vn -0.025086 -0.096503 -0.007608
vn -0.000000 -0.096593 -0.025882
vn -0.026209 -0.091290 -0.031292
vn -0.000000 -0.086603 -0.050000
vn -0.023837 -0.081216 -0.053252
vn 0.000000 -0.070711 -0.070711
vn -0.018126 -0.066944 -0.072041
vn -0.009453 -0.049414 -0.086423
vn -0.042084 -0.055671 -0.071622
vn -0.032934 -0.037177 -0.086794
vn -0.063091 -0.040494 -0.066180
vn -0.054106 -0.022333 -0.081079
vn -0.079674 -0.022477 -0.056097
vn -0.071483 -0.005923 -0.069678
vn -0.086603 0.000000 -0.050000
vn -0.070711 0.000000 -0.070711
vn -0.035355 -0.086603 0.035355
vn -0.044633 -0.086863 0.021512
vn -0.049426 -0.086855 -0.003646
vn -0.050611 -0.081356 -0.028632
vn -0.048109 -0.070728 -0.051799
vn -0.050000 -0.070711 0.050000
vn -0.065594 -0.071124 0.025276
vn -0.070301 -0.071116 0.000571
vn -0.071464 -0.065716 -0.023965
vn -0.069007 -0.055279 -0.046715
vn -0.057652 -0.065739 0.048524
vn -0.061237 -0.050000 0.061237
vn -0.074716 -0.045489 0.048459
vn -0.068301 -0.025882 0.068301
vn -0.086541 -0.022049 0.044996
vn -0.078454 -0.014136 0.060375
vn -0.086603 0.000000 0.050000
vn -0.070711 0.000000 0.070711
vn -0.096593 0.000000 0.025882
vn -0.092569 -0.026136 0.027347
vn -0.081955 -0.050397 0.027268
vn -0.086246 -0.050390 0.004748
vn -0.096142 -0.026130 0.008592
vn -0.100000 0.000000 0.000000
vn -0.097026 -0.022031 -0.010034
vn -0.096593 0.000000 -0.025882
vn -0.095160 -0.014108 -0.027304
vn -0.090669 -0.002884 -0.042081
vn -0.050000 0.000000 -0.086603
vn -0.042644 -0.001994 -0.090430
vn -0.025882 0.000000 -0.096593
vn -0.021262 -0.016464 -0.096316
vn 0.000000 0.000000 -0.100000
vn 0.000000 -0.025882 -0.096593
vn 0.000000 -0.050000 -0.086603
vn -0.087306 -0.045468 -0.017617
vn -0.085066 -0.035954 -0.038354
vn -0.086603 0.000000 0.050000
vn -0.086603 0.000000 0.050000
vn -0.086603 0.000000 0.050000
vn -0.096593 0.000000 0.025882
vn -0.096593 0.000000 0.025882
vn -0.100000 0.000000 0.000000
vn -0.100000 0.000000 0.000000
vn -0.096593 0.000000 -0.025882
vn -0.096593 0.000000 -0.025882
vn -0.086603 0.000000 -0.050000
vn -0.070711 0.000000 -0.070711
vn -0.050000 0.000000 -0.086603
vn -0.025882 0.000000 -0.096593
vn -0.025882 0.000000 -0.096593
vn -0.025882 0.000000 -0.096593
vn -0.050000 0.000000 -0.086603
vn -0.050000 0.000000 -0.086603
vn -0.070711 0.000000 -0.070711
vn -0.070711 0.000000 -0.070711
vn -0.086603 0.000000 -0.050000
vn -0.086603 0.000000 -0.050000
vn -0.096593 0.000000 -0.025882
vn -0.100000 0.000000 0.000000
vn -0.096593 0.000000 0.025882
vn -0.070711 0.000000 -0.070711
vn -0.050000 0.000000 -0.086603
vn -0.025882 0.000000 -0.096593
vn -0.050000 0.000000 -0.086603
vn -0.025882 0.000000 -0.096593
vn -0.025882 0.000000 -0.096593
vn -0.100000 0.000000 0.000000
vn -0.096593 0.000000 0.025882
vn -0.086603 0.000000 0.050000
vn -0.096593 0.000000 0.025882
vn -0.086603 0.000000 0.050000
vn -0.086603 0.000000 0.050000
vn -0.096593 0.000000 0.025882
vn -0.100000 0.000000 0.000000
vn -0.096593 0.000000 -0.025882
vn -0.100000 0.000000 0.000000
vn -0.096593 0.000000 -0.025882
vn -0.086603 0.000000 -0.050000
vn -0.096593 0.000000 -0.025882
vn -0.086603 0.000000 -0.050000
vn -0.086603 0.000000 -0.050000
vn -0.070711 0.000000 -0.070711
vn -0.070711 0.000000 -0.070711
vn -0.050000 0.000000 -0.086603
vn -0.000000 -0.096593 -0.025882
vn 0.025086 -0.096503 -0.007608
vn -0.000000 -0.100000 0.000000
vn 0.020542 -0.096511 0.016240
vn 0.018301 -0.096593 0.018301
vn 0.035355 -0.086603 0.035355
vn 0.044633 -0.086863 0.021512
vn 0.050000 -0.070711 0.050000
vn 0.065594 -0.071124 0.025276
vn 0.057652 -0.065739 0.048524
vn 0.081955 -0.050397 0.027268
vn 0.074716 -0.045489 0.048459
vn 0.092569 -0.026136 0.027347
vn 0.086541 -0.022049 0.044996
vn 0.096593 0.000000 0.025882
vn 0.086603 0.000000 0.050000
vn 0.026209 -0.091290 -0.031292
vn -0.000000 -0.086603 -0.050000
vn 0.023837 -0.081216 -0.053252
vn -0.000000 -0.070711 -0.070711
vn 0.018126 -0.066944 -0.072041
vn 0.009453 -0.049414 -0.086423
vn 0.032934 -0.037177 -0.086794
vn 0.021262 -0.016464 -0.096316
vn 0.042644 -0.001994 -0.090430
vn 0.025882 0.000000 -0.096593
vn 0.050000 0.000000 -0.086603
vn -0.000000 -0.050000 -0.086603
vn -0.000000 -0.025882 -0.096593
vn 0.000000 0.000000 -0.100000
vn 0.070711 0.000000 -0.070711
vn 0.071483 -0.005923 -0.069678
vn 0.054106 -0.022333 -0.081079
vn 0.086603 0.000000 -0.050000
vn 0.079674 -0.022477 -0.056097
vn 0.063091 -0.040494 -0.066180
vn 0.069007 -0.055279 -0.046715
vn 0.048109 -0.070728 -0.051799
vn 0.050611 -0.081356 -0.028632
vn 0.090669 -0.002884 -0.042081
vn 0.096593 0.000000 -0.025882
vn 0.095160 -0.014108 -0.027304
vn 0.100000 0.000000 0.000000
vn 0.097026 -0.022031 -0.010034
vn 0.096142 -0.026130 0.008592
vn 0.086246 -0.050390 0.004748
vn 0.078454 -0.014136 0.060375
vn 0.070711 0.000000 0.070711
vn 0.068301 -0.025882 0.068301
vn 0.061237 -0.050000 0.061237
vn 0.049426 -0.086855 -0.003646
vn 0.070301 -0.071116 0.000571
vn 0.071464 -0.065716 -0.023965
vn 0.087306 -0.045468 -0.017617
vn 0.085066 -0.035954 -0.038354
vn 0.042084 -0.055671 -0.071622
vn 0.086603 0.000000 0.050000
vn 0.086603 0.000000 0.050000
vn 0.086603 0.000000 0.050000
vn 0.096593 0.000000 0.025882
vn 0.096593 0.000000 0.025882
vn 0.100000 0.000000 0.000000
vn 0.100000 0.000000 0.000000
vn 0.096593 0.000000 -0.025882
vn 0.096593 0.000000 -0.025882
vn 0.086603 0.000000 -0.050000
vn 0.070711 0.000000 -0.070711
vn 0.050000 0.000000 -0.086603
vn 0.025882 0.000000 -0.096593
vn 0.025882 0.000000 -0.096593
vn 0.025882 0.000000 -0.096593
vn 0.050000 0.000000 -0.086603
vn 0.050000 0.000000 -0.086603
vn 0.070711 0.000000 -0.070711
vn 0.070711 0.000000 -0.070711
vn 0.086603 0.000000 -0.050000
vn 0.086603 0.000000 -0.050000
vn 0.096593 0.000000 -0.025882
vn 0.100000 0.000000 0.000000
vn 0.096593 0.000000 0.025882
vn 0.070711 0.000000 -0.070711
vn 0.050000 0.000000 -0.086603
vn 0.025882 0.000000 -0.096593
vn 0.050000 0.000000 -0.086603
vn 0.025882 0.000000 -0.096593
vn 0.025882 0.000000 -0.096593
vn 0.100000 0.000000 0.000000
vn 0.096593 0.000000 0.025882
vn 0.086603 0.000000 0.050000
vn 0.096593 0.000000 0.025882
vn 0.086603 0.000000 0.050000
vn 0.086603 0.000000 0.050000
vn 0.096593 0.000000 0.025882
vn 0.100000 0.000000 0.000000
vn 0.096593 0.000000 -0.025882
vn 0.100000 0.000000 0.000000
vn 0.096593 0.000000 -0.025882
vn 0.086603 0.000000 -0.050000
vn 0.096593 0.000000 -0.025882
vn 0.086603 0.000000 -0.050000
vn 0.086603 0.000000 -0.050000
vn 0.070711 0.000000 -0.070711
vn 0.070711 0.000000 -0.070711
vn 0.050000 0.000000 -0.086603
vn 0.068301 -0.025882 0.068301
vn 0.068301 -0.025882 0.068301
vn 0.070711 -0.000000 0.070711
vn 0.068301 -0.025882 0.068301
vn 0.070711 -0.000000 0.070711
vn 0.068301 -0.025882 0.068301
vn 0.061237 -0.050000 0.061237
vn 0.061237 -0.050000 0.061237
vn 0.050000 -0.070711 0.050000
vn 0.035355 -0.086603 0.035355
vn 0.035355 -0.086603 0.035355
vn 0.018301 -0.096593 0.018301
vn 0.018301 -0.096593 0.018301
vn 0.000000 -0.100000 0.000000
vn 0.018301 -0.096593 0.018301
vn 0.000000 -0.100000 0.000000
vn 0.018301 -0.096593 0.018301
vn 0.035355 -0.086603 0.035355
vn 0.035355 -0.086603 0.035355
vn 0.050000 -0.070711 0.050000
vn 0.050000 -0.070711 0.050000
vn 0.061237 -0.050000 0.061237
vn 0.061237 -0.050000 0.061237
vn -0.000000 -0.025882 -0.096593
vn -0.000000 -0.025882 -0.096593
vn -0.000000 -0.025882 -0.096593
vn -0.000000 -0.050000 -0.086603
vn -0.000000 -0.050000 -0.086603
vn -0.000000 -0.070711 -0.070711
vn -0.000000 -0.070711 -0.070711
vn -0.000000 -0.086603 -0.050000
vn -0.000000 -0.086603 -0.050000
vn -0.000000 -0.096593 -0.025882
vn -0.000000 -0.096593 -0.025882
vn -0.000000 -0.096593 -0.025882
vn -0.000000 -0.096593 -0.025882
vn -0.000000 -0.086603 -0.050000
vn -0.000000 -0.086603 -0.050000
vn -0.000000 -0.070711 -0.070711
vn -0.000000 -0.070711 -0.070711
vn -0.000000 -0.050000 -0.086603
vn -0.000000 -0.050000 -0.086603
vn -0.000000 -0.025882 -0.096593
vn -0.000000 -0.025882 -0.096593
vn -0.000000 -0.025882 -0.096593
vn -0.000000 -0.050000 -0.086603
vn -0.000000 -0.070711 -0.070711
vn -0.000000 -0.086603 -0.050000
vn -0.000000 -0.096593 -0.025882
vn -0.000000 -0.050000 -0.086603
vn -0.000000 -0.070711 -0.070711
vn -0.000000 -0.086603 -0.050000
vn -0.000000 -0.096593 -0.025882
vn -0.000000 -0.096593 -0.025882
vn -0.000000 -0.096593 -0.025882
vn -0.000000 -0.096593 -0.025882
vn -0.000000 -0.086603 -0.050000
vn -0.000000 -0.086603 -0.050000
vn -0.000000 -0.070711 -0.070711
vn -0.000000 -0.025882 -0.096593
vn -0.000000 -0.025882 -0.096593
vn -0.000000 -0.050000 -0.086603
vn -0.000000 -0.025882 -0.096593
vn -0.000000 -0.025882 -0.096593
vn -0.000000 -0.050000 -0.086603
vn -0.000000 -0.050000 -0.086603
vn -0.000000 -0.070711 -0.070711
vn -0.000000 -0.050000 -0.086603
vn -0.000000 -0.070711 -0.070711
vn -0.000000 -0.086603 -0.050000
vn -0.000000 -0.070711 -0.070711
vn -0.000000 -0.086603 -0.050000
vn -0.000000 -0.096593 -0.025882
vn -0.018301 -0.096593 0.018301
vn -0.018301 -0.096593 0.018301
vn -0.000000 -0.100000 0.000000
vn -0.018301 -0.096593 0.018301
vn -0.000000 -0.100000 0.000000
vn -0.018301 -0.096593 0.018301
vn -0.035355 -0.086603 0.035355
vn -0.050000 -0.070711 0.050000
vn -0.061237 -0.050000 0.061237
vn -0.068301 -0.025882 0.068301
vn -0.068301 -0.025882 0.068301
vn -0.070711 -0.000000 0.070711
vn -0.068301 -0.025882 0.068301
vn -0.070711 -0.000000 0.070711
vn -0.068301 -0.025882 0.068301
vn -0.061237 -0.050000 0.061237
vn -0.061237 -0.050000 0.061237
vn -0.050000 -0.070711 0.050000
vn -0.050000 -0.070711 0.050000
vn -0.035355 -0.086603 0.035355
vn -0.035355 -0.086603 0.035355
vn -0.000000 0.025882 -0.096593
vn -0.000000 0.025882 -0.096593
vn -0.000000 0.025882 -0.096593
vn -0.000000 0.050000 -0.086603
vn -0.000000 0.050000 -0.086603
vn -0.000000 0.070711 -0.070711
vn -0.000000 0.070711 -0.070711
vn -0.000000 0.086603 -0.050000
vn -0.000000 0.086603 -0.050000
vn -0.000000 0.096593 -0.025882
vn -0.000000 0.096593 -0.025882
vn -0.000000 0.096593 -0.025882
vn -0.000000 0.096593 -0.025882
vn -0.000000 0.086603 -0.050000
vn -0.000000 0.086603 -0.050000
vn -0.000000 0.070711 -0.070711
vn -0.000000 0.070711 -0.070711
vn -0.000000 0.050000 -0.086603
vn -0.000000 0.050000 -0.086603
vn -0.000000 0.025882 -0.096593
vn -0.000000 0.025882 -0.096593
vn -0.000000 0.025882 -0.096593
vn -0.000000 0.050000 -0.086603
vn -0.000000 0.070711 -0.070711
vn -0.000000 0.086603 -0.050000
vn -0.000000 0.096593 -0.025882
vn -0.000000 0.050000 -0.086603
vn -0.000000 0.070711 -0.070711
vn -0.000000 0.086603 -0.050000
vn -0.000000 0.096593 -0.025882
vn -0.000000 0.096593 -0.025882
vn -0.000000 0.096593 -0.025882
vn -0.000000 0.096593 -0.025882
vn -0.000000 0.086603 -0.050000
vn -0.000000 0.086603 -0.050000
vn -0.000000 0.070711 -0.070711
vn -0.000000 0.025882 -0.096593
vn -0.000000 0.025882 -0.096593
vn -0.000000 0.050000 -0.086603
vn -0.000000 0.025882 -0.096593
vn -0.000000 0.025882 -0.096593
vn -0.000000 0.050000 -0.086603
vn -0.000000 0.050000 -0.086603
vn -0.000000 0.070711 -0.070711
vn -0.000000 0.050000 -0.086603
vn -0.000000 0.070711 -0.070711
vn -0.000000 0.086603 -0.050000
vn -0.000000 0.070711 -0.070711
vn -0.000000 0.086603 -0.050000
vn -0.000000 0.096593 -0.025882
vn 0.070711 -0.000000 0.070711
vn 0.070711 0.000000 0.070711
vn 0.070370 0.009802 0.070370
vn 0.068301 0.025882 0.068301
vn 0.068301 0.025882 0.068301
vn 0.061237 0.050000 0.061237
vn 0.061237 0.050000 0.061237
vn 0.050000 0.070711 0.050000
vn 0.050000 0.070711 0.050000
vn 0.035355 0.086603 0.035355
vn 0.039285 0.083147 0.039285
vn 0.027060 0.092388 0.027060
vn 0.018301 0.096593 0.018301
vn 0.013795 0.098079 0.013795
vn -0.000000 0.100000 -0.000000
vn 0.018301 0.096593 0.018301
vn 0.018301 0.096593 0.018301
vn 0.035355 0.086603 0.035355
vn 0.035355 0.086603 0.035355
vn 0.050000 0.070711 0.050000
vn 0.050000 0.070711 0.050000
vn 0.061237 0.050000 0.061237
vn 0.061237 0.050000 0.061237
vn 0.068301 0.025882 0.068301
vn 0.068301 0.025882 0.068301
vn 0.068301 0.025882 0.068301
vn 0.061237 0.050000 0.061237
vn 0.061237 0.050000 0.061237
vn 0.050000 0.070711 0.050000
vn 0.035355 0.086603 0.035355
vn 0.035355 0.086603 0.035355
vn 0.018301 0.096593 0.018301
vn 0.018301 0.096593 0.018301
vn 0.000000 0.100000 0.000000
vn 0.018301 0.096593 0.018301
vn 0.018301 0.096593 0.018301
vn 0.018301 0.096593 0.018301
vn 0.035355 0.086603 0.035355
vn 0.050000 0.070711 0.050000
vn 0.058794 0.055557 0.058794
vn 0.061237 0.050000 0.061237
vn 0.065328 0.038268 0.065328
vn 0.068301 0.025882 0.068301
vn 0.069352 0.019509 0.069352
vn 0.068301 0.025882 0.068301
vn 0.061237 0.050000 0.061237
vn 0.068301 0.025882 0.068301
vn 0.050000 0.070711 0.050000
vn 0.050000 0.070711 0.050000
vn 0.035355 0.086603 0.035355
vn 0.035355 0.086603 0.035355
vn 0.000000 0.100000 -0.000000
vn -0.000000 0.100000 0.000000
vn -0.013795 0.098079 0.013795
vn -0.018301 0.096593 0.018301
vn -0.018301 0.096593 0.018301
vn -0.035355 0.086603 0.035355
vn -0.035355 0.086603 0.035355
vn -0.050000 0.070711 0.050000
vn -0.039285 0.083147 0.039285
vn -0.050000 0.070711 0.050000
vn -0.058794 0.055557 0.058794
vn -0.061237 0.050000 0.061237
vn -0.065328 0.038268 0.065328
vn -0.068301 0.025882 0.068301
vn -0.069352 0.019509 0.069352
vn -0.070370 0.009802 0.070370
vn -0.070711 -0.000000 0.070711
vn -0.068301 0.025882 0.068301
vn -0.068301 0.025882 0.068301
vn -0.061237 0.050000 0.061237
vn -0.061237 0.050000 0.061237
vn -0.050000 0.070711 0.050000
vn -0.050000 0.070711 0.050000
vn -0.035355 0.086603 0.035355
vn -0.035355 0.086603 0.035355
vn -0.018301 0.096593 0.018301
vn -0.018301 0.096593 0.018301
vn -0.018301 0.096593 0.018301
vn -0.035355 0.086603 0.035355
vn -0.050000 0.070711 0.050000
vn -0.061237 0.050000 0.061237
vn -0.068301 0.025882 0.068301
vn -0.068301 0.025882 0.068301
vn -0.070711 0.000000 0.070711
vn -0.068301 0.025882 0.068301
vn -0.068301 0.025882 0.068301
vn -0.068301 0.025882 0.068301
vn -0.061237 0.050000 0.061237
vn -0.027060 0.092388 0.027060
vn -0.018301 0.096593 0.018301
vn -0.018301 0.096593 0.018301
vn -0.018301 0.096593 0.018301
vn -0.035355 0.086603 0.035355
vn -0.050000 0.070711 0.050000
vn -0.035355 0.086603 0.035355
vn -0.050000 0.070711 0.050000
vn -0.050000 0.070711 0.050000
vn -0.061237 0.050000 0.061237
vn -0.061237 0.050000 0.061237
vn 0.070711 -0.000000 0.070711
vn 0.067844 -0.017631 0.071318
vn 0.070711 -0.000000 0.070711
vn 0.068681 -0.019002 0.070156
vn 0.068396 -0.025880 0.068207
vn 0.064121 -0.037094 0.067175
vn 0.061231 -0.050007 0.061237
vn 0.059840 -0.048184 0.064011
vn 0.051547 -0.063937 0.057052
vn 0.055562 -0.050538 0.066021
vn 0.046827 -0.064788 0.060081
vn 0.062795 -0.034504 0.069758
vn 0.041547 -0.077210 0.048088
vn 0.036560 -0.076988 0.052309
vn 0.029648 -0.087892 0.037364
vn 0.024894 -0.086863 0.042837
vn 0.012801 -0.093871 0.032006
vn 0.017038 -0.095244 0.025265
vn 0.000033 -0.097943 0.020181
vn -0.000146 -0.099632 0.008573
vn -0.000000 -0.100000 0.000000
vn 0.018332 -0.096593 0.018268
vn 0.035364 -0.086598 0.035356
vn 0.050051 -0.070711 0.049949
vn -0.000033 -0.097943 0.020181
vn -0.012801 -0.093871 0.032006
vn 0.000146 -0.099632 0.008573
vn -0.013417 -0.096686 0.021721
vn -0.018332 -0.096593 0.018268
vn -0.026176 -0.090288 0.034101
vn -0.035364 -0.086598 0.035356
vn -0.034106 -0.084385 0.041425
vn -0.045370 -0.072707 0.051529
vn -0.036560 -0.076988 0.052309
vn -0.046827 -0.064788 0.060081
vn -0.024894 -0.086863 0.042837
vn -0.054716 -0.058549 0.059818
vn -0.055562 -0.050538 0.066021
vn -0.062388 -0.041980 0.065919
vn -0.062795 -0.034504 0.069758
vn -0.067665 -0.024139 0.069561
vn -0.067844 -0.017631 0.071318
vn -0.070711 0.000000 0.070711
vn -0.070711 -0.000000 0.070711
vn -0.068396 -0.025880 0.068207
vn -0.061231 -0.050007 0.061237
vn -0.050051 -0.070711 0.049949
vn 0.025882 0.000000 0.096593
vn 0.025882 0.000000 0.096593
vn 0.050000 0.000000 0.086603
vn 0.050000 0.000000 0.086603
vn 0.070711 0.000000 0.070711
vn 0.070711 0.000000 0.070711
vn 0.000012 -0.008600 0.099630
vn 0.000320 -0.021030 0.097763
vn 0.019548 -0.008475 0.097704
vn 0.019840 -0.016253 0.096655
vn 0.025917 -0.007631 0.096281
vn 0.038596 -0.011208 0.091568
vn 0.044286 -0.004906 0.089525
vn 0.055788 -0.005713 0.082795
vn 0.060949 -0.001989 0.079254
vn 0.070711 -0.000000 0.070711
vn 0.070711 0.000000 0.070711
vn 0.050000 -0.000000 0.086603
vn 0.025882 -0.000000 0.096593
vn 0.038441 -0.010984 0.091661
vn 0.047686 -0.014927 0.086621
vn 0.055757 -0.005865 0.082806
vn 0.054123 -0.011586 0.083285
vn 0.060098 -0.008077 0.079517
vn 0.060743 -0.011028 0.078668
vn 0.065949 -0.005773 0.074950
vn 0.066066 -0.006424 0.074793
vn 0.070710 -0.000001 0.070711
vn 0.019659 -0.015974 0.096739
vn 0.027254 -0.023834 0.093216
vn 0.037697 -0.019554 0.090535
vn 0.048791 -0.020649 0.084812
vn 0.055048 -0.015944 0.081948
vn 0.055429 -0.017905 0.081284
vn 0.060996 -0.012333 0.078278
vn 0.061200 -0.013560 0.077914
vn 0.066153 -0.007029 0.074661
vn 0.066242 -0.008146 0.074469
vn 0.070710 -0.000001 0.070711
vn 0.000000 -0.020214 0.097936
vn 0.008807 -0.029867 0.095028
vn 0.018182 -0.027035 0.094544
vn 0.028267 -0.032999 0.090067
vn 0.038801 -0.027122 0.088084
vn 0.039285 -0.030651 0.086702
vn 0.049261 -0.023264 0.083857
vn 0.049669 -0.025767 0.082880
vn 0.055750 -0.019765 0.080630
vn 0.056214 -0.023293 0.079356
vn 0.061464 -0.015857 0.077270
vn 0.061784 -0.018221 0.076490
vn 0.066370 -0.009301 0.074220
vn 0.066877 -0.011570 0.073441
vn 0.070710 -0.000002 0.070711
vn 0.000014 -0.033906 0.094076
vn 0.009218 -0.041070 0.090710
vn 0.018995 -0.037330 0.090806
vn 0.019378 -0.042250 0.088541
vn 0.028728 -0.037336 0.088208
vn 0.029149 -0.041559 0.086158
vn 0.039714 -0.034061 0.085221
vn 0.040408 -0.040673 0.081932
vn 0.050297 -0.030563 0.080846
vn 0.050949 -0.035417 0.078421
vn 0.056728 -0.026897 0.077836
vn 0.058092 -0.033618 0.074129
vn 0.062798 -0.022763 0.074419
vn 0.062349 -0.034489 0.070165
vn 0.066938 -0.017667 0.072161
vn -0.000198 -0.046646 0.088454
vn 0.009417 -0.046464 0.088048
vn 0.019743 -0.047064 0.085995
vn 0.029876 -0.049803 0.081407
vn 0.041077 -0.047258 0.077971
vn 0.052422 -0.044150 0.072820
vn 0.055835 -0.050256 0.066006
vn 0.009624 -0.051762 0.085018
vn -0.000313 -0.058870 0.080835
vn 0.010124 -0.062153 0.077683
vn -0.000030 -0.070676 0.070745
vn 0.010697 -0.071954 0.068616
vn 0.000199 -0.080827 0.058881
vn 0.010490 -0.085798 0.050286
vn -0.000142 -0.088473 0.046611
vn -0.000477 -0.094094 0.033855
vn 0.000000 -0.097936 0.020214
vn 0.013051 -0.093811 0.032080
vn 0.021203 -0.079112 0.057373
vn 0.024944 -0.086815 0.042906
vn 0.031071 -0.070668 0.063566
vn 0.036068 -0.077164 0.052391
vn 0.046727 -0.064797 0.060149
vn 0.042205 -0.058426 0.069319
vn 0.070710 -0.000002 0.070711
vn 0.070710 -0.000002 0.070711
vn 0.070710 -0.000001 0.070711
vn 0.070710 -0.000001 0.070711
vn 0.065629 -0.004275 0.075330
vn 0.070710 -0.000001 0.070711
vn 0.020437 -0.056493 0.079943
vn 0.030526 -0.057856 0.075636
vn 0.021078 -0.065538 0.072529
vn -0.062349 -0.034489 0.070165
vn -0.063457 -0.024826 0.073191
vn -0.066938 -0.017667 0.072161
vn -0.067209 -0.012612 0.072965
vn -0.070710 -0.000002 0.070711
vn -0.058969 -0.036606 0.071991
vn -0.055835 -0.050256 0.066006
vn -0.053372 -0.047924 0.069676
vn -0.046727 -0.064797 0.060149
vn -0.043000 -0.063024 0.064645
vn -0.036068 -0.077164 0.052391
vn -0.031509 -0.075669 0.057284
vn -0.024944 -0.086815 0.042906
vn -0.021344 -0.084136 0.049654
vn -0.013051 -0.093811 0.032080
vn -0.010386 -0.090588 0.041059
vn 0.000000 -0.097936 0.020214
vn 0.000522 -0.094079 0.033894
vn -0.010374 -0.088111 0.046139
vn 0.000186 -0.088458 0.046639
vn -0.010472 -0.085330 0.051080
vn -0.010728 -0.078769 0.060665
vn -0.021226 -0.072081 0.065983
vn -0.020988 -0.063278 0.074534
vn -0.030412 -0.055807 0.077206
vn -0.029655 -0.046848 0.083222
vn -0.040196 -0.038303 0.083170
vn -0.038642 -0.026000 0.088492
vn -0.048633 -0.019813 0.085102
vn -0.038441 -0.010984 0.091661
vn -0.055757 -0.005865 0.082806
vn -0.000194 -0.080840 0.058863
vn -0.010632 -0.069547 0.071064
vn -0.020221 -0.053119 0.082277
vn -0.028120 -0.031625 0.090604
vn -0.000030 -0.070754 0.070668
vn -0.009961 -0.058443 0.080530
vn -0.018877 -0.035774 0.091454
vn -0.019659 -0.015974 0.096739
vn 0.000279 -0.058888 0.080821
vn 0.000184 -0.046617 0.088469
vn -0.009162 -0.039366 0.091468
vn -0.000013 -0.033866 0.094091
vn -0.000000 -0.020214 0.097936
vn -0.070710 -0.000000 0.070712
vn -0.065907 -0.005563 0.075002
vn -0.060655 -0.010607 0.078794
vn -0.054918 -0.015314 0.082155
vn -0.056073 -0.022034 0.079814
vn -0.050103 -0.028847 0.081594
vn -0.050771 -0.034132 0.079103
vn -0.040923 -0.045547 0.079062
vn -0.041569 -0.052442 0.074309
vn -0.030816 -0.063917 0.070463
vn -0.031018 -0.070198 0.064110
vn -0.021172 -0.078633 0.058039
vn -0.021199 -0.081510 0.053915
vn -0.070710 -0.000001 0.070711
vn -0.066220 -0.007750 0.074530
vn -0.070710 -0.000001 0.070711
vn -0.066321 -0.008984 0.074302
vn -0.070710 -0.000001 0.070711
vn -0.066569 -0.010318 0.073906
vn -0.070710 -0.000002 0.070711
vn -0.066834 -0.011478 0.073494
vn -0.070710 -0.000002 0.070711
vn -0.067002 -0.012048 0.073250
vn -0.070710 -0.000002 0.070711
vn -0.031199 -0.073033 0.060768
vn -0.042494 -0.060581 0.067262
vn -0.052788 -0.045904 0.071458
vn -0.058433 -0.034998 0.073217
vn -0.063052 -0.023712 0.073907
vn -0.042118 -0.058002 0.069727
vn -0.052316 -0.043808 0.073102
vn -0.057993 -0.033349 0.074328
vn -0.062720 -0.022579 0.074541
vn -0.051565 -0.039406 0.076080
vn -0.057286 -0.029939 0.076302
vn -0.056574 -0.025930 0.078275
vn -0.062190 -0.020264 0.075643
vn -0.061678 -0.017579 0.076726
vn -0.061388 -0.015040 0.077494
vn 0.000000 -0.100000 0.000000
vn 0.000000 -0.008500 0.099638
vn 0.000000 -0.017522 0.098453
vn 0.000000 -0.017522 0.098453
vn 0.000000 -0.017522 0.098453
vn 0.000000 -0.017522 0.098453
vn 0.000000 -0.035713 0.093405
vn 0.000000 -0.035713 0.093405
vn 0.000000 -0.053489 0.084492
vn 0.000000 -0.053489 0.084492
vn 0.000000 -0.069566 0.071837
vn 0.000000 -0.069566 0.071837
vn 0.000000 -0.083198 0.055480
vn 0.000000 -0.083198 0.055480
vn 0.000000 -0.092852 0.037129
vn 0.000000 -0.092852 0.037129
vn 0.000000 -0.098325 0.018224
vn 0.000000 -0.098325 0.018224
vn 0.000000 -0.098325 0.018224
vn 0.000000 -0.099645 0.008423
vn 0.000000 -0.098325 0.018224
vn 0.000000 -0.098325 0.018224
vn 0.000000 -0.092852 0.037129
vn 0.000000 -0.092852 0.037129
vn 0.000000 -0.083198 0.055480
vn 0.000000 -0.083198 0.055480
vn 0.000000 -0.069566 0.071837
vn 0.000000 -0.069566 0.071837
vn 0.000000 -0.053489 0.084492
vn 0.000000 -0.053489 0.084492
vn 0.000000 -0.035713 0.093405
vn 0.000000 -0.035713 0.093405
vn 0.000000 -0.017522 0.098453
vn 0.000000 -0.017522 0.098453
vn 0.000000 -0.008500 0.099638
vn 0.000000 -0.035713 0.093405
vn 0.000000 -0.033440 0.094243
vn 0.000000 -0.046643 0.088456
vn 0.000000 -0.053489 0.084492
vn 0.000000 -0.059248 0.080559
vn 0.000000 -0.069566 0.071837
vn 0.000000 -0.070715 0.070706
vn 0.000000 -0.080568 0.059235
vn 0.000000 -0.083198 0.055480
vn 0.000000 -0.088461 0.046633
vn 0.000000 -0.092852 0.037129
vn 0.000000 -0.094245 0.033435
vn 0.000000 -0.098325 0.018224
vn 0.000000 -0.097936 0.020214
vn 0.000000 -0.098325 0.018224
vn 0.000000 -0.098325 0.018224
vn 0.000000 -0.092852 0.037129
vn 0.000000 -0.092852 0.037129
vn 0.000000 -0.083198 0.055480
vn 0.000000 -0.083198 0.055480
vn 0.000000 -0.069566 0.071837
vn 0.000000 -0.069566 0.071837
vn 0.000000 -0.053489 0.084492
vn 0.000000 -0.020214 0.097936
vn 0.000000 -0.035713 0.093405
vn 0.000000 -0.035713 0.093405
vn 0.000000 -0.033439 0.094243
vn 0.000000 -0.046640 0.088457
vn 0.000000 -0.053489 0.084492
vn 0.000000 -0.059244 0.080561
vn 0.000000 -0.069566 0.071837
vn 0.000000 -0.070715 0.070707
vn 0.000000 -0.080565 0.059239
vn 0.000000 -0.083198 0.055480
vn 0.000000 -0.088460 0.046635
vn 0.000000 -0.092852 0.037129
vn 0.000000 -0.094245 0.033435
vn 0.000000 -0.098325 0.018224
vn 0.000000 -0.099645 0.008423
vn 0.000000 -0.098325 0.018224
vn 0.000000 -0.092852 0.037129
vn 0.000000 -0.083198 0.055480
vn 0.000000 -0.069566 0.071837
vn 0.000000 -0.053489 0.084492
vn 0.000000 -0.017522 0.098453
vn 0.000000 -0.035713 0.093405
vn 0.000000 -0.053489 0.084492
vn 0.000000 -0.069566 0.071837
vn 0.000000 -0.083198 0.055480
vn 0.000000 -0.092852 0.037129
vn 0.000000 -0.017522 0.098453
vn 0.000000 -0.017522 0.098453
vn 0.000000 -0.017522 0.098453
vn 0.000000 -0.035713 0.093405
vn 0.000000 -0.035713 0.093405
vn 0.000000 -0.053489 0.084492
vn 0.000000 -0.098325 0.018224
vn 0.000000 -0.098325 0.018224
vn 0.000000 -0.092852 0.037129
vn 0.000000 -0.092852 0.037129
vn 0.000000 -0.083198 0.055480
vn 0.000000 -0.098325 0.018224
vn 0.000000 -0.017522 0.098453
vn 0.000000 -0.017522 0.098453
vn 0.000000 -0.092852 0.037129
vn 0.000000 -0.083198 0.055480
vn 0.000000 -0.083198 0.055480
vn 0.000000 -0.069566 0.071837
vn 0.000000 -0.069566 0.071837
vn 0.000000 -0.069566 0.071837
vn 0.000000 -0.053489 0.084492
vn 0.000000 -0.053489 0.084492
vn 0.000000 -0.053489 0.084492
vn 0.000000 -0.035713 0.093405
vn 0.000000 -0.035713 0.093405
vn 0.000000 -0.035713 0.093405
vn 0.000000 -0.017522 0.098453
vn -0.000000 0.000000 -0.100000
vn -0.000000 0.000000 -0.100000
vn -0.000000 0.000000 -0.100000
vn -0.000000 0.000000 -0.100000
vn -0.000000 0.000000 -0.100000
vn -0.000000 0.000000 -0.100000
vn -0.000000 0.000000 -0.100000
vn -0.000000 0.000000 -0.100000
vn -0.070711 0.000000 0.070711
vn -0.070711 0.000000 0.070711
vn -0.070370 -0.009802 0.070370
vn -0.068301 -0.025882 0.068301
vn -0.069352 -0.019509 0.069352
vn -0.065328 -0.038268 0.065328
vn -0.061237 -0.050000 0.061237
vn -0.058794 -0.055557 0.058794
vn -0.050000 -0.070711 0.050000
vn -0.050000 -0.070711 0.050000
vn -0.039285 -0.083147 0.039285
vn -0.035355 -0.086603 0.035355
vn -0.027060 -0.092388 0.027060
vn -0.018301 -0.096593 0.018301
vn -0.013795 -0.098079 0.013795
vn 0.000000 -0.100000 -0.000000
vn -0.018301 -0.096593 0.018301
vn 0.000000 -0.100000 -0.000000
vn -0.018301 -0.096593 0.018301
vn -0.035355 -0.086603 0.035355
vn -0.035355 -0.086603 0.035355
vn -0.050000 -0.070711 0.050000
vn -0.050000 -0.070711 0.050000
vn -0.061237 -0.050000 0.061237
vn -0.061237 -0.050000 0.061237
vn -0.068301 -0.025882 0.068301
vn -0.068301 -0.025882 0.068301
vn -0.070711 -0.000000 0.070711
vn -0.070711 0.000000 0.070711
vn -0.082906 -0.002320 0.055867
vn -0.086825 0.000227 0.049612
vn -0.091704 -0.004475 0.039629
vn -0.096563 0.000430 0.025987
vn -0.096373 -0.006065 0.025989
vn -0.099049 -0.007574 0.011484
vn -0.095310 -0.013090 0.027290
vn -0.097780 -0.016335 0.013124
vn -0.091794 -0.023999 0.031590
vn -0.093570 -0.029984 0.018593
vn -0.088579 -0.029759 0.035611
vn -0.089732 -0.037219 0.023727
vn -0.085144 -0.033891 0.040024
vn -0.085645 -0.042445 0.029382
vn -0.081513 -0.036790 0.044746
vn -0.081324 -0.046147 0.035451
vn -0.078313 -0.038178 0.049087
vn -0.077540 -0.047964 0.041072
vn -0.075188 -0.038696 0.053380
vn -0.073849 -0.048689 0.046645
vn -0.072416 -0.038354 0.057314
vn -0.070592 -0.048326 0.051782
vn -0.070080 -0.037319 0.060796
vn -0.067867 -0.047091 0.056360
vn -0.067907 -0.035815 0.064078
vn -0.065338 -0.045257 0.060686
vn -0.061231 -0.050007 0.061238
vn -0.061968 -0.054379 0.056594
vn -0.058053 -0.062797 0.051830
vn -0.060944 -0.065061 0.045308
vn -0.056563 -0.072691 0.038943
vn -0.059718 -0.073975 0.031007
vn -0.054610 -0.080492 0.023212
vn -0.058335 -0.080078 0.013585
vn -0.052174 -0.085187 0.004580
vn -0.056220 -0.082459 -0.006314
vn -0.048603 -0.085879 -0.016204
vn -0.052371 -0.080627 -0.027505
vn -0.040906 -0.081963 -0.040110
vn -0.044538 -0.073123 -0.051665
vn -0.034329 -0.071923 -0.060403
vn -0.036895 -0.060764 -0.070331
vn -0.025351 -0.058093 -0.077347
vn -0.026959 -0.044992 -0.085141
vn -0.013888 -0.041633 -0.089854
vn -0.014862 -0.021497 -0.096525
vn 0.000033 -0.026039 -0.096550
vn -0.015280 -0.010480 -0.098268
vn -0.000283 0.000064 -0.100000
vn -0.026474 0.000349 -0.096431
vn -0.029556 -0.011312 -0.094860
vn -0.042983 -0.011929 -0.089499
vn -0.042045 -0.025013 -0.087215
vn -0.054467 -0.025999 -0.079733
vn -0.050935 -0.048967 -0.070766
vn -0.064742 -0.049317 -0.058106
vn -0.060885 -0.062275 -0.049141
vn -0.069786 -0.060775 -0.037899
vn -0.065256 -0.070424 -0.027968
vn -0.072156 -0.067165 -0.016805
vn -0.067031 -0.073925 -0.006471
vn -0.072414 -0.068843 0.004108
vn -0.067914 -0.072202 0.013216
vn -0.072167 -0.065362 0.022798
vn -0.067845 -0.066658 0.030884
vn -0.071313 -0.058215 0.039057
vn -0.067718 -0.057877 0.045437
vn -0.099998 0.000599 -0.000307
vn -0.099522 -0.008979 -0.003845
vn -0.098094 -0.019342 -0.001884
vn -0.093347 -0.035554 0.004722
vn -0.089036 -0.044189 0.010950
vn -0.084463 -0.050476 0.017838
vn -0.079624 -0.054976 0.025255
vn -0.075413 -0.057250 0.032176
vn -0.097706 -0.010136 -0.018729
vn -0.096447 0.000702 -0.026411
vn -0.093850 -0.011035 -0.032716
vn -0.086765 0.000731 -0.049713
vn -0.088076 -0.011708 -0.045886
vn -0.080334 -0.012169 -0.058296
vn -0.086540 -0.025072 -0.043385
vn -0.078859 -0.025978 -0.055735
vn -0.081489 -0.046473 -0.034637
vn -0.074067 -0.048338 -0.046663
vn -0.076953 -0.058219 -0.026245
vn -0.070822 0.000685 -0.070596
vn -0.070453 -0.012408 -0.069874
vn -0.069089 -0.026381 -0.067311
vn -0.055618 -0.012312 -0.082189
vn -0.049916 0.000556 -0.086649
vn -0.000123 -0.049947 -0.086633
vn -0.013121 -0.054324 -0.082926
vn -0.023595 -0.069419 -0.068002
vn -0.031444 -0.081263 -0.049066
vn -0.037841 -0.088103 -0.028389
vn -0.044964 -0.089201 -0.004626
vn -0.048677 -0.086038 0.015100
vn -0.051531 -0.079436 0.032163
vn -0.053643 -0.070412 0.046525
vn -0.050058 -0.070711 0.049942
vn -0.012242 -0.065676 -0.074409
vn -0.000011 -0.070700 -0.070722
vn -0.011094 -0.075777 -0.064302
vn 0.000084 -0.086594 -0.050014
vn -0.010138 -0.084042 -0.053237
vn -0.009343 -0.090568 -0.041354
vn -0.018243 -0.092465 -0.033429
vn -0.016943 -0.096325 -0.020842
vn -0.024813 -0.096050 -0.012600
vn -0.023174 -0.097278 -0.000257
vn -0.030346 -0.094981 0.007597
vn -0.028448 -0.093938 0.019141
vn -0.036878 -0.088635 0.027997
vn -0.035365 -0.086598 0.035356
vn -0.043110 -0.083340 0.034583
vn -0.048680 -0.077256 0.040763
vn 0.000020 -0.096597 -0.025864
vn -0.008719 -0.095359 -0.028822
vn -0.015776 -0.098416 -0.008084
vn -0.021690 -0.096884 0.011956
vn -0.018335 -0.096593 0.018265
vn -0.008069 -0.098411 -0.015815
vn -0.007540 -0.099679 -0.002676
vn -0.014745 -0.098797 0.004664
vn -0.068431 -0.025880 0.068172
vn -0.069690 -0.026096 0.066801
vn -0.071394 -0.027230 0.064509
vn -0.073224 -0.028026 0.062070
vn -0.075380 -0.028318 0.059295
vn -0.077801 -0.027981 0.056250
vn -0.080279 -0.027006 0.053159
vn -0.083076 -0.024916 0.049775
vn -0.085723 -0.021909 0.046600
vn -0.088192 -0.017686 0.043696
vn -0.090886 -0.009659 0.040577
vn -0.070840 -0.013285 0.069320
vn -0.070711 0.000000 0.070711
vn -0.070711 -0.000000 0.070711
vn -0.071785 -0.013889 0.068220
vn -0.070711 -0.000000 0.070711
vn -0.072804 -0.014323 0.067041
vn -0.073991 -0.014501 0.065689
vn -0.070711 -0.000000 0.070711
vn -0.075318 -0.014359 0.064195
vn -0.070711 0.000000 0.070711
vn -0.076681 -0.013887 0.062667
vn -0.078207 -0.012840 0.060982
vn -0.070711 -0.000000 0.070710
vn -0.079653 -0.011310 0.059392
vn -0.070711 -0.000000 0.070710
vn -0.080998 -0.009144 0.057929
vn -0.070711 -0.000000 0.070711
vn -0.082461 -0.005001 0.056349
vn -0.028862 -0.023501 -0.092815
vn -0.092299 -0.023688 -0.030329
vn -0.087160 -0.043764 -0.022086
vn -0.082527 -0.054652 -0.014228
vn -0.077627 -0.062805 -0.005446
vn -0.096187 -0.021801 -0.016518
vn -0.091139 -0.040164 -0.008978
vn -0.086571 -0.050021 -0.001831
vn -0.081735 -0.057289 0.006111
vn -0.076608 -0.062571 0.014700
vn -0.039285 -0.047456 -0.078769
vn -0.047837 -0.062268 -0.061921
vn -0.056798 -0.072534 -0.038895
vn -0.060388 -0.077869 -0.017020
vn -0.062623 -0.077885 0.003502
vn -0.063534 -0.073914 0.022365
vn -0.064069 -0.066462 0.038445
vn -0.064732 -0.056494 0.051168
vn -0.021540 -0.079181 -0.057153
vn -0.029020 -0.088118 -0.037323
vn -0.034908 -0.092289 -0.016251
vn -0.041842 -0.090579 0.006690
vn -0.045784 -0.085314 0.025008
vn -0.019820 -0.086747 -0.045631
vn -0.026732 -0.093052 -0.025035
vn -0.032423 -0.094506 -0.004172
vn -0.039258 -0.090293 0.017495
vn -0.070711 0.000000 0.070711
vn -0.070711 0.000000 0.070711
vn -0.086603 0.000000 0.050000
vn -0.086603 0.000000 0.050000
vn -0.096593 0.000000 0.025882
vn -0.096593 0.000000 0.025882
vn -0.100000 0.000000 0.000000
vn -0.100000 0.000000 0.000000
vn -0.096593 0.000000 -0.025882
vn -0.096593 0.000000 -0.025882
vn -0.086603 0.000000 -0.050000
vn -0.086603 0.000000 -0.050000
vn -0.070711 0.000000 -0.070711
vn -0.070711 0.000000 -0.070711
vn -0.050000 0.000000 -0.086603
vn -0.050000 0.000000 -0.086603
vn -0.025882 0.000000 -0.096593
vn -0.025882 0.000000 -0.096593
vn 0.000000 0.000000 -0.100000
vn 0.000000 0.000000 -0.100000
vn -0.000000 -0.100000 -0.000000
vn 0.000000 -0.100000 0.000000
vn 0.013795 -0.098079 0.013795
vn 0.018301 -0.096593 0.018301
vn 0.027060 -0.092388 0.027060
vn 0.035355 -0.086603 0.035355
vn 0.039285 -0.083147 0.039285
vn 0.050000 -0.070711 0.050000
vn 0.050000 -0.070711 0.050000
vn 0.058794 -0.055557 0.058794
vn 0.061237 -0.050000 0.061237
vn 0.065328 -0.038268 0.065328
vn 0.068301 -0.025882 0.068301
vn 0.069352 -0.019509 0.069352
vn 0.070370 -0.009802 0.070370
vn 0.070711 0.000000 0.070711
vn 0.068301 -0.025882 0.068301
vn 0.070711 -0.000000 0.070711
vn 0.068301 -0.025882 0.068301
vn 0.061237 -0.050000 0.061237
vn 0.061237 -0.050000 0.061237
vn 0.050000 -0.070711 0.050000
vn 0.050000 -0.070711 0.050000
vn 0.035355 -0.086603 0.035355
vn 0.035355 -0.086603 0.035355
vn 0.018301 -0.096593 0.018301
vn 0.018301 -0.096593 0.018301
vn -0.000033 -0.026039 -0.096550
vn 0.000283 0.000064 -0.100000
vn 0.015270 -0.010786 -0.098237
vn 0.026474 0.000349 -0.096431
vn 0.029541 -0.011649 -0.094824
vn 0.042965 -0.012289 -0.089459
vn 0.028820 -0.024150 -0.092662
vn 0.041985 -0.025698 -0.087045
vn 0.039104 -0.048587 -0.078168
vn 0.050702 -0.050109 -0.070132
vn 0.046142 -0.068208 -0.056732
vn 0.058779 -0.067929 -0.043939
vn 0.041047 -0.081675 -0.040550
vn 0.052541 -0.080368 -0.027937
vn 0.047082 -0.087470 -0.011497
vn 0.054533 -0.083801 -0.001873
vn 0.049156 -0.086022 0.013559
vn 0.055121 -0.080535 0.021811
vn 0.050661 -0.078914 0.034728
vn 0.055673 -0.072127 0.041210
vn 0.050058 -0.070711 0.049942
vn 0.060063 -0.064487 0.047263
vn 0.061231 -0.050007 0.061238
vn 0.063890 -0.055950 0.052798
vn 0.067098 -0.046616 0.057661
vn 0.068213 -0.058005 0.044524
vn 0.071042 -0.048445 0.051049
vn 0.073710 -0.057805 0.035007
vn 0.076008 -0.048394 0.043367
vn 0.079807 -0.054837 0.024977
vn 0.081487 -0.046033 0.035224
vn 0.087623 -0.040168 0.026623
vn 0.086808 -0.032094 0.037873
vn 0.093284 -0.030630 0.018969
vn 0.091556 -0.024514 0.031885
vn 0.097692 -0.016765 0.013238
vn 0.095236 -0.013434 0.027379
vn 0.096354 -0.006256 0.026013
vn 0.091689 -0.004616 0.039646
vn 0.096563 0.000430 0.025987
vn 0.086825 0.000227 0.049612
vn 0.049916 0.000556 -0.086649
vn 0.055596 -0.012687 -0.082147
vn 0.054392 -0.026705 -0.079551
vn 0.064452 -0.050442 -0.057459
vn 0.067449 -0.066120 -0.032846
vn 0.060575 -0.077632 -0.017434
vn 0.060838 -0.078998 0.007623
vn 0.060242 -0.074064 0.029757
vn 0.070822 0.000685 -0.070596
vn 0.070429 -0.012791 -0.069830
vn 0.068997 -0.027091 -0.067123
vn 0.073746 -0.049425 -0.046029
vn 0.074476 -0.063197 -0.021434
vn 0.067227 -0.073712 -0.006860
vn 0.066092 -0.073103 0.016964
vn 0.064588 -0.066580 0.037358
vn 0.080308 -0.012547 -0.058251
vn 0.086765 0.000731 -0.049713
vn 0.088050 -0.012073 -0.045842
vn 0.093824 -0.011380 -0.032673
vn 0.086434 -0.025740 -0.043206
vn 0.092191 -0.024316 -0.030159
vn 0.086814 -0.044727 -0.021514
vn 0.090798 -0.041040 -0.008456
vn 0.084073 -0.054099 0.002228
vn 0.086675 -0.047728 0.014475
vn 0.076802 -0.062407 0.014378
vn 0.096447 0.000702 -0.026411
vn 0.097680 -0.010454 -0.018689
vn 0.096081 -0.022377 -0.016362
vn 0.093026 -0.036324 0.005177
vn 0.099998 0.000599 -0.000307
vn 0.099497 -0.009262 -0.003809
vn 0.097994 -0.019852 -0.001748
vn 0.099027 -0.007813 0.011514
vn 0.082898 -0.002393 0.055876
vn 0.070711 0.000000 0.070711
vn 0.070711 -0.000000 0.070711
vn 0.082430 -0.005132 0.056382
vn 0.070711 -0.000000 0.070711
vn 0.070711 -0.000000 0.070710
vn 0.080899 -0.009339 0.058036
vn 0.070711 -0.000000 0.070710
vn 0.078909 -0.012179 0.060209
vn 0.076738 -0.013855 0.062604
vn 0.080384 -0.026943 0.053032
vn 0.074768 -0.014457 0.064813
vn 0.076798 -0.028196 0.057507
vn 0.072970 -0.014369 0.066850
vn 0.073525 -0.028107 0.061677
vn 0.071498 -0.013730 0.068553
vn 0.070877 -0.026933 0.065201
vn 0.068431 -0.025880 0.068172
vn 0.069420 -0.036926 0.061784
vn 0.070711 0.000000 0.070711
vn 0.070711 -0.000000 0.070711
vn 0.070711 -0.000000 0.070711
vn 0.070711 -0.000000 0.070711
vn 0.070711 -0.000000 0.070711
vn 0.035365 -0.086598 0.035356
vn 0.044967 -0.084865 0.027855
vn 0.042269 -0.090488 0.005022
vn 0.036609 -0.090048 -0.023475
vn 0.031557 -0.080956 -0.049500
vn 0.035582 -0.066831 -0.065326
vn 0.026837 -0.046092 -0.084589
vn 0.014839 -0.022098 -0.096392
vn 0.038529 -0.089949 0.020609
vn 0.018335 -0.096593 0.018265
vn 0.029763 -0.094832 0.011006
vn 0.022716 -0.097329 0.003336
vn 0.025076 -0.095718 -0.014468
vn 0.017124 -0.095860 -0.022752
vn 0.019148 -0.089299 -0.040732
vn 0.009788 -0.086907 -0.048491
vn 0.011141 -0.075436 -0.064693
vn 0.000011 -0.070700 -0.070722
vn 0.012686 -0.060405 -0.078679
vn 0.000123 -0.049947 -0.086633
vn 0.013829 -0.042684 -0.089369
vn 0.015456 -0.098703 -0.004350
vn -0.000000 -0.100000 -0.000000
vn 0.007901 -0.098964 -0.011984
vn -0.000020 -0.096597 -0.025864
vn 0.008810 -0.094748 -0.030745
vn -0.000084 -0.086594 -0.050014
vn 0.090829 -0.009912 0.040642
vn 0.078758 -0.026673 -0.055550
vn 0.081150 -0.047506 -0.034028
vn 0.079996 -0.059208 -0.009745
vn 0.072612 -0.068654 0.003749
vn 0.070370 -0.066075 0.026118
vn 0.088009 -0.018065 0.043909
vn 0.084359 -0.023612 0.048229
vn 0.081649 -0.036701 0.044569
vn 0.077017 -0.038496 0.050857
vn 0.072801 -0.038456 0.056755
vn 0.024460 -0.064207 -0.072658
vn 0.021622 -0.078856 -0.057570
vn 0.028054 -0.090362 -0.032367
vn 0.032762 -0.094292 -0.005970
vn -0.000000 0.000000 -0.100000
vn -0.000000 0.000000 -0.100000
vn 0.025882 0.000000 -0.096593
vn 0.025882 0.000000 -0.096593
vn 0.050000 0.000000 -0.086603
vn 0.050000 0.000000 -0.086603
vn 0.070711 0.000000 -0.070711
vn 0.070711 0.000000 -0.070711
vn 0.086603 0.000000 -0.050000
vn 0.086603 0.000000 -0.050000
vn 0.096593 0.000000 -0.025882
vn 0.096593 0.000000 -0.025882
vn 0.100000 0.000000 0.000000
vn 0.100000 0.000000 0.000000
vn 0.096593 -0.000000 0.025882
vn 0.096593 -0.000000 0.025882
vn 0.086603 -0.000000 0.050000
vn 0.086603 -0.000000 0.050000
vn 0.070711 -0.000000 0.070711
vn 0.070711 -0.000000 0.070711
vn 0.070711 -0.000000 0.070711
vn 0.070711 -0.000000 0.070711
vn 0.070711 -0.000000 0.070711
vn 0.070711 -0.000000 0.070711
vn 0.070711 -0.000000 0.070711
vn 0.070711 -0.000000 0.070711
vn 0.070711 -0.000000 0.070711
vn 0.070711 -0.000000 0.070711
vn 0.070711 -0.000000 0.070711
vn 0.070711 -0.000000 0.070711
vn 0.070711 -0.000000 0.070711
vn 0.070711 -0.000000 0.070711
vn 0.070711 -0.000000 0.070711
vn 0.070711 -0.000000 0.070711
vn 0.070711 -0.000000 0.070711
vn 0.070711 -0.000000 0.070711
vn 0.070711 -0.000000 0.070711
vn 0.070711 -0.000000 0.070711
vn 0.070711 -0.000000 0.070711
vn 0.070711 -0.000000 0.070711
vn 0.070711 -0.000000 0.070711
vn 0.070711 -0.000000 0.070711
vn 0.070711 -0.000000 0.070711
vn 0.070711 -0.000000 0.070711
vn 0.070711 -0.000000 0.070711
vn 0.070711 -0.000000 0.070711
vn 0.070711 -0.000000 0.070711
vn 0.070711 -0.000000 0.070711
vn 0.070711 -0.000000 0.070711
vn 0.070711 -0.000000 0.070711
vn 0.070711 -0.000000 0.070711
vn 0.070711 -0.000000 0.070711
vn 0.070711 -0.000000 0.070711
vn 0.070711 -0.000000 0.070711
vn 0.070711 -0.000000 0.070711
vn 0.070711 -0.000000 0.070711
vn 0.070711 -0.000000 0.070711
vn 0.070711 -0.000000 0.070711
vn 0.070711 -0.000000 0.070711
vn 0.070711 -0.000000 0.070711
vn 0.070711 -0.000000 0.070711
vn 0.070711 -0.000000 0.070711
vn 0.070711 -0.000000 0.070711
vn 0.070711 -0.000000 0.070711
vn 0.070711 -0.000000 0.070711
vn 0.070711 -0.000000 0.070711
vn 0.070711 -0.000000 0.070711
vn 0.070711 -0.000000 0.070711
vn 0.070711 -0.000000 0.070711
vn 0.070711 -0.000000 0.070711
vn 0.070711 -0.000000 0.070711
vn 0.070711 -0.000000 0.070711
vn 0.070711 -0.000000 0.070711
vn 0.070711 -0.000000 0.070711
vn 0.070711 -0.000000 0.070711
vn 0.070711 -0.000000 0.070711
vn 0.070711 -0.000000 0.070711
vn 0.070711 -0.000000 0.070711
vn 0.070711 -0.000000 0.070711
vn 0.070711 -0.000000 0.070711
vn 0.070711 -0.000000 0.070711
vn 0.070711 -0.000000 0.070711
vn 0.070711 -0.000000 0.070711
vn 0.070711 -0.000000 0.070711
vn 0.070711 -0.000000 0.070711
vn 0.070711 -0.000000 0.070711
vn 0.070711 -0.000000 0.070711
vn 0.070711 -0.000000 0.070711
vn 0.070711 -0.000000 0.070711
vn 0.070711 -0.000000 0.070711
vn 0.070711 -0.000000 0.070711
vn 0.070711 -0.000000 0.070711
vn 0.070711 -0.000000 0.070711
vn 0.070711 -0.000000 0.070711
vn 0.070711 -0.000000 0.070711
vn 0.070711 -0.000000 0.070711
vn 0.070711 -0.000000 0.070711
vn 0.070711 -0.000000 0.070711
vn 0.070711 -0.000000 0.070711
vn 0.070711 -0.000000 0.070711
vn 0.070711 -0.000000 0.070711
vn 0.070711 -0.000000 0.070711
vn 0.070711 -0.000000 0.070711
vn 0.070711 -0.000000 0.070711
vn 0.070711 -0.000000 0.070711
vn 0.070711 -0.000000 0.070711
vn 0.070711 -0.000000 0.070711
vn 0.070711 -0.000000 0.070711
vn 0.070711 -0.000000 0.070711
vn 0.070711 -0.000000 0.070711
vn 0.070711 -0.000000 0.070711
vn 0.070711 -0.000000 0.070711
vn 0.070711 -0.000000 0.070711
vn 0.070711 -0.000000 0.070711
vn 0.070711 -0.000000 0.070711
vn 0.070711 -0.000000 0.070711
vn 0.070711 -0.000000 0.070711
vn 0.070711 -0.000000 0.070711
vn 0.070711 -0.000000 0.070711
vn 0.070711 -0.000000 0.070711
vn 0.070711 -0.000000 0.070711
vn 0.070711 -0.000000 0.070711
vn 0.070711 -0.000000 0.070711
vn 0.070711 -0.000000 0.070711
vn 0.070711 -0.000000 0.070711
vn 0.070711 -0.000000 0.070711
vn 0.070711 -0.000000 0.070711
vn 0.070711 -0.000000 0.070711
vn 0.070711 -0.000000 0.070711
vn 0.070711 -0.000000 0.070711
vn 0.070711 -0.000000 0.070711
vn 0.070711 -0.000000 0.070711
vn 0.070711 -0.000000 0.070711
vn 0.070711 -0.000000 0.070711
vn 0.070711 -0.000000 0.070711
vn 0.070711 -0.000000 0.070711
vn 0.070711 -0.000000 0.070711
vn 0.070711 -0.000000 0.070711
vn 0.070711 -0.000000 0.070711
vn 0.070711 -0.000000 0.070711
vn 0.070711 -0.000000 0.070711
vn 0.070711 -0.000000 0.070711
vn 0.070711 -0.000000 0.070711
vn 0.070711 -0.000000 0.070711
vn 0.070711 -0.000000 0.070711
vn 0.070711 -0.000000 0.070711
vn 0.070711 -0.000000 0.070711
vn 0.070711 -0.000000 0.070711
vn 0.070711 -0.000000 0.070711
vn 0.070711 -0.000000 0.070711
vn 0.070711 -0.000000 0.070711
vn 0.070711 -0.000000 0.070711
vn 0.070711 -0.000000 0.070711
vn 0.070711 -0.000000 0.070711
vn 0.070711 -0.000000 0.070711
vn -0.000000 0.000000 -0.100000
vn -0.000000 0.000000 -0.100000
vn -0.000000 0.000000 -0.100000
vn -0.000000 0.000000 -0.100000
vn -0.000000 0.000000 -0.100000
vn -0.000000 0.000000 -0.100000
vn -0.000000 0.000000 -0.100000
vn -0.000000 0.000000 -0.100000
vn -0.000000 0.000000 -0.100000
vn -0.000000 0.000000 -0.100000
vn -0.000000 0.000000 -0.100000
vn -0.000000 0.000000 -0.100000
vn -0.000000 0.000000 -0.100000
vn -0.000000 0.000000 -0.100000
vn -0.000000 0.000000 -0.100000
vn -0.000000 0.000000 -0.100000
vn -0.000000 0.000000 -0.100000
vn -0.000000 0.000000 -0.100000
vn -0.000000 0.000000 -0.100000
vn -0.000000 0.000000 -0.100000
vn 0.000000 -0.025882 -0.096593
vn 0.000000 -0.025882 -0.096593
vn 0.000000 -0.025882 -0.096593
vn 0.000000 -0.025882 -0.096593
vn 0.000000 -0.025882 -0.096593
vn 0.000000 -0.050000 -0.086603
vn 0.000000 -0.050000 -0.086603
vn 0.000000 -0.070711 -0.070711
vn 0.000000 -0.070711 -0.070711
vn 0.000000 -0.086603 -0.050000
vn 0.000000 -0.086603 -0.050000
vn 0.000000 -0.096593 -0.025882
vn 0.000000 -0.096593 -0.025882
vn 0.000000 -0.096593 -0.025882
vn 0.000000 -0.096593 -0.025882
vn 0.000000 -0.096593 -0.025882
vn 0.000000 -0.086603 -0.050000
vn 0.000000 -0.086603 -0.050000
vn 0.000000 -0.070711 -0.070711
vn 0.000000 -0.070711 -0.070711
vn 0.000000 -0.050000 -0.086603
vn 0.000000 -0.050000 -0.086603
vn 0.000000 -0.050000 -0.086603
vn 0.000000 -0.070711 -0.070711
vn 0.000000 -0.086603 -0.050000
vn -0.070711 0.000000 0.070711
vn -0.070711 0.000000 0.070711
vn -0.070711 0.000000 0.070711
vn -0.070711 0.000000 0.070711
vn -0.070711 0.000000 0.070711
vn -0.070711 0.000000 0.070711
vn -0.070711 0.000000 0.070711
vn -0.070711 0.000000 0.070711
vn -0.070711 0.000000 0.070711
vn -0.070711 0.000000 0.070711
vn -0.070711 0.000000 0.070711
vn -0.070711 0.000000 0.070711
vn -0.070711 0.000000 0.070711
vn -0.070711 0.000000 0.070711
vn -0.070711 0.000000 0.070711
vn -0.070711 0.000000 0.070711
vn -0.070711 0.000000 0.070711
vn -0.070711 0.000000 0.070711
vn -0.070711 0.000000 0.070711
vn -0.070711 0.000000 0.070711
vn -0.070711 0.000000 0.070711
vn -0.070711 0.000000 0.070711
vn -0.070711 0.000000 0.070711
vn -0.070711 0.000000 0.070711
vn -0.070711 0.000000 0.070711
vn -0.070711 0.000000 0.070711
vn -0.070711 0.000000 0.070711
vn -0.070711 0.000000 0.070711
vn -0.070711 0.000000 0.070711
vn -0.070711 0.000000 0.070711
vn -0.070711 0.000000 0.070711
vn -0.070711 0.000000 0.070711
vn -0.070711 0.000000 0.070711
vn -0.070711 0.000000 0.070711
vn -0.070711 0.000000 0.070711
vn -0.070711 0.000000 0.070711
vn -0.070711 0.000000 0.070711
vn -0.070711 0.000000 0.070711
vn -0.070711 0.000000 0.070711
vn -0.070711 0.000000 0.070711
vn -0.070711 0.000000 0.070711
vn -0.070711 0.000000 0.070711
vn -0.070711 0.000000 0.070711
vn -0.070711 0.000000 0.070711
vn -0.070711 0.000000 0.070711
vn -0.070711 0.000000 0.070711
vn -0.070711 0.000000 0.070711
vn -0.070711 0.000000 0.070711
vn -0.070711 0.000000 0.070711
vn -0.070711 0.000000 0.070711
vn -0.070711 0.000000 0.070711
vn -0.070711 0.000000 0.070711
vn -0.070711 0.000000 0.070711
vn -0.070711 0.000000 0.070711
vn -0.070711 0.000000 0.070711
vn -0.070711 0.000000 0.070711
vn -0.070711 0.000000 0.070711
vn -0.070711 0.000000 0.070711
vn -0.070711 0.000000 0.070711
vn -0.070711 0.000000 0.070711
vn -0.070711 0.000000 0.070711
vn -0.070711 0.000000 0.070711
vn -0.070711 0.000000 0.070711
vn -0.070711 0.000000 0.070711
vn -0.070711 0.000000 0.070711
vn -0.070711 0.000000 0.070711
vn -0.070711 0.000000 0.070711
vn -0.070711 0.000000 0.070711
vn -0.070711 0.000000 0.070711
vn -0.070711 0.000000 0.070711
vn -0.070711 0.000000 0.070711
vn -0.070711 0.000000 0.070711
vn -0.070711 0.000000 0.070711
vn -0.070711 0.000000 0.070711
vn -0.070711 0.000000 0.070711
vn -0.070711 0.000000 0.070711
vn -0.070711 0.000000 0.070711
vn -0.070711 0.000000 0.070711
vn -0.070711 0.000000 0.070711
vn -0.070711 0.000000 0.070711
vn -0.070711 0.000000 0.070711
vn -0.070711 0.000000 0.070711
vn -0.070711 0.000000 0.070711
vn -0.070711 0.000000 0.070711
vn -0.070711 0.000000 0.070711
vn -0.070711 0.000000 0.070711
vn -0.070711 0.000000 0.070711
vn -0.070711 0.000000 0.070711
vn -0.070711 0.000000 0.070711
vn -0.070711 0.000000 0.070711
vn -0.070711 0.000000 0.070711
vn -0.070711 0.000000 0.070711
vn -0.070711 0.000000 0.070711
vn -0.070711 0.000000 0.070711
vn -0.070711 0.000000 0.070711
vn -0.070711 0.000000 0.070711
vn -0.070711 0.000000 0.070711
vn -0.070711 0.000000 0.070711
vn -0.070711 0.000000 0.070711
vn -0.070711 0.000000 0.070711
vn -0.070711 0.000000 0.070711
vn -0.070711 0.000000 0.070711
vn -0.070711 0.000000 0.070711
vn -0.070711 0.000000 0.070711
vn -0.070711 0.000000 0.070711
vn -0.070711 0.000000 0.070711
vn -0.070711 0.000000 0.070711
vn -0.070711 0.000000 0.070711
vn -0.070711 0.000000 0.070711
vn -0.070711 0.000000 0.070711
vn -0.070711 0.000000 0.070711
vn -0.070711 0.000000 0.070711
vn -0.070711 0.000000 0.070711
vn -0.070711 0.000000 0.070711
vn -0.070711 0.000000 0.070711
vn -0.070711 0.000000 0.070711
vn -0.070711 0.000000 0.070711
vn -0.070711 0.000000 0.070711
vn -0.070711 0.000000 0.070711
vn -0.070711 0.000000 0.070711
vn -0.070711 0.000000 0.070711
vn -0.070711 0.000000 0.070711
vn -0.070711 0.000000 0.070711
vn -0.070711 0.000000 0.070711
vn -0.070711 0.000000 0.070711
vn -0.070711 0.000000 0.070711
vn -0.070711 0.000000 0.070711
vn -0.070711 0.000000 0.070711
vn -0.070711 0.000000 0.070711
vn -0.070711 0.000000 0.070711
vn -0.070711 0.000000 0.070711
vn -0.070711 0.000000 0.070711
vn -0.070711 0.000000 0.070711
vn -0.070711 0.000000 0.070711
vn -0.070711 0.000000 0.070711
vn -0.070711 0.000000 0.070711
vn 0.000000 0.000000 0.100000
vn 0.000000 0.000000 0.100000
vn 0.000000 0.000000 0.100000
vn 0.000000 0.000000 0.100000
vn 0.100000 0.000000 0.000000
vn 0.100000 0.000000 0.000000
vn 0.100000 0.000000 0.000000
vn 0.100000 0.000000 0.000000
vn -0.100000 0.000000 -0.000000
vn -0.100000 0.000000 -0.000000
vn -0.100000 0.000000 -0.000000
vn -0.100000 0.000000 -0.000000
vn -0.000000 0.000000 -0.100000
vn -0.000000 0.000000 -0.100000
vn -0.000000 0.000000 -0.100000
vn -0.000000 0.000000 -0.100000
vn 0.000000 -0.100000 0.000000
vn 0.000000 -0.100000 0.000000
vn 0.000000 -0.100000 0.000000
vn 0.000000 -0.100000 0.000000
vn 0.000000 -0.100000 0.000000
vn 0.000000 -0.100000 0.000000
vn 0.000000 -0.100000 0.000000
vn 0.000000 -0.100000 0.000000
vn 0.000000 -0.100000 0.000000
vn 0.000000 -0.100000 0.000000
vn 0.000000 -0.100000 0.000000
vn 0.000000 -0.100000 0.000000
vn 0.000000 -0.100000 0.000000
vn 0.000000 -0.100000 0.000000
vn 0.000000 -0.100000 0.000000
vn 0.000000 -0.100000 0.000000
vn 0.000000 -0.100000 0.000000
vn 0.000000 -0.100000 0.000000
vn 0.000000 -0.100000 0.000000
vn 0.000000 -0.100000 0.000000
vn 0.000000 -0.100000 0.000000
vn 0.000000 -0.100000 0.000000
vn 0.000000 -0.100000 0.000000
vn 0.000000 -0.100000 0.000000
vn 0.000000 -0.100000 0.000000
vn 0.000000 -0.100000 0.000000
vn 0.000000 -0.100000 0.000000
vn 0.000000 -0.100000 0.000000
vn 0.000000 -0.100000 0.000000
vn 0.000000 -0.100000 0.000000
vn 0.000000 -0.100000 0.000000
vn 0.000000 -0.100000 0.000000
vn -0.000000 0.100000 0.000000
vn -0.000000 0.100000 0.000000
vn -0.000000 0.100000 0.000000
vn -0.000000 0.100000 0.000000
vn -0.000000 0.100000 0.000000
vn -0.000000 0.100000 0.000000
vn -0.000000 0.100000 0.000000
vn -0.000000 0.100000 0.000000
vn -0.000000 0.100000 0.000000
vn -0.000000 0.100000 0.000000
vn -0.000000 0.100000 0.000000
vn -0.000000 0.100000 0.000000
vn -0.000000 0.100000 0.000000
vn -0.000000 0.100000 0.000000
vn -0.000000 0.100000 0.000000
vn -0.000000 0.100000 0.000000
vn -0.000000 0.100000 0.000000
vn -0.000000 0.100000 0.000000
vn -0.000000 0.100000 0.000000
vn -0.000000 0.100000 0.000000
vn -0.000000 0.100000 0.000000
vn -0.000000 0.100000 0.000000
vn -0.000000 0.100000 0.000000
vn -0.000000 0.100000 0.000000
vn -0.000000 0.100000 0.000000
vn -0.000000 0.100000 0.000000
vn -0.000000 0.100000 0.000000
vn -0.000000 0.100000 -0.000000
vn -0.000000 0.100000 -0.000000
vn -0.000000 0.100000 -0.000000
vn -0.000000 0.100000 -0.000000
vn -0.000000 0.100000 -0.000000
vn -0.000000 0.100000 -0.000000
vn -0.000000 0.100000 -0.000000
vn -0.000000 0.100000 -0.000000
vn -0.000000 0.100000 -0.000000
vn -0.000000 0.100000 -0.000000
vn -0.000000 0.100000 -0.000000
vn -0.000000 0.100000 -0.000000
vn -0.000000 0.100000 -0.000000
vn -0.000000 0.100000 -0.000000
vn -0.000000 0.100000 -0.000000
vn -0.000000 0.100000 -0.000000
vn -0.000000 0.100000 -0.000000
vn -0.000000 0.100000 -0.000000
vn -0.000000 0.100000 -0.000000
vn -0.000000 0.100000 -0.000000
vn -0.000000 0.100000 -0.000000
vn -0.000000 0.100000 -0.000000
vn -0.000000 0.100000 -0.000000
vn -0.000000 0.100000 -0.000000
vn -0.000000 0.100000 -0.000000
vn -0.000000 0.100000 -0.000000
vn -0.000000 0.100000 -0.000000
vn -0.000000 0.100000 -0.000000
vn -0.000000 0.100000 -0.000000
vn 0.070711 0.000000 0.070711
vn 0.070711 0.000000 0.070711
vn 0.070711 0.000000 0.070711
vn 0.070711 0.000000 0.070711
vn 0.070711 0.000000 0.070711
vn 0.070711 0.000000 0.070711
vn 0.070711 0.000000 0.070711
vn 0.070711 0.000000 0.070711
vn 0.070711 0.000000 0.070711
vn 0.070711 0.000000 0.070711
vn 0.070711 0.000000 0.070711
vn 0.070711 0.000000 0.070711
vn 0.070711 0.000000 0.070711
vn 0.070711 0.000000 0.070711
vn 0.070711 0.000000 0.070711
vn 0.070711 0.000000 0.070711
vn 0.070711 0.000000 0.070711
vn 0.070711 0.000000 0.070711
vn 0.070711 0.000000 0.070711
vn 0.070711 0.000000 0.070711
vn 0.070711 0.000000 0.070711
vn 0.070711 0.000000 0.070711
vn 0.070711 0.000000 0.070711
vn 0.070711 0.000000 0.070711
vn 0.070711 0.000000 0.070711
vn -0.014702 0.097815 0.014702
vn -0.013838 0.098067 0.013838
vn -0.000000 0.100000 0.000000
vn 0.001047 0.099989 -0.001047
vn 0.014702 0.097815 -0.014702
vn 0.015886 0.097444 -0.015886
vn 0.028761 0.091355 -0.028761
vn 0.030014 0.090544 -0.030014
vn 0.041563 0.080902 -0.041563
vn 0.042802 0.079599 -0.042802
vn 0.052548 0.066913 -0.052548
vn 0.053676 0.065097 -0.053676
vn 0.060539 0.051674 -0.060539
vn -0.028104 0.091762 0.028104
vn -0.028761 0.091355 0.028761
vn -0.041115 0.081357 0.041115
vn -0.041563 0.080902 0.041563
vn -0.052289 0.067318 0.052289
vn -0.052548 0.066913 0.052548
vn -0.061127 0.050270 0.061127
vn -0.061237 0.050000 0.061237
vn -0.067233 0.030976 0.067233
vn -0.067250 0.030902 0.067250
vn -0.070323 0.010453 0.070323
vn -0.070335 0.010298 0.070335
vn -0.070323 -0.010453 0.070323
vn -0.070294 -0.010841 0.070294
vn -0.067250 -0.030902 0.067250
vn -0.067112 -0.031494 0.067112
vn -0.061237 -0.050000 0.061237
vn -0.060932 -0.050741 0.060932
vn -0.052548 -0.066913 0.052548
vn -0.052029 -0.067720 0.052029
vn -0.041563 -0.080902 0.041563
vn -0.040801 -0.081674 0.040801
vn -0.028761 -0.091355 0.028761
vn -0.027750 -0.091978 0.027750
vn -0.014702 -0.097815 0.014702
vn -0.013459 -0.098172 0.013459
vn -0.000000 -0.100000 0.000000
vn 0.001433 -0.099979 -0.001433
vn 0.014702 -0.097815 -0.014702
vn 0.016262 -0.097320 -0.016262
vn 0.028761 -0.091355 -0.028761
vn 0.030363 -0.090311 -0.030363
vn 0.041563 -0.080902 -0.041563
vn 0.043108 -0.079268 -0.043108
vn 0.052548 -0.066913 -0.052548
vn 0.053927 -0.064682 -0.053927
vn 0.061237 -0.050000 -0.061237
vn 0.060627 -0.051465 -0.060627
vn 0.066046 -0.035720 -0.066046
vn 0.067250 -0.030902 -0.067250
vn 0.069537 -0.018142 -0.069537
vn 0.070323 -0.010453 -0.070323
vn 0.070426 -0.008970 -0.070426
vn 0.070710 0.000257 -0.070710
vn 0.070323 0.010453 -0.070323
vn 0.070397 0.009411 -0.070397
vn 0.069492 0.018487 -0.069492
vn 0.067250 0.030902 -0.067250
vn 0.065990 0.035926 -0.065990
vn 0.061237 0.050000 -0.061237
vn 0.053676 0.065097 -0.053676
vn 0.070711 0.000000 0.070711
vn 0.070711 0.000000 0.070711
vn 0.070711 0.000000 0.070711
vn 0.070711 0.000000 0.070711
vn 0.070711 0.000000 0.070711
vn 0.070711 0.000000 0.070711
vn 0.070711 0.000000 0.070711
vn 0.070711 0.000000 0.070711
vn 0.070711 0.000000 0.070711
vn 0.070711 0.000000 0.070711
vn 0.070711 0.000000 0.070711
vn 0.070711 0.000000 0.070711
vn 0.070711 0.000000 0.070711
vn 0.070711 0.000000 0.070711
vn 0.070711 0.000000 0.070711
vn 0.070711 0.000000 0.070711
vn 0.070711 0.000000 0.070711
vn 0.070711 0.000000 0.070711
vn 0.070711 0.000000 0.070711
vn 0.070711 0.000000 0.070711
vn 0.070711 0.000000 0.070711
vn 0.070711 0.000000 0.070711
vn 0.070711 0.000000 0.070711
vn 0.070711 0.000000 0.070711
vn 0.070711 0.000000 0.070711
vn -0.014702 0.097815 0.014702
vn -0.013838 0.098067 0.013838
vn -0.000000 0.100000 0.000000
vn 0.001047 0.099989 -0.001047
vn 0.014702 0.097815 -0.014702
vn 0.015886 0.097444 -0.015886
vn 0.028761 0.091355 -0.028761
vn 0.030014 0.090544 -0.030014
vn 0.041563 0.080902 -0.041563
vn 0.042802 0.079599 -0.042802
vn 0.052548 0.066913 -0.052548
vn 0.053676 0.065097 -0.053676
vn 0.060539 0.051674 -0.060539
vn -0.028104 0.091762 0.028104
vn -0.028761 0.091355 0.028761
vn -0.041115 0.081357 0.041115
vn -0.041563 0.080902 0.041563
vn -0.052289 0.067318 0.052289
vn -0.052548 0.066913 0.052548
vn -0.061127 0.050270 0.061127
vn -0.061237 0.050000 0.061237
vn -0.067233 0.030976 0.067233
vn -0.067250 0.030902 0.067250
vn -0.070323 0.010453 0.070323
vn -0.070335 0.010298 0.070335
vn -0.070323 -0.010453 0.070323
vn -0.070294 -0.010841 0.070294
vn -0.067250 -0.030902 0.067250
vn -0.067112 -0.031494 0.067112
vn -0.061237 -0.050000 0.061237
vn -0.060932 -0.050741 0.060932
vn -0.052548 -0.066913 0.052548
vn -0.052029 -0.067720 0.052029
vn -0.041563 -0.080902 0.041563
vn -0.040801 -0.081674 0.040801
vn -0.028761 -0.091355 0.028761
vn -0.027750 -0.091978 0.027750
vn -0.014702 -0.097815 0.014702
vn -0.013459 -0.098172 0.013459
vn -0.000000 -0.100000 0.000000
vn 0.001433 -0.099979 -0.001433
vn 0.014702 -0.097815 -0.014702
vn 0.016262 -0.097320 -0.016262
vn 0.028761 -0.091355 -0.028761
vn 0.030363 -0.090311 -0.030363
vn 0.041563 -0.080902 -0.041563
vn 0.043108 -0.079268 -0.043108
vn 0.052548 -0.066913 -0.052548
vn 0.053927 -0.064682 -0.053927
vn 0.061237 -0.050000 -0.061237
vn 0.060627 -0.051465 -0.060627
vn 0.066046 -0.035720 -0.066046
vn 0.067250 -0.030902 -0.067250
vn 0.069537 -0.018142 -0.069537
vn 0.070323 -0.010453 -0.070323
vn 0.070426 -0.008970 -0.070426
vn 0.070710 0.000257 -0.070710
vn 0.070323 0.010453 -0.070323
vn 0.070397 0.009411 -0.070397
vn 0.069492 0.018487 -0.069492
vn 0.067250 0.030902 -0.067250
vn 0.065990 0.035926 -0.065990
vn 0.061237 0.050000 -0.061237
vn 0.053676 0.065097 -0.053676
vn 0.014702 -0.097815 0.014702
vn 0.013765 -0.098087 0.013765
vn 0.000000 -0.100000 0.000000
vn -0.001122 -0.099987 -0.001122
vn -0.014702 -0.097815 -0.014702
vn -0.015958 -0.097420 -0.015958
vn -0.028761 -0.091355 -0.028761
vn -0.030082 -0.090500 -0.030082
vn -0.041563 -0.080902 -0.041563
vn -0.042861 -0.079536 -0.042861
vn -0.052548 -0.066913 -0.052548
vn -0.053725 -0.065018 -0.053725
vn -0.060484 -0.051801 -0.060484
vn 0.028036 -0.091804 0.028036
vn 0.028761 -0.091355 0.028761
vn 0.041055 -0.081419 0.041055
vn 0.041563 -0.080902 0.041563
vn 0.052239 -0.067395 0.052239
vn 0.052548 -0.066913 0.052548
vn 0.061089 -0.050361 0.061089
vn 0.061237 -0.050000 0.061237
vn 0.067210 -0.031076 0.067210
vn 0.067250 -0.030902 0.067250
vn 0.070327 -0.010402 0.070327
vn 0.070323 -0.010453 0.070323
vn 0.070323 0.010453 0.070323
vn 0.070302 0.010736 0.070302
vn 0.067250 0.030902 0.067250
vn 0.067136 0.031395 0.067136
vn 0.061237 0.050000 0.061237
vn 0.060969 0.050651 0.060969
vn 0.052548 0.066913 0.052548
vn 0.052079 0.067643 0.052079
vn 0.041563 0.080902 0.041563
vn 0.040861 0.081613 0.040861
vn 0.028761 0.091355 0.028761
vn 0.027818 0.091937 0.027818
vn 0.014702 0.097815 0.014702
vn 0.013532 0.098152 0.013532
vn -0.000000 0.100000 -0.000000
vn -0.001359 0.099982 -0.001359
vn -0.014702 0.097815 -0.014702
vn -0.016190 0.097344 -0.016190
vn -0.028761 0.091355 -0.028761
vn -0.030296 0.090356 -0.030296
vn -0.041563 0.080902 -0.041563
vn -0.043050 0.079331 -0.043050
vn -0.052548 0.066913 -0.052548
vn -0.053879 0.064762 -0.053879
vn -0.061237 0.050000 -0.061237
vn -0.060681 0.051338 -0.060681
vn -0.066081 0.035590 -0.066081
vn -0.067250 0.030902 -0.067250
vn -0.069536 0.018151 -0.069536
vn -0.070323 0.010453 -0.070323
vn -0.070419 0.009075 -0.070419
vn -0.070711 -0.000079 -0.070711
vn -0.070323 -0.010453 -0.070323
vn -0.070404 -0.009306 -0.070404
vn -0.069493 -0.018477 -0.069493
vn -0.067250 -0.030902 -0.067250
vn -0.065955 -0.036055 -0.065955
vn -0.061237 -0.050000 -0.061237
vn -0.053725 -0.065018 -0.053725
vn 0.014702 -0.097815 0.014702
vn 0.013765 -0.098087 0.013765
vn 0.000000 -0.100000 0.000000
vn -0.001122 -0.099987 -0.001122
vn -0.014702 -0.097815 -0.014702
vn -0.015958 -0.097420 -0.015958
vn -0.028761 -0.091355 -0.028761
vn -0.030082 -0.090500 -0.030082
vn -0.041563 -0.080902 -0.041563
vn -0.042861 -0.079536 -0.042861
vn -0.052548 -0.066913 -0.052548
vn -0.053725 -0.065018 -0.053725
vn -0.060484 -0.051801 -0.060484
vn 0.028036 -0.091804 0.028036
vn 0.028761 -0.091355 0.028761
vn 0.041055 -0.081419 0.041055
vn 0.041563 -0.080902 0.041563
vn 0.052239 -0.067395 0.052239
vn 0.052548 -0.066913 0.052548
vn 0.061089 -0.050361 0.061089
vn 0.061237 -0.050000 0.061237
vn 0.067210 -0.031076 0.067210
vn 0.067250 -0.030902 0.067250
vn 0.070327 -0.010402 0.070327
vn 0.070323 -0.010453 0.070323
vn 0.070323 0.010453 0.070323
vn 0.070302 0.010736 0.070302
vn 0.067250 0.030902 0.067250
vn 0.067136 0.031395 0.067136
vn 0.061237 0.050000 0.061237
vn 0.060969 0.050651 0.060969
vn 0.052548 0.066913 0.052548
vn 0.052079 0.067643 0.052079
vn 0.041563 0.080902 0.041563
vn 0.040861 0.081613 0.040861
vn 0.028761 0.091355 0.028761
vn 0.027818 0.091937 0.027818
vn 0.014702 0.097815 0.014702
vn 0.013532 0.098152 0.013532
vn -0.000000 0.100000 -0.000000
vn -0.001359 0.099982 -0.001359
vn -0.014702 0.097815 -0.014702
vn -0.016190 0.097344 -0.016190
vn -0.028761 0.091355 -0.028761
vn -0.030296 0.090356 -0.030296
vn -0.041563 0.080902 -0.041563
vn -0.043050 0.079331 -0.043050
vn -0.052548 0.066913 -0.052548
vn -0.053879 0.064762 -0.053879
vn -0.061237 0.050000 -0.061237
vn -0.060681 0.051338 -0.060681
vn -0.066081 0.035590 -0.066081
vn -0.067250 0.030902 -0.067250
vn -0.069536 0.018151 -0.069536
vn -0.070323 0.010453 -0.070323
vn -0.070419 0.009075 -0.070419
vn -0.070711 -0.000079 -0.070711
vn -0.070323 -0.010453 -0.070323
vn -0.070404 -0.009306 -0.070404
vn -0.069493 -0.018477 -0.069493
vn -0.067250 -0.030902 -0.067250
vn -0.065955 -0.036055 -0.065955
vn -0.061237 -0.050000 -0.061237
vn -0.053725 -0.065018 -0.053725
vn -0.014702 -0.097815 -0.014702
vn -0.014702 -0.097815 -0.014702
vn -0.000000 -0.100000 -0.000000
vn -0.000000 -0.100000 -0.000000
vn 0.014702 -0.097815 0.014702
vn 0.014702 -0.097815 0.014702
vn 0.028761 -0.091355 0.028761
vn -0.028761 -0.091355 -0.028761
vn -0.028761 -0.091355 -0.028761
vn -0.041563 -0.080902 -0.041563
vn -0.041563 -0.080902 -0.041563
vn -0.052548 -0.066913 -0.052548
vn -0.052548 -0.066913 -0.052548
vn -0.061237 -0.050000 -0.061237
vn -0.061237 -0.050000 -0.061237
vn -0.067250 -0.030902 -0.067250
vn -0.067250 -0.030902 -0.067250
vn -0.070323 -0.010453 -0.070323
vn -0.070323 -0.010453 -0.070323
vn -0.070323 0.010453 -0.070323
vn -0.070323 0.010453 -0.070323
vn -0.067250 0.030902 -0.067250
vn -0.067250 0.030902 -0.067250
vn -0.061237 0.050000 -0.061237
vn -0.061237 0.050000 -0.061237
vn -0.052548 0.066913 -0.052548
vn -0.052548 0.066913 -0.052548
vn -0.041563 0.080902 -0.041563
vn -0.041563 0.080902 -0.041563
vn -0.028761 0.091355 -0.028761
vn -0.028761 0.091355 -0.028761
vn -0.014702 0.097815 -0.014702
vn -0.014702 0.097815 -0.014702
vn -0.000000 0.100000 -0.000000
vn 0.000000 0.100000 0.000000
vn 0.014702 0.097815 0.014702
vn 0.014702 0.097815 0.014702
vn 0.028761 0.091355 0.028761
vn 0.028761 0.091355 0.028761
vn 0.041563 0.080902 0.041563
vn 0.041563 0.080902 0.041563
vn 0.052548 0.066913 0.052548
vn 0.052548 0.066913 0.052548
vn 0.061237 0.050000 0.061237
vn 0.061237 0.050000 0.061237
vn 0.067250 0.030902 0.067250
vn 0.067250 0.030902 0.067250
vn 0.070323 0.010453 0.070323
vn 0.070323 0.010453 0.070323
vn 0.070323 -0.010453 0.070323
vn 0.070323 -0.010453 0.070323
vn 0.067250 -0.030902 0.067250
vn 0.067250 -0.030902 0.067250
vn 0.061237 -0.050000 0.061237
vn 0.061237 -0.050000 0.061237
vn 0.052548 -0.066913 0.052548
vn 0.052548 -0.066913 0.052548
vn 0.041563 -0.080902 0.041563
vn 0.041563 -0.080902 0.041563
vn 0.028761 -0.091355 0.028761
vn -0.070711 0.000000 0.070711
vn -0.070711 0.000000 0.070711
vn -0.070711 0.000000 0.070711
vn -0.070711 0.000000 0.070711
vn -0.070711 0.000000 0.070711
vn -0.070711 0.000000 0.070711
vn -0.070711 0.000000 0.070711
vn -0.070711 0.000000 0.070711
vn -0.070711 0.000000 0.070711
vn -0.070711 0.000000 0.070711
vn -0.070711 0.000000 0.070711
vn -0.070711 0.000000 0.070711
vn -0.070711 0.000000 0.070711
vn -0.070711 0.000000 0.070711
vn -0.070711 0.000000 0.070711
vn -0.070711 0.000000 0.070711
vn -0.070711 0.000000 0.070711
vn -0.070711 0.000000 0.070711
vn -0.070711 0.000000 0.070711
vn -0.070711 0.000000 0.070711
vn -0.070711 0.000000 0.070711
vn -0.070711 0.000000 0.070711
vn -0.070711 0.000000 0.070711
vn -0.070711 0.000000 0.070711
vn -0.070711 0.000000 0.070711
vn -0.070711 0.000000 0.070711
vn -0.070711 0.000000 0.070711
vn -0.070711 0.000000 0.070711
vn -0.070711 0.000000 0.070711
vn -0.070711 0.000000 0.070711
vn -0.014702 -0.097815 -0.014702
vn -0.014702 -0.097815 -0.014702
vn -0.000000 -0.100000 -0.000000
vn -0.000000 -0.100000 -0.000000
vn 0.014702 -0.097815 0.014702
vn 0.014702 -0.097815 0.014702
vn 0.028761 -0.091355 0.028761
vn -0.028761 -0.091355 -0.028761
vn -0.028761 -0.091355 -0.028761
vn -0.041563 -0.080902 -0.041563
vn -0.041563 -0.080902 -0.041563
vn -0.052548 -0.066913 -0.052548
vn -0.052548 -0.066913 -0.052548
vn -0.061237 -0.050000 -0.061237
vn -0.061237 -0.050000 -0.061237
vn -0.067250 -0.030902 -0.067250
vn -0.067250 -0.030902 -0.067250
vn -0.070323 -0.010453 -0.070323
vn -0.070323 -0.010453 -0.070323
vn -0.070323 0.010453 -0.070323
vn -0.070323 0.010453 -0.070323
vn -0.067250 0.030902 -0.067250
vn -0.067250 0.030902 -0.067250
vn -0.061237 0.050000 -0.061237
vn -0.061237 0.050000 -0.061237
vn -0.052548 0.066913 -0.052548
vn -0.052548 0.066913 -0.052548
vn -0.041563 0.080902 -0.041563
vn -0.041563 0.080902 -0.041563
vn -0.028761 0.091355 -0.028761
vn -0.028761 0.091355 -0.028761
vn -0.014702 0.097815 -0.014702
vn -0.014702 0.097815 -0.014702
vn -0.000000 0.100000 -0.000000
vn 0.000000 0.100000 0.000000
vn 0.014702 0.097815 0.014702
vn 0.014702 0.097815 0.014702
vn 0.028761 0.091355 0.028761
vn 0.028761 0.091355 0.028761
vn 0.041563 0.080902 0.041563
vn 0.041563 0.080902 0.041563
vn 0.052548 0.066913 0.052548
vn 0.052548 0.066913 0.052548
vn 0.061237 0.050000 0.061237
vn 0.061237 0.050000 0.061237
vn 0.067250 0.030902 0.067250
vn 0.067250 0.030902 0.067250
vn 0.070323 0.010453 0.070323
vn 0.070323 0.010453 0.070323
vn 0.070323 -0.010453 0.070323
vn 0.070323 -0.010453 0.070323
vn 0.067250 -0.030902 0.067250
vn 0.067250 -0.030902 0.067250
vn 0.061237 -0.050000 0.061237
vn 0.061237 -0.050000 0.061237
vn 0.052548 -0.066913 0.052548
vn 0.052548 -0.066913 0.052548
vn 0.041563 -0.080902 0.041563
vn 0.041563 -0.080902 0.041563
vn 0.028761 -0.091355 0.028761
vn -0.070711 0.000000 0.070711
vn -0.070711 0.000000 0.070711
vn -0.070711 0.000000 0.070711
vn -0.070711 0.000000 0.070711
vn -0.070711 0.000000 0.070711
vn -0.070711 0.000000 0.070711
vn -0.070711 0.000000 0.070711
vn -0.070711 0.000000 0.070711
vn -0.070711 0.000000 0.070711
vn -0.070711 0.000000 0.070711
vn -0.070711 0.000000 0.070711
vn -0.070711 0.000000 0.070711
vn -0.070711 0.000000 0.070711
vn -0.070711 0.000000 0.070711
vn -0.070711 0.000000 0.070711
vn -0.070711 0.000000 0.070711
vn -0.070711 0.000000 0.070711
vn -0.070711 0.000000 0.070711
vn -0.070711 0.000000 0.070711
vn -0.070711 0.000000 0.070711
vn -0.070711 0.000000 0.070711
vn -0.070711 0.000000 0.070711
vn -0.070711 0.000000 0.070711
vn -0.070711 0.000000 0.070711
vn -0.070711 0.000000 0.070711
vn -0.070711 0.000000 0.070711
vn -0.070711 0.000000 0.070711
vn -0.070711 0.000000 0.070711
vn -0.070711 0.000000 0.070711
vn -0.070711 0.000000 0.070711
vn -0.070711 0.000000 0.070711
vn -0.070711 0.000000 0.070711
vn -0.070711 0.000000 0.070711
vn -0.070711 0.000000 0.070711
vn -0.070711 0.000000 0.070711
vn -0.070711 0.000000 0.070711
vn -0.070711 0.000000 0.070711
vn -0.070711 0.000000 0.070711
vn -0.070711 0.000000 0.070711
vn -0.070711 0.000000 0.070711
vn -0.070711 0.000000 0.070711
vn -0.070711 0.000000 0.070711
vn -0.070711 0.000000 0.070711
vn -0.070711 0.000000 0.070711
vn -0.070711 0.000000 0.070711
vn -0.070711 0.000000 0.070711
vn -0.070711 0.000000 0.070711
vn -0.070711 0.000000 0.070711
vn -0.070711 0.000000 0.070711
vn -0.070711 0.000000 0.070711
vn -0.070711 0.000000 0.070711
vn -0.070711 0.000000 0.070711
vn -0.070711 0.000000 0.070711
vn -0.070711 0.000000 0.070711
vn -0.070711 0.000000 0.070711
vn -0.070711 0.000000 0.070711
vn -0.070711 0.000000 0.070711
vn -0.070711 0.000000 0.070711
vn -0.070711 0.000000 0.070711
vn -0.070711 0.000000 0.070711
vn -0.070711 0.000000 0.070711
vn -0.070711 0.000000 0.070711
vn -0.070711 0.000000 0.070711
vn -0.070711 0.000000 0.070711
vn -0.070711 0.000000 0.070711
vn -0.070711 0.000000 0.070711
vn -0.070711 0.000000 0.070711
vn -0.070711 0.000000 0.070711
vn -0.070711 0.000000 0.070711
vn -0.070711 0.000000 0.070711
vn -0.070711 0.000000 0.070711
vn -0.070711 0.000000 0.070711
vn -0.070711 0.000000 0.070711
vn -0.070711 0.000000 0.070711
vn -0.070711 0.000000 0.070711
vn -0.070711 0.000000 0.070711
vn -0.070711 0.000000 0.070711
vn -0.070711 0.000000 0.070711
vn -0.070711 0.000000 0.070711
vn -0.070711 0.000000 0.070711
vn 0.000000 -0.100000 -0.000000
vn 0.000000 -0.100000 -0.000000
vn 0.000000 -0.100000 -0.000000
vn 0.000000 -0.100000 -0.000000
vn 0.000000 -0.100000 -0.000000
vn 0.000000 -0.100000 -0.000000
vn 0.000000 -0.100000 -0.000000
vn 0.000000 -0.100000 -0.000000
vn 0.000000 -0.100000 -0.000000
vn 0.000000 -0.100000 -0.000000
vn 0.000000 -0.100000 -0.000000
vn 0.000000 -0.100000 -0.000000
vn 0.000000 -0.100000 -0.000000
vn 0.000000 -0.100000 -0.000000
vn 0.000000 -0.100000 -0.000000
vn 0.000000 -0.100000 -0.000000
vn 0.000000 -0.100000 -0.000000
vn 0.000000 -0.100000 -0.000000
vn 0.000000 -0.100000 -0.000000
vn 0.000000 -0.100000 -0.000000
vn 0.000000 -0.100000 -0.000000
vn 0.000000 -0.100000 -0.000000
vn 0.000000 -0.100000 -0.000000
vn 0.000000 -0.100000 -0.000000
vn 0.000000 -0.100000 -0.000000
vn 0.000000 -0.100000 -0.000000
vn 0.000000 -0.100000 -0.000000
vn 0.000000 -0.100000 -0.000000
vn 0.000000 -0.100000 -0.000000
vn 0.000000 -0.100000 -0.000000
vn 0.000000 -0.100000 -0.000000
vn 0.000000 -0.100000 0.000000
vn 0.000000 -0.100000 0.000000
vn 0.000000 -0.100000 0.000000
vn 0.000000 -0.100000 0.000000
vn 0.000000 -0.100000 0.000000
vn 0.000000 -0.100000 0.000000
vn 0.000000 -0.100000 0.000000
vn 0.000000 -0.100000 0.000000
vn 0.000000 -0.100000 0.000000
vn 0.000000 -0.100000 0.000000
vn 0.000000 -0.100000 0.000000
vn 0.000000 -0.100000 0.000000
vn 0.000000 -0.100000 0.000000
vn 0.000000 -0.100000 0.000000
vn 0.000000 -0.100000 0.000000
vn 0.000000 -0.100000 0.000000
vn 0.000000 -0.100000 0.000000
vn 0.000000 -0.100000 0.000000
vn 0.000000 -0.100000 0.000000
vn 0.000000 -0.100000 0.000000
vn 0.000000 -0.100000 0.000000
vn 0.000000 -0.100000 0.000000
vn 0.000000 -0.100000 0.000000
vn 0.000000 -0.100000 0.000000
vn 0.000000 -0.100000 0.000000
vn 0.000000 -0.100000 0.000000
vn 0.000000 -0.100000 0.000000
vn -0.014702 0.097815 0.014702
vn -0.014702 0.097815 0.014702
vn -0.000000 0.100000 0.000000
vn -0.000000 0.100000 0.000000
vn 0.014702 0.097815 -0.014702
vn 0.014702 0.097815 -0.014702
vn 0.028761 0.091355 -0.028761
vn -0.028761 0.091355 0.028761
vn -0.028761 0.091355 0.028761
vn -0.041563 0.080902 0.041563
vn -0.041563 0.080902 0.041563
vn -0.052548 0.066913 0.052548
vn -0.052548 0.066913 0.052548
vn -0.061237 0.050000 0.061237
vn -0.061237 0.050000 0.061237
vn -0.067250 0.030902 0.067250
vn -0.067250 0.030902 0.067250
vn -0.070323 0.010453 0.070323
vn -0.070323 0.010453 0.070323
vn -0.070323 -0.010453 0.070323
vn -0.070323 -0.010453 0.070323
vn -0.067250 -0.030902 0.067250
vn -0.067250 -0.030902 0.067250
vn -0.061237 -0.050000 0.061237
vn -0.061237 -0.050000 0.061237
vn -0.052548 -0.066913 0.052548
vn -0.052548 -0.066913 0.052548
vn -0.041563 -0.080902 0.041563
vn -0.041563 -0.080902 0.041563
vn -0.028761 -0.091355 0.028761
vn -0.028761 -0.091355 0.028761
vn -0.014702 -0.097815 0.014702
vn -0.014702 -0.097815 0.014702
vn -0.000000 -0.100000 0.000000
vn 0.000000 -0.100000 -0.000000
vn 0.014702 -0.097815 -0.014702
vn 0.014702 -0.097815 -0.014702
vn 0.028761 -0.091355 -0.028761
vn 0.028761 -0.091355 -0.028761
vn 0.041563 -0.080902 -0.041563
vn 0.041563 -0.080902 -0.041563
vn 0.052548 -0.066913 -0.052548
vn 0.052548 -0.066913 -0.052548
vn 0.061237 -0.050000 -0.061237
vn 0.061237 -0.050000 -0.061237
vn 0.067250 -0.030902 -0.067250
vn 0.067250 -0.030902 -0.067250
vn 0.070323 -0.010453 -0.070323
vn 0.070323 -0.010453 -0.070323
vn 0.070323 0.010453 -0.070323
vn 0.070323 0.010453 -0.070323
vn 0.067250 0.030902 -0.067250
vn 0.067250 0.030902 -0.067250
vn 0.061237 0.050000 -0.061237
vn 0.061237 0.050000 -0.061237
vn 0.052548 0.066913 -0.052548
vn 0.052548 0.066913 -0.052548
vn 0.041563 0.080902 -0.041563
vn 0.041563 0.080902 -0.041563
vn 0.028761 0.091355 -0.028761
vn 0.070711 0.000000 0.070711
vn 0.070711 0.000000 0.070711
vn 0.070711 0.000000 0.070711
vn 0.070711 0.000000 0.070711
vn 0.070711 0.000000 0.070711
vn 0.070711 0.000000 0.070711
vn 0.070711 0.000000 0.070711
vn 0.070711 0.000000 0.070711
vn 0.070711 0.000000 0.070711
vn 0.070711 0.000000 0.070711
vn 0.070711 0.000000 0.070711
vn 0.070711 0.000000 0.070711
vn 0.070711 0.000000 0.070711
vn 0.070711 0.000000 0.070711
vn 0.070711 0.000000 0.070711
vn 0.070711 0.000000 0.070711
vn 0.070711 0.000000 0.070711
vn 0.070711 0.000000 0.070711
vn 0.070711 0.000000 0.070711
vn 0.070711 0.000000 0.070711
vn 0.070711 0.000000 0.070711
vn 0.070711 0.000000 0.070711
vn 0.070711 0.000000 0.070711
vn 0.070711 0.000000 0.070711
vn 0.070711 0.000000 0.070711
vn 0.070711 0.000000 0.070711
vn 0.070711 0.000000 0.070711
vn 0.070711 0.000000 0.070711
vn 0.070711 0.000000 0.070711
vn 0.070711 0.000000 0.070711
vn -0.014702 0.097815 0.014702
vn -0.014702 0.097815 0.014702
vn -0.000000 0.100000 0.000000
vn -0.000000 0.100000 0.000000
vn 0.014702 0.097815 -0.014702
vn 0.014702 0.097815 -0.014702
vn 0.028761 0.091355 -0.028761
vn -0.028761 0.091355 0.028761
vn -0.028761 0.091355 0.028761
vn -0.041563 0.080902 0.041563
vn -0.041563 0.080902 0.041563
vn -0.052548 0.066913 0.052548
vn -0.052548 0.066913 0.052548
vn -0.061237 0.050000 0.061237
vn -0.061237 0.050000 0.061237
vn -0.067250 0.030902 0.067250
vn -0.067250 0.030902 0.067250
vn -0.070323 0.010453 0.070323
vn -0.070323 0.010453 0.070323
vn -0.070323 -0.010453 0.070323
vn -0.070323 -0.010453 0.070323
vn -0.067250 -0.030902 0.067250
vn -0.067250 -0.030902 0.067250
vn -0.061237 -0.050000 0.061237
vn -0.061237 -0.050000 0.061237
vn -0.052548 -0.066913 0.052548
vn -0.052548 -0.066913 0.052548
vn -0.041563 -0.080902 0.041563
vn -0.041563 -0.080902 0.041563
vn -0.028761 -0.091355 0.028761
vn -0.028761 -0.091355 0.028761
vn -0.014702 -0.097815 0.014702
vn -0.014702 -0.097815 0.014702
vn -0.000000 -0.100000 0.000000
vn 0.000000 -0.100000 -0.000000
vn 0.014702 -0.097815 -0.014702
vn 0.014702 -0.097815 -0.014702
vn 0.028761 -0.091355 -0.028761
vn 0.028761 -0.091355 -0.028761
vn 0.041563 -0.080902 -0.041563
vn 0.041563 -0.080902 -0.041563
vn 0.052548 -0.066913 -0.052548
vn 0.052548 -0.066913 -0.052548
vn 0.061237 -0.050000 -0.061237
vn 0.061237 -0.050000 -0.061237
vn 0.067250 -0.030902 -0.067250
vn 0.067250 -0.030902 -0.067250
vn 0.070323 -0.010453 -0.070323
vn 0.070323 -0.010453 -0.070323
vn 0.070323 0.010453 -0.070323
vn 0.070323 0.010453 -0.070323
vn 0.067250 0.030902 -0.067250
vn 0.067250 0.030902 -0.067250
vn 0.061237 0.050000 -0.061237
vn 0.061237 0.050000 -0.061237
vn 0.052548 0.066913 -0.052548
vn 0.052548 0.066913 -0.052548
vn 0.041563 0.080902 -0.041563
vn 0.041563 0.080902 -0.041563
vn 0.028761 0.091355 -0.028761
vn 0.070711 0.000000 0.070711
vn 0.070711 0.000000 0.070711
vn 0.070711 0.000000 0.070711
vn 0.070711 0.000000 0.070711
vn 0.070711 0.000000 0.070711
vn 0.070711 0.000000 0.070711
vn 0.070711 0.000000 0.070711
vn 0.070711 0.000000 0.070711
vn 0.070711 0.000000 0.070711
vn 0.070711 0.000000 0.070711
vn 0.070711 0.000000 0.070711
vn 0.070711 0.000000 0.070711
vn 0.070711 0.000000 0.070711
vn 0.070711 0.000000 0.070711
vn 0.070711 0.000000 0.070711
vn 0.070711 0.000000 0.070711
vn 0.070711 0.000000 0.070711
vn 0.070711 0.000000 0.070711
vn 0.070711 0.000000 0.070711
vn 0.070711 0.000000 0.070711
vn 0.070711 0.000000 0.070711
vn 0.070711 0.000000 0.070711
vn 0.070711 0.000000 0.070711
vn 0.070711 0.000000 0.070711
vn 0.070711 0.000000 0.070711
vn 0.070711 0.000000 0.070711
vn 0.070711 0.000000 0.070711
vn 0.070711 0.000000 0.070711
vn 0.070711 0.000000 0.070711
vn 0.070711 0.000000 0.070711
usemtl Steel_-_Satin
f 2/1/1 20/2/2 1/3/3
f 1/3/3 20/2/2 21/4/4
f 1/3/3 21/4/4 24/5/5
f 24/5/5 21/4/4 23/6/6
f 23/6/6 21/4/4 22/7/7
f 20/2/2 2/1/1 19/8/8
f 19/8/8 2/1/1 3/9/9
f 19/8/8 3/9/9 18/10/10
f 18/10/10 3/9/9 4/11/11
f 18/10/10 4/11/11 17/12/12
f 17/12/12 4/11/11 5/13/13
f 17/12/12 5/13/13 16/14/14
f 16/14/14 5/13/13 6/15/15
f 16/14/14 6/15/15 15/16/16
f 15/16/16 6/15/15 7/17/17
f 15/16/16 7/17/17 14/18/18
f 14/18/18 7/17/17 8/19/19
f 14/18/18 8/19/19 13/20/20
f 13/20/20 8/19/19 9/21/21
f 13/20/20 9/21/21 12/22/22
f 12/22/22 9/21/21 11/23/23
f 11/23/23 9/21/21 10/24/24
f 23/25/6 22/26/7 43/27/25
f 43/27/25 22/26/7 25/28/26
f 43/27/25 25/28/26 42/29/27
f 42/29/27 25/28/26 26/30/28
f 42/29/27 26/30/28 41/31/29
f 41/31/29 26/30/28 27/32/30
f 41/31/29 27/32/30 40/33/31
f 40/33/31 27/32/30 28/34/32
f 40/33/31 28/34/32 39/35/33
f 39/35/33 28/34/32 29/36/34
f 39/35/33 29/36/34 38/37/35
f 38/37/35 29/36/34 30/38/36
f 38/37/35 30/38/36 34/39/37
f 34/39/37 30/38/36 31/40/38
f 34/39/37 31/40/38 33/41/39
f 33/41/39 31/40/38 32/42/40
f 38/37/35 34/39/37 37/43/41
f 37/43/41 34/39/37 35/44/42
f 37/43/41 35/44/42 36/45/43
f 67/46/44 44/47/45 66/48/46
f 66/48/46 44/47/45 45/49/47
f 66/48/46 45/49/47 65/50/48
f 65/50/48 45/49/47 46/51/49
f 65/50/48 46/51/49 64/52/50
f 64/52/50 46/51/49 47/53/51
f 64/52/50 47/53/51 63/54/52
f 63/54/52 47/53/51 48/55/53
f 63/54/52 48/55/53 62/56/54
f 62/56/54 48/55/53 49/57/55
f 62/56/54 49/57/55 61/58/56
f 61/58/56 49/57/55 50/59/57
f 61/58/56 50/59/57 60/60/58
f 60/60/58 50/59/57 51/61/59
f 60/60/58 51/61/59 59/62/60
f 59/62/60 51/61/59 52/63/61
f 59/62/60 52/63/61 58/64/62
f 58/64/62 52/63/61 53/65/63
f 58/64/62 53/65/63 57/66/64
f 57/66/64 53/65/63 54/67/65
f 57/66/64 54/67/65 56/68/66
f 56/68/66 54/67/65 55/69/67
f 55/70/67 68/71/68 56/72/66
f 56/72/66 68/71/68 69/73/69
f 93/74/70 70/75/71 92/76/72
f 92/76/72 70/75/71 71/77/73
f 92/76/72 71/77/73 91/78/74
f 91/78/74 71/77/73 72/79/75
f 91/78/74 72/79/75 90/80/76
f 90/80/76 72/79/75 73/81/77
f 90/80/76 73/81/77 89/82/78
f 89/82/78 73/81/77 74/83/79
f 89/82/78 74/83/79 88/84/80
f 88/84/80 74/83/79 75/85/81
f 88/84/80 75/85/81 87/86/82
f 87/86/82 75/85/81 76/87/83
f 87/86/82 76/87/83 86/88/84
f 86/88/84 76/87/83 77/89/85
f 86/88/84 77/89/85 85/90/86
f 85/90/86 77/89/85 78/91/87
f 85/90/86 78/91/87 84/92/88
f 84/92/88 78/91/87 79/93/89
f 84/92/88 79/93/89 83/94/90
f 83/94/90 79/93/89 80/95/91
f 83/94/90 80/95/91 82/96/92
f 82/96/92 80/95/91 81/97/93
f 81/98/93 94/99/94 82/100/92
f 82/100/92 94/99/94 95/101/95
f 119/102/96 96/103/97 118/104/98
f 118/104/98 96/103/97 97/105/99
f 118/104/98 97/105/99 117/106/100
f 117/106/100 97/105/99 98/107/101
f 117/106/100 98/107/101 116/108/102
f 116/108/102 98/107/101 99/109/103
f 116/108/102 99/109/103 115/110/104
f 115/110/104 99/109/103 100/111/105
f 115/110/104 100/111/105 114/112/106
f 114/112/106 100/111/105 101/113/107
f 114/112/106 101/113/107 113/114/108
f 113/114/108 101/113/107 102/115/109
f 113/114/108 102/115/109 112/116/110
f 112/116/110 102/115/109 103/117/111
f 112/116/110 103/117/111 111/118/112
f 111/118/112 103/117/111 104/119/113
f 111/118/112 104/119/113 110/120/114
f 110/120/114 104/119/113 105/121/115
f 110/120/114 105/121/115 109/122/116
f 109/122/116 105/121/115 106/123/117
f 109/122/116 106/123/117 108/124/118
f 108/124/118 106/123/117 107/125/119
f 107/126/119 120/127/120 108/128/118
f 108/128/118 120/127/120 121/129/121
f 145/130/122 122/131/123 144/132/124
f 144/132/124 122/131/123 123/133/125
f 144/132/124 123/133/125 143/134/126
f 143/134/126 123/133/125 124/135/127
f 143/134/126 124/135/127 142/136/128
f 142/136/128 124/135/127 125/137/129
f 142/136/128 125/137/129 141/138/130
f 141/138/130 125/137/129 126/139/131
f 141/138/130 126/139/131 140/140/132
f 140/140/132 126/139/131 127/141/133
f 140/140/132 127/141/133 139/142/134
f 139/142/134 127/141/133 128/143/135
f 139/142/134 128/143/135 138/144/136
f 138/144/136 128/143/135 129/145/137
f 138/144/136 129/145/137 137/146/138
f 137/146/138 129/145/137 130/147/139
f 137/146/138 130/147/139 136/148/140
f 136/148/140 130/147/139 131/149/141
f 136/148/140 131/149/141 135/150/142
f 135/150/142 131/149/141 132/151/143
f 135/150/142 132/151/143 134/152/144
f 134/152/144 132/151/143 133/153/145
f 133/154/145 146/155/146 134/156/144
f 134/156/144 146/155/146 147/157/147
f 31/158/148 30/159/149 156/160/150
f 156/160/150 30/159/149 155/161/151
f 155/161/151 30/159/149 29/162/152
f 155/161/151 29/162/152 154/163/153
f 154/163/153 29/162/152 28/164/154
f 154/163/153 28/164/154 153/165/155
f 153/165/155 28/164/154 27/166/156
f 153/165/155 27/166/156 152/167/157
f 152/167/157 27/166/156 26/168/158
f 152/167/157 26/168/158 151/169/159
f 151/169/159 26/168/158 25/170/160
f 151/169/159 25/170/160 150/171/161
f 150/171/161 25/170/160 22/172/162
f 150/171/161 22/172/162 149/173/163
f 149/173/163 22/172/162 21/174/164
f 149/173/163 21/174/164 148/175/165
f 148/175/165 21/174/164 20/176/166
f 20/177/167 19/178/168 148/179/165
f 148/179/165 19/178/168 18/180/169
f 148/179/165 18/180/169 157/181/170
f 157/181/170 18/180/169 17/182/171
f 157/181/170 17/182/171 16/183/172
f 16/183/172 15/184/173 157/181/170
f 157/181/170 15/184/173 14/185/174
f 157/181/170 14/185/174 13/186/175
f 13/186/175 12/187/176 157/181/170
f 157/181/170 12/187/176 11/188/177
f 37/189/178 158/190/179 38/191/180
f 38/191/180 158/190/179 159/192/181
f 38/191/180 159/192/181 39/193/182
f 39/193/182 159/192/181 160/194/183
f 39/193/182 160/194/183 40/195/184
f 40/195/184 160/194/183 161/196/185
f 40/195/184 161/196/185 41/197/186
f 41/197/186 161/196/185 162/198/187
f 41/197/186 162/198/187 42/199/188
f 42/199/188 162/198/187 163/200/189
f 42/199/188 163/200/189 43/201/190
f 43/201/190 163/200/189 164/202/191
f 43/201/190 164/202/191 23/203/192
f 23/203/192 164/202/191 165/204/193
f 23/203/192 165/204/193 24/205/194
f 24/205/194 165/204/193 166/206/195
f 24/205/194 166/206/195 1/207/196
f 1/208/197 166/209/195 2/210/198
f 2/210/198 166/209/195 3/211/199
f 3/211/199 166/209/195 167/212/200
f 3/211/199 167/212/200 4/213/201
f 4/213/201 167/212/200 5/214/202
f 5/214/202 167/212/200 6/215/203
f 6/215/203 167/212/200 7/216/204
f 7/216/204 167/212/200 8/217/205
f 8/217/205 167/212/200 9/218/206
f 9/218/206 167/212/200 10/219/207
f 173/220/208 168/221/209 172/222/210
f 172/222/210 168/221/209 169/223/211
f 172/222/210 169/223/211 171/224/212
f 171/224/212 169/223/211 170/225/213
f 171/224/212 170/225/213 32/226/40
f 32/226/40 170/225/213 33/227/39
f 180/228/214 174/229/215 184/230/216
f 184/230/216 174/229/215 175/231/217
f 184/230/216 175/231/217 183/232/218
f 183/232/218 175/231/217 176/233/219
f 183/232/218 176/233/219 182/234/220
f 182/234/220 176/233/219 177/235/221
f 182/234/220 177/235/221 181/236/222
f 181/236/222 177/235/221 178/237/223
f 181/236/222 178/237/223 179/238/224
f 179/238/224 33/239/39 181/236/222
f 181/236/222 33/239/39 170/240/225
f 181/236/222 170/240/225 182/234/220
f 182/234/220 170/240/225 169/241/226
f 182/234/220 169/241/226 183/232/218
f 183/232/218 169/241/226 184/230/216
f 169/241/226 168/242/209 184/230/216
f 184/230/216 168/242/209 180/228/214
f 186/243/227 209/244/228 185/245/229
f 185/245/229 209/244/228 217/246/230
f 185/245/229 217/246/230 205/247/231
f 205/247/231 217/246/230 204/248/232
f 204/248/232 217/246/230 216/249/233
f 204/248/232 216/249/233 203/250/234
f 203/250/234 216/249/233 215/251/235
f 203/250/234 215/251/235 239/252/236
f 239/252/236 215/251/235 214/253/237
f 239/252/236 214/253/237 238/254/238
f 238/254/238 214/253/237 213/255/239
f 238/254/238 213/255/239 237/256/240
f 237/256/240 213/255/239 198/257/241
f 237/256/240 198/257/241 199/258/242
f 209/244/228 186/243/227 218/259/243
f 218/259/243 186/243/227 187/260/244
f 218/259/243 187/260/244 208/261/245
f 208/261/245 187/260/244 188/262/246
f 208/261/245 188/262/246 230/263/247
f 230/263/247 188/262/246 231/264/248
f 230/263/247 231/264/248 232/265/249
f 232/265/249 231/264/248 190/266/250
f 232/265/249 190/266/250 235/267/251
f 235/267/251 190/266/250 191/268/252
f 235/267/251 191/268/252 192/269/253
f 188/262/246 189/270/254 231/264/248
f 231/264/248 189/270/254 190/266/250
f 235/267/251 192/269/253 236/271/255
f 236/271/255 192/269/253 193/272/256
f 236/271/255 193/272/256 233/273/257
f 233/273/257 193/272/256 234/274/258
f 233/273/257 234/274/258 228/275/259
f 228/275/259 234/274/258 227/276/260
f 228/275/259 227/276/260 224/277/261
f 224/277/261 227/276/260 225/278/262
f 224/277/261 225/278/262 220/279/263
f 220/279/263 225/278/262 221/280/264
f 220/279/263 221/280/264 211/281/265
f 211/281/265 221/280/264 212/282/266
f 211/281/265 212/282/266 215/251/235
f 215/251/235 212/282/266 214/253/237
f 193/272/256 194/283/267 234/274/258
f 234/274/258 194/283/267 195/284/268
f 234/274/258 195/284/268 227/276/260
f 227/276/260 195/284/268 226/285/269
f 227/276/260 226/285/269 225/278/262
f 225/278/262 226/285/269 207/286/270
f 225/278/262 207/286/270 221/280/264
f 221/280/264 207/286/270 222/287/271
f 221/280/264 222/287/271 212/282/266
f 212/282/266 222/287/271 206/288/272
f 212/282/266 206/288/272 214/253/237
f 214/253/237 206/288/272 213/255/239
f 195/284/268 196/289/273 226/285/269
f 226/285/269 196/289/273 207/286/270
f 196/289/273 197/290/274 207/286/270
f 207/286/270 197/290/274 222/287/271
f 222/287/271 197/290/274 206/288/272
f 206/288/272 197/290/274 198/257/241
f 206/288/272 198/257/241 213/255/239
f 237/256/240 199/258/242 240/291/275
f 240/291/275 199/258/242 200/292/276
f 240/291/275 200/292/276 201/293/277
f 202/294/278 238/254/238 201/293/277
f 201/293/277 238/254/238 237/256/240
f 201/293/277 237/256/240 240/291/275
f 238/254/238 202/294/278 239/252/236
f 239/252/236 202/294/278 203/250/234
f 216/249/233 217/246/230 210/295/279
f 210/295/279 217/246/230 209/244/228
f 210/295/279 209/244/228 219/296/280
f 219/296/280 209/244/228 218/259/243
f 219/296/280 218/259/243 223/297/281
f 223/297/281 218/259/243 208/261/245
f 223/297/281 208/261/245 229/298/282
f 229/298/282 208/261/245 230/263/247
f 229/298/282 230/263/247 232/265/249
f 215/251/235 216/249/233 211/281/265
f 211/281/265 216/249/233 210/295/279
f 211/281/265 210/295/279 220/279/263
f 220/279/263 210/295/279 219/296/280
f 220/279/263 219/296/280 224/277/261
f 224/277/261 219/296/280 223/297/281
f 224/277/261 223/297/281 228/275/259
f 228/275/259 223/297/281 229/298/282
f 228/275/259 229/298/282 233/273/257
f 233/273/257 229/298/282 232/265/249
f 233/273/257 232/265/249 236/271/255
f 236/271/255 232/265/249 235/267/251
f 242/299/283 269/300/284 241/301/285
f 241/301/285 269/300/284 268/302/286
f 241/301/285 268/302/286 261/303/287
f 261/303/287 268/302/286 281/304/288
f 261/303/287 281/304/288 260/305/289
f 260/305/289 281/304/288 263/306/290
f 260/305/289 263/306/290 259/307/291
f 259/307/291 263/306/290 290/308/292
f 259/307/291 290/308/292 294/309/293
f 294/309/293 290/308/292 289/310/294
f 294/309/293 289/310/294 293/311/295
f 293/311/295 289/310/294 288/312/296
f 293/311/295 288/312/296 292/313/297
f 292/313/297 288/312/296 287/314/298
f 292/313/297 287/314/298 291/315/299
f 291/315/299 287/314/298 252/316/300
f 291/315/299 252/316/300 253/317/301
f 242/299/283 243/318/302 269/300/284
f 269/300/284 243/318/302 270/319/303
f 269/300/284 270/319/303 268/302/286
f 268/302/286 270/319/303 267/320/304
f 268/302/286 267/320/304 281/304/288
f 281/304/288 267/320/304 280/321/305
f 281/304/288 280/321/305 263/306/290
f 263/306/290 280/321/305 282/322/306
f 263/306/290 282/322/306 290/308/292
f 290/308/292 282/322/306 289/310/294
f 243/318/302 244/323/307 270/319/303
f 270/319/303 244/323/307 271/324/308
f 270/319/303 271/324/308 267/320/304
f 267/320/304 271/324/308 266/325/309
f 267/320/304 266/325/309 280/321/305
f 280/321/305 266/325/309 279/326/310
f 280/321/305 279/326/310 282/322/306
f 282/322/306 279/326/310 283/327/311
f 282/322/306 283/327/311 289/310/294
f 289/310/294 283/327/311 288/312/296
f 271/324/308 244/323/307 274/328/312
f 274/328/312 244/323/307 245/329/313
f 274/328/312 245/329/313 275/330/314
f 275/330/314 245/329/313 246/331/315
f 275/330/314 246/331/315 277/332/316
f 277/332/316 246/331/315 247/333/317
f 277/332/316 247/333/317 248/334/318
f 277/332/316 248/334/318 276/335/319
f 276/335/319 248/334/318 249/336/320
f 276/335/319 249/336/320 273/337/321
f 273/337/321 249/336/320 262/338/322
f 273/337/321 262/338/322 265/339/323
f 265/339/323 262/338/322 278/340/324
f 265/339/323 278/340/324 279/326/310
f 279/326/310 278/340/324 283/327/311
f 249/336/320 250/341/325 262/338/322
f 262/338/322 250/341/325 264/342/326
f 262/338/322 264/342/326 278/340/324
f 278/340/324 264/342/326 284/343/327
f 278/340/324 284/343/327 283/327/311
f 283/327/311 284/343/327 288/312/296
f 250/341/325 251/344/328 264/342/326
f 264/342/326 251/344/328 285/345/329
f 264/342/326 285/345/329 284/343/327
f 284/343/327 285/345/329 287/314/298
f 284/343/327 287/314/298 288/312/296
f 285/345/329 251/344/328 286/346/330
f 286/346/330 251/344/328 252/316/300
f 286/346/330 252/316/300 287/314/298
f 253/317/301 254/347/331 291/315/299
f 291/315/299 254/347/331 292/313/297
f 292/313/297 254/347/331 295/348/332
f 295/348/332 254/347/331 255/349/333
f 295/348/332 255/349/333 296/350/334
f 296/350/334 255/349/333 256/351/335
f 296/350/334 256/351/335 257/352/336
f 258/353/337 294/309/293 257/352/336
f 257/352/336 294/309/293 293/311/295
f 257/352/336 293/311/295 296/350/334
f 296/350/334 293/311/295 292/313/297
f 296/350/334 292/313/297 295/348/332
f 258/353/337 259/307/291 294/309/293
f 265/339/323 266/325/309 272/354/338
f 272/354/338 266/325/309 271/324/308
f 272/354/338 271/324/308 275/330/314
f 275/330/314 271/324/308 274/328/312
f 266/325/309 265/339/323 279/326/310
f 276/335/319 273/337/321 272/354/338
f 272/354/338 273/337/321 265/339/323
f 276/335/319 272/354/338 275/330/314
f 277/332/316 276/335/319 275/330/314
f 286/346/330 287/314/298 285/345/329
f 298/355/339 326/356/340 297/357/341
f 297/357/341 326/356/340 325/358/342
f 297/357/341 325/358/342 317/359/343
f 317/359/343 325/358/342 337/360/344
f 317/359/343 337/360/344 316/361/345
f 316/361/345 337/360/344 319/362/346
f 316/361/345 319/362/346 315/363/347
f 315/363/347 319/362/346 346/364/348
f 315/363/347 346/364/348 350/365/349
f 350/365/349 346/364/348 345/366/350
f 350/365/349 345/366/350 349/367/351
f 349/367/351 345/366/350 344/368/352
f 349/367/351 344/368/352 348/369/353
f 348/369/353 344/368/352 343/370/354
f 348/369/353 343/370/354 347/371/355
f 347/371/355 343/370/354 308/372/356
f 347/371/355 308/372/356 309/373/357
f 298/355/339 299/374/358 326/356/340
f 326/356/340 299/374/358 327/375/359
f 326/356/340 327/375/359 325/358/342
f 325/358/342 327/375/359 324/376/360
f 325/358/342 324/376/360 337/360/344
f 337/360/344 324/376/360 336/377/361
f 337/360/344 336/377/361 319/362/346
f 319/362/346 336/377/361 338/378/362
f 319/362/346 338/378/362 346/364/348
f 346/364/348 338/378/362 345/366/350
f 299/374/358 300/379/363 327/375/359
f 327/375/359 300/379/363 328/380/364
f 327/375/359 328/380/364 324/376/360
f 324/376/360 328/380/364 323/381/365
f 324/376/360 323/381/365 336/377/361
f 336/377/361 323/381/365 335/382/366
f 336/377/361 335/382/366 338/378/362
f 338/378/362 335/382/366 339/383/367
f 338/378/362 339/383/367 345/366/350
f 345/366/350 339/383/367 344/368/352
f 328/380/364 300/379/363 331/384/368
f 331/384/368 300/379/363 301/385/369
f 331/384/368 301/385/369 332/386/370
f 332/386/370 301/385/369 302/387/371
f 332/386/370 302/387/371 333/388/372
f 333/388/372 302/387/371 321/389/373
f 333/388/372 321/389/373 304/390/374
f 304/390/374 321/389/373 303/391/375
f 303/391/375 321/389/373 302/387/371
f 304/390/374 305/392/376 333/388/372
f 333/388/372 305/392/376 330/393/377
f 333/388/372 330/393/377 329/394/378
f 329/394/378 330/393/377 322/395/379
f 329/394/378 322/395/379 323/381/365
f 323/381/365 322/395/379 335/382/366
f 330/393/377 305/392/376 320/396/380
f 320/396/380 305/392/376 306/397/381
f 320/396/380 306/397/381 318/398/382
f 318/398/382 306/397/381 307/399/383
f 318/398/382 307/399/383 341/400/384
f 341/400/384 307/399/383 342/401/385
f 341/400/384 342/401/385 343/370/354
f 343/370/354 342/401/385 308/372/356
f 307/399/383 308/372/356 342/401/385
f 309/373/357 310/402/386 347/371/355
f 347/371/355 310/402/386 348/369/353
f 348/369/353 310/402/386 351/403/387
f 351/403/387 310/402/386 311/404/388
f 351/403/387 311/404/388 352/405/389
f 352/405/389 311/404/388 312/406/390
f 352/405/389 312/406/390 313/407/391
f 314/408/392 350/365/349 313/407/391
f 313/407/391 350/365/349 349/367/351
f 313/407/391 349/367/351 352/405/389
f 352/405/389 349/367/351 348/369/353
f 352/405/389 348/369/353 351/403/387
f 314/408/392 315/363/347 350/365/349
f 330/393/377 320/396/380 322/395/379
f 322/395/379 320/396/380 334/409/393
f 322/395/379 334/409/393 335/382/366
f 335/382/366 334/409/393 339/383/367
f 329/394/378 323/381/365 328/380/364
f 331/384/368 332/386/370 328/380/364
f 328/380/364 332/386/370 329/394/378
f 332/386/370 333/388/372 329/394/378
f 320/396/380 318/398/382 334/409/393
f 334/409/393 318/398/382 340/410/394
f 334/409/393 340/410/394 339/383/367
f 339/383/367 340/410/394 344/368/352
f 343/370/354 344/368/352 340/410/394
f 318/398/382 341/400/384 340/410/394
f 340/410/394 341/400/384 343/370/354
f 199/411/242 353/412/395 200/413/276
f 200/413/276 353/412/395 354/414/396
f 200/413/276 354/414/396 355/415/397
f 355/415/397 354/414/396 361/416/398
f 355/415/397 361/416/398 362/417/399
f 362/417/399 361/416/398 368/418/400
f 362/417/399 368/418/400 369/419/401
f 369/419/401 368/418/400 375/420/402
f 369/419/401 375/420/402 376/421/403
f 376/421/403 375/420/402 382/422/404
f 376/421/403 382/422/404 308/423/356
f 308/423/356 382/422/404 309/424/357
f 309/424/357 382/422/404 388/425/405
f 309/424/357 388/425/405 310/426/386
f 310/426/386 388/425/405 394/427/406
f 310/426/386 394/427/406 311/428/388
f 311/428/388 394/427/406 400/429/407
f 311/428/388 400/429/407 312/430/390
f 312/430/390 400/429/407 399/431/408
f 312/430/390 399/431/408 398/432/409
f 398/432/409 399/431/408 392/433/410
f 398/432/409 392/433/410 391/434/411
f 391/434/411 392/433/410 385/435/412
f 391/434/411 385/435/412 384/436/413
f 384/436/413 385/435/412 378/437/414
f 384/436/413 378/437/414 377/438/415
f 377/438/415 378/437/414 371/439/416
f 377/438/415 371/439/416 196/440/273
f 196/440/273 371/439/416 197/441/274
f 197/441/274 371/439/416 365/442/417
f 197/441/274 365/442/417 198/443/241
f 198/443/241 365/442/417 359/444/418
f 198/443/241 359/444/418 199/411/242
f 199/411/242 359/444/418 353/412/395
f 196/440/273 195/445/268 377/438/415
f 377/438/415 195/445/268 383/446/419
f 377/438/415 383/446/419 384/436/413
f 384/436/413 383/446/419 390/447/420
f 384/436/413 390/447/420 391/434/411
f 391/434/411 390/447/420 397/448/421
f 391/434/411 397/448/421 398/432/409
f 398/432/409 397/448/421 312/430/390
f 195/445/268 194/449/267 383/446/419
f 383/446/419 194/449/267 389/450/422
f 383/446/419 389/450/422 390/447/420
f 390/447/420 389/450/422 396/451/423
f 390/447/420 396/451/423 397/448/421
f 397/448/421 396/451/423 191/452/252
f 397/448/421 191/452/252 312/430/390
f 194/449/267 193/453/256 389/450/422
f 389/450/422 193/453/256 395/454/424
f 389/450/422 395/454/424 396/451/423
f 396/451/423 395/454/424 191/452/252
f 193/453/256 192/455/253 395/454/424
f 395/454/424 192/455/253 191/452/252
f 308/423/356 307/456/383 376/421/403
f 376/421/403 307/456/383 370/457/425
f 376/421/403 370/457/425 369/419/401
f 369/419/401 370/457/425 363/458/426
f 369/419/401 363/458/426 362/417/399
f 362/417/399 363/458/426 356/459/427
f 362/417/399 356/459/427 355/415/397
f 355/415/397 356/459/427 200/413/276
f 307/456/383 306/460/381 370/457/425
f 370/457/425 306/460/381 364/461/428
f 370/457/425 364/461/428 363/458/426
f 363/458/426 364/461/428 357/462/429
f 363/458/426 357/462/429 356/459/427
f 356/459/427 357/462/429 303/463/375
f 356/459/427 303/463/375 200/413/276
f 306/460/381 305/464/376 364/461/428
f 364/461/428 305/464/376 358/465/430
f 364/461/428 358/465/430 357/462/429
f 357/462/429 358/465/430 303/463/375
f 305/464/376 304/466/374 358/465/430
f 358/465/430 304/466/374 303/463/375
f 354/414/396 353/412/395 360/467/431
f 360/467/431 353/412/395 359/444/418
f 360/467/431 359/444/418 366/468/432
f 366/468/432 359/444/418 365/442/417
f 366/468/432 365/442/417 372/469/433
f 372/469/433 365/442/417 371/439/416
f 372/469/433 371/439/416 378/437/414
f 354/414/396 360/467/431 361/416/398
f 361/416/398 360/467/431 367/470/434
f 361/416/398 367/470/434 368/418/400
f 368/418/400 367/470/434 374/471/435
f 368/418/400 374/471/435 375/420/402
f 375/420/402 374/471/435 381/472/436
f 375/420/402 381/472/436 382/422/404
f 382/422/404 381/472/436 388/425/405
f 367/470/434 360/467/431 366/468/432
f 367/470/434 366/468/432 373/473/437
f 373/473/437 366/468/432 372/469/433
f 373/473/437 372/469/433 379/474/438
f 379/474/438 372/469/433 378/437/414
f 379/474/438 378/437/414 385/435/412
f 367/470/434 373/473/437 374/471/435
f 374/471/435 373/473/437 380/475/439
f 374/471/435 380/475/439 381/472/436
f 381/472/436 380/475/439 387/476/440
f 381/472/436 387/476/440 388/425/405
f 388/425/405 387/476/440 394/427/406
f 380/475/439 373/473/437 379/474/438
f 380/475/439 379/474/438 386/477/441
f 386/477/441 379/474/438 385/435/412
f 386/477/441 385/435/412 392/433/410
f 380/475/439 386/477/441 387/476/440
f 387/476/440 386/477/441 393/478/442
f 387/476/440 393/478/442 394/427/406
f 394/427/406 393/478/442 400/429/407
f 393/478/442 386/477/441 392/433/410
f 400/429/407 393/478/442 399/431/408
f 399/431/408 393/478/442 392/433/410
f 402/479/443 425/480/444 401/481/445
f 401/481/445 425/480/444 433/482/446
f 401/481/445 433/482/446 421/483/447
f 421/483/447 433/482/446 420/484/448
f 420/484/448 433/482/446 432/485/449
f 420/484/448 432/485/449 419/486/450
f 419/486/450 432/485/449 431/487/451
f 419/486/450 431/487/451 455/488/452
f 455/488/452 431/487/451 430/489/453
f 455/488/452 430/489/453 454/490/454
f 454/490/454 430/489/453 429/491/455
f 454/490/454 429/491/455 453/492/456
f 453/492/456 429/491/455 414/493/457
f 453/492/456 414/493/457 415/494/458
f 425/480/444 402/479/443 434/495/459
f 434/495/459 402/479/443 403/496/460
f 434/495/459 403/496/460 422/497/461
f 422/497/461 403/496/460 404/498/462
f 422/497/461 404/498/462 446/499/463
f 446/499/463 404/498/462 447/500/464
f 446/499/463 447/500/464 448/501/465
f 448/501/465 447/500/464 451/502/466
f 448/501/465 451/502/466 452/503/467
f 452/503/467 451/502/466 408/504/468
f 452/503/467 408/504/468 409/505/469
f 404/498/462 405/506/470 447/500/464
f 447/500/464 405/506/470 406/507/471
f 447/500/464 406/507/471 451/502/466
f 451/502/466 406/507/471 407/508/472
f 451/502/466 407/508/472 408/504/468
f 410/509/473 450/510/474 409/505/469
f 409/505/469 450/510/474 449/511/475
f 409/505/469 449/511/475 452/503/467
f 452/503/467 449/511/475 448/501/465
f 410/509/473 411/512/476 450/510/474
f 450/510/474 411/512/476 443/513/477
f 450/510/474 443/513/477 444/514/478
f 444/514/478 443/513/477 440/515/479
f 444/514/478 440/515/479 439/516/480
f 439/516/480 440/515/479 435/517/481
f 439/516/480 435/517/481 434/495/459
f 434/495/459 435/517/481 425/480/444
f 443/513/477 411/512/476 442/518/482
f 442/518/482 411/512/476 412/519/483
f 442/518/482 412/519/483 423/520/484
f 423/520/484 412/519/483 413/521/485
f 423/520/484 413/521/485 438/522/486
f 438/522/486 413/521/485 424/523/487
f 438/522/486 424/523/487 428/524/488
f 428/524/488 424/523/487 430/489/453
f 428/524/488 430/489/453 431/487/451
f 413/521/485 414/493/457 424/523/487
f 424/523/487 414/493/457 429/491/455
f 424/523/487 429/491/455 430/489/453
f 453/492/456 415/494/458 456/525/489
f 456/525/489 415/494/458 416/526/490
f 456/525/489 416/526/490 417/527/491
f 418/528/492 454/490/454 417/527/491
f 417/527/491 454/490/454 453/492/456
f 417/527/491 453/492/456 456/525/489
f 454/490/454 418/528/492 455/488/452
f 455/488/452 418/528/492 419/486/450
f 432/485/449 433/482/446 426/529/493
f 426/529/493 433/482/446 425/480/444
f 426/529/493 425/480/444 435/517/481
f 431/487/451 432/485/449 427/530/494
f 427/530/494 432/485/449 426/529/493
f 427/530/494 426/529/493 436/531/495
f 436/531/495 426/529/493 435/517/481
f 436/531/495 435/517/481 440/515/479
f 431/487/451 427/530/494 428/524/488
f 428/524/488 427/530/494 437/532/496
f 428/524/488 437/532/496 438/522/486
f 438/522/486 437/532/496 423/520/484
f 437/532/496 427/530/494 436/531/495
f 437/532/496 436/531/495 441/533/497
f 441/533/497 436/531/495 440/515/479
f 441/533/497 440/515/479 443/513/477
f 434/495/459 422/497/461 439/516/480
f 439/516/480 422/497/461 445/534/498
f 439/516/480 445/534/498 444/514/478
f 444/514/478 445/534/498 449/511/475
f 444/514/478 449/511/475 450/510/474
f 442/518/482 423/520/484 441/533/497
f 441/533/497 423/520/484 437/532/496
f 442/518/482 441/533/497 443/513/477
f 448/501/465 449/511/475 445/534/498
f 422/497/461 446/499/463 445/534/498
f 445/534/498 446/499/463 448/501/465
f 415/535/458 457/536/499 416/537/490
f 416/537/490 457/536/499 458/538/500
f 416/537/490 458/538/500 459/539/501
f 459/539/501 458/538/500 465/540/502
f 459/539/501 465/540/502 466/541/503
f 466/541/503 465/540/502 472/542/504
f 466/541/503 472/542/504 473/543/505
f 473/543/505 472/542/504 479/544/506
f 473/543/505 479/544/506 480/545/507
f 480/545/507 479/544/506 486/546/508
f 480/545/507 486/546/508 252/547/300
f 252/547/300 486/546/508 253/548/301
f 253/548/301 486/546/508 492/549/509
f 253/548/301 492/549/509 254/550/331
f 254/550/331 492/549/509 498/551/510
f 254/550/331 498/551/510 255/552/333
f 255/552/333 498/551/510 504/553/511
f 255/552/333 504/553/511 256/554/335
f 256/554/335 504/553/511 503/555/512
f 256/554/335 503/555/512 502/556/513
f 502/556/513 503/555/512 496/557/514
f 502/556/513 496/557/514 495/558/515
f 495/558/515 496/557/514 489/559/516
f 495/558/515 489/559/516 488/560/517
f 488/560/517 489/559/516 482/561/518
f 488/560/517 482/561/518 481/562/519
f 481/562/519 482/561/518 475/563/520
f 481/562/519 475/563/520 412/564/483
f 412/564/483 475/563/520 413/565/485
f 413/565/485 475/563/520 469/566/521
f 413/565/485 469/566/521 414/567/457
f 414/567/457 469/566/521 463/568/522
f 414/567/457 463/568/522 415/535/458
f 415/535/458 463/568/522 457/536/499
f 412/564/483 411/569/476 481/562/519
f 481/562/519 411/569/476 487/570/523
f 481/562/519 487/570/523 488/560/517
f 488/560/517 487/570/523 494/571/524
f 488/560/517 494/571/524 495/558/515
f 495/558/515 494/571/524 501/572/525
f 495/558/515 501/572/525 502/556/513
f 502/556/513 501/572/525 256/554/335
f 411/569/476 410/573/473 487/570/523
f 487/570/523 410/573/473 493/574/526
f 487/570/523 493/574/526 494/571/524
f 494/571/524 493/574/526 500/575/527
f 494/571/524 500/575/527 501/572/525
f 501/572/525 500/575/527 407/576/472
f 501/572/525 407/576/472 256/554/335
f 410/573/473 409/577/469 493/574/526
f 493/574/526 409/577/469 499/578/528
f 493/574/526 499/578/528 500/575/527
f 500/575/527 499/578/528 407/576/472
f 409/577/469 408/579/468 499/578/528
f 499/578/528 408/579/468 407/576/472
f 252/547/300 251/580/328 480/545/507
f 480/545/507 251/580/328 474/581/529
f 480/545/507 474/581/529 473/543/505
f 473/543/505 474/581/529 467/582/530
f 473/543/505 467/582/530 466/541/503
f 466/541/503 467/582/530 460/583/531
f 466/541/503 460/583/531 459/539/501
f 459/539/501 460/583/531 416/537/490
f 251/580/328 250/584/325 474/581/529
f 474/581/529 250/584/325 468/585/532
f 474/581/529 468/585/532 467/582/530
f 467/582/530 468/585/532 461/586/533
f 467/582/530 461/586/533 460/583/531
f 460/583/531 461/586/533 247/587/317
f 460/583/531 247/587/317 416/537/490
f 250/584/325 249/588/320 468/585/532
f 468/585/532 249/588/320 462/589/534
f 468/585/532 462/589/534 461/586/533
f 461/586/533 462/589/534 247/587/317
f 249/588/320 248/590/318 462/589/534
f 462/589/534 248/590/318 247/587/317
f 458/538/500 457/536/499 464/591/535
f 464/591/535 457/536/499 463/568/522
f 464/591/535 463/568/522 470/592/536
f 470/592/536 463/568/522 469/566/521
f 470/592/536 469/566/521 476/593/537
f 476/593/537 469/566/521 475/563/520
f 476/593/537 475/563/520 482/561/518
f 458/538/500 464/591/535 465/540/502
f 465/540/502 464/591/535 471/594/538
f 465/540/502 471/594/538 472/542/504
f 472/542/504 471/594/538 478/595/539
f 472/542/504 478/595/539 479/544/506
f 479/544/506 478/595/539 485/596/540
f 479/544/506 485/596/540 486/546/508
f 486/546/508 485/596/540 492/549/509
f 471/594/538 464/591/535 470/592/536
f 471/594/538 470/592/536 477/597/541
f 477/597/541 470/592/536 476/593/537
f 477/597/541 476/593/537 483/598/542
f 483/598/542 476/593/537 482/561/518
f 483/598/542 482/561/518 489/559/516
f 471/594/538 477/597/541 478/595/539
f 478/595/539 477/597/541 484/599/543
f 478/595/539 484/599/543 485/596/540
f 485/596/540 484/599/543 491/600/544
f 485/596/540 491/600/544 492/549/509
f 492/549/509 491/600/544 498/551/510
f 484/599/543 477/597/541 483/598/542
f 484/599/543 483/598/542 490/601/545
f 490/601/545 483/598/542 489/559/516
f 490/601/545 489/559/516 496/557/514
f 484/599/543 490/601/545 491/600/544
f 491/600/544 490/601/545 497/602/546
f 491/600/544 497/602/546 498/551/510
f 498/551/510 497/602/546 504/553/511
f 497/602/546 490/601/545 496/557/514
f 504/553/511 497/602/546 503/555/512
f 503/555/512 497/602/546 496/557/514
f 506/603/547 512/604/548 505/605/549
f 505/605/549 512/604/548 513/606/550
f 505/605/549 513/606/550 416/607/551
f 416/607/551 513/606/550 417/608/552
f 417/608/552 513/606/550 418/609/553
f 418/609/553 513/606/550 515/610/554
f 418/609/553 515/610/554 419/611/450
f 419/611/450 515/610/554 517/612/555
f 419/611/450 517/612/555 420/613/556
f 420/613/556 517/612/555 519/614/557
f 420/613/556 519/614/557 421/615/558
f 421/615/558 519/614/557 521/616/559
f 421/615/558 521/616/559 401/617/560
f 401/617/560 521/616/559 520/618/561
f 401/617/560 520/618/561 511/619/562
f 511/619/562 520/618/561 510/620/563
f 510/620/563 520/618/561 509/621/564
f 509/621/564 520/618/561 518/622/565
f 509/621/564 518/622/565 508/623/566
f 508/623/566 518/622/565 516/624/567
f 508/623/566 516/624/567 507/625/568
f 507/625/568 516/624/567 514/626/569
f 507/625/568 514/626/569 506/603/547
f 506/603/547 514/626/569 512/604/548
f 515/610/554 513/606/550 512/604/548
f 515/610/554 512/604/548 514/626/569
f 517/612/555 515/610/554 514/626/569
f 517/612/555 514/626/569 516/624/567
f 519/614/557 517/612/555 516/624/567
f 519/614/557 516/624/567 518/622/565
f 521/616/559 519/614/557 518/622/565
f 521/616/559 518/622/565 520/618/561
f 406/627/471 522/628/570 407/629/472
f 407/629/472 522/628/570 523/630/571
f 407/629/472 523/630/571 524/631/572
f 524/631/572 523/630/571 534/632/573
f 524/631/572 534/632/573 535/633/574
f 535/633/574 534/632/573 545/634/575
f 535/633/574 545/634/575 546/635/576
f 546/635/576 545/634/575 556/636/577
f 546/635/576 556/636/577 557/637/578
f 557/637/578 556/636/577 567/638/579
f 557/637/578 567/638/579 568/639/580
f 568/639/580 567/638/579 297/640/341
f 568/639/580 297/640/341 569/641/581
f 569/641/581 297/640/341 570/642/582
f 569/641/581 570/642/582 559/643/583
f 559/643/583 570/642/582 560/644/584
f 559/643/583 560/644/584 549/645/585
f 549/645/585 560/644/584 550/646/586
f 549/645/585 550/646/586 539/647/587
f 539/647/587 550/646/586 540/648/588
f 539/647/587 540/648/588 529/649/589
f 529/649/589 540/648/588 530/650/590
f 529/649/589 530/650/590 312/651/390
f 312/651/390 530/650/590 531/652/591
f 312/651/390 531/652/591 313/653/391
f 313/653/391 531/652/591 314/654/392
f 314/654/392 531/652/591 541/655/592
f 314/654/392 541/655/592 315/656/347
f 315/656/347 541/655/592 551/657/593
f 315/656/347 551/657/593 316/658/345
f 316/658/345 551/657/593 561/659/594
f 316/658/345 561/659/594 317/660/343
f 317/660/343 561/659/594 571/661/595
f 317/660/343 571/661/595 297/640/341
f 297/640/341 571/661/595 570/642/582
f 522/628/570 406/627/471 532/662/596
f 532/662/596 406/627/471 405/663/470
f 532/662/596 405/663/470 542/664/597
f 542/664/597 405/663/470 404/665/462
f 542/664/597 404/665/462 552/666/598
f 552/666/598 404/665/462 403/667/460
f 552/666/598 403/667/460 562/668/599
f 562/668/599 403/667/460 402/669/443
f 562/668/599 402/669/443 401/670/445
f 297/640/341 566/671/600 401/670/445
f 401/670/445 566/671/600 565/672/601
f 401/670/445 565/672/601 564/673/602
f 564/673/602 565/672/601 554/674/603
f 564/673/602 554/674/603 553/675/604
f 553/675/604 554/674/603 543/676/605
f 553/675/604 543/676/605 542/664/597
f 542/664/597 543/676/605 532/662/596
f 407/629/472 527/677/606 312/651/390
f 312/651/390 527/677/606 528/678/607
f 312/651/390 528/678/607 529/649/589
f 529/649/589 528/678/607 539/647/587
f 523/630/571 522/628/570 533/679/608
f 533/679/608 522/628/570 532/662/596
f 533/679/608 532/662/596 543/676/605
f 524/631/572 525/680/609 407/629/472
f 407/629/472 525/680/609 526/681/610
f 407/629/472 526/681/610 527/677/606
f 527/677/606 526/681/610 537/682/611
f 527/677/606 537/682/611 538/683/612
f 538/683/612 537/682/611 548/684/613
f 538/683/612 548/684/613 549/645/585
f 549/645/585 548/684/613 559/643/583
f 524/631/572 535/633/574 525/680/609
f 525/680/609 535/633/574 536/685/614
f 525/680/609 536/685/614 526/681/610
f 526/681/610 536/685/614 537/682/611
f 539/647/587 528/678/607 538/683/612
f 538/683/612 528/678/607 527/677/606
f 541/655/592 531/652/591 530/650/590
f 541/655/592 530/650/590 540/648/588
f 523/630/571 533/679/608 534/632/573
f 534/632/573 533/679/608 544/686/615
f 534/632/573 544/686/615 545/634/575
f 545/634/575 544/686/615 555/687/616
f 545/634/575 555/687/616 556/636/577
f 556/636/577 555/687/616 566/671/600
f 556/636/577 566/671/600 567/638/579
f 567/638/579 566/671/600 297/640/341
f 544/686/615 533/679/608 543/676/605
f 535/633/574 546/635/576 536/685/614
f 536/685/614 546/635/576 547/688/617
f 536/685/614 547/688/617 537/682/611
f 537/682/611 547/688/617 548/684/613
f 549/645/585 539/647/587 538/683/612
f 551/657/593 541/655/592 540/648/588
f 551/657/593 540/648/588 550/646/586
f 553/675/604 542/664/597 552/666/598
f 555/687/616 544/686/615 554/674/603
f 554/674/603 544/686/615 543/676/605
f 546/635/576 557/637/578 547/688/617
f 547/688/617 557/637/578 558/689/618
f 547/688/617 558/689/618 548/684/613
f 548/684/613 558/689/618 559/643/583
f 561/659/594 551/657/593 550/646/586
f 561/659/594 550/646/586 560/644/584
f 553/675/604 552/666/598 563/690/619
f 563/690/619 552/666/598 562/668/599
f 563/690/619 562/668/599 401/670/445
f 566/671/600 555/687/616 565/672/601
f 565/672/601 555/687/616 554/674/603
f 569/641/581 559/643/583 558/689/618
f 569/641/581 558/689/618 568/639/580
f 568/639/580 558/689/618 557/637/578
f 571/661/595 561/659/594 560/644/584
f 571/661/595 560/644/584 570/642/582
f 401/670/445 564/673/602 563/690/619
f 563/690/619 564/673/602 553/675/604
f 573/691/620 579/692/621 572/693/622
f 572/693/622 579/692/621 580/694/623
f 572/693/622 580/694/623 297/695/624
f 297/695/624 580/694/623 298/696/625
f 298/696/625 580/694/623 299/697/358
f 299/697/358 580/694/623 582/698/626
f 299/697/358 582/698/626 300/699/363
f 300/699/363 582/698/626 584/700/627
f 300/699/363 584/700/627 301/701/369
f 301/701/369 584/700/627 586/702/628
f 301/701/369 586/702/628 302/703/629
f 302/703/629 586/702/628 588/704/630
f 302/703/629 588/704/630 303/705/631
f 303/705/631 588/704/630 587/706/632
f 303/705/631 587/706/632 578/707/633
f 578/707/633 587/706/632 577/708/634
f 577/708/634 587/706/632 576/709/635
f 576/709/635 587/706/632 585/710/636
f 576/709/635 585/710/636 575/711/637
f 575/711/637 585/710/636 583/712/638
f 575/711/637 583/712/638 574/713/639
f 574/713/639 583/712/638 581/714/640
f 574/713/639 581/714/640 573/691/620
f 573/691/620 581/714/640 579/692/621
f 582/698/626 580/694/623 579/692/621
f 582/698/626 579/692/621 581/714/640
f 584/700/627 582/698/626 581/714/640
f 584/700/627 581/714/640 583/712/638
f 586/702/628 584/700/627 583/712/638
f 586/702/628 583/712/638 585/710/636
f 588/704/630 586/702/628 585/710/636
f 588/704/630 585/710/636 587/706/632
f 190/715/250 589/716/641 191/717/252
f 191/717/252 589/716/641 590/718/642
f 191/717/252 590/718/642 591/719/643
f 591/719/643 590/718/642 601/720/644
f 591/719/643 601/720/644 602/721/645
f 602/721/645 601/720/644 612/722/646
f 602/721/645 612/722/646 613/723/647
f 613/723/647 612/722/646 623/724/648
f 613/723/647 623/724/648 624/725/649
f 624/725/649 623/724/648 634/726/650
f 624/725/649 634/726/650 635/727/651
f 635/727/651 634/726/650 241/728/285
f 635/727/651 241/728/285 636/729/652
f 636/729/652 241/728/285 637/730/653
f 636/729/652 637/730/653 626/731/654
f 626/731/654 637/730/653 627/732/655
f 626/731/654 627/732/655 616/733/656
f 616/733/656 627/732/655 617/734/657
f 616/733/656 617/734/657 606/735/658
f 606/735/658 617/734/657 607/736/659
f 606/735/658 607/736/659 596/737/660
f 596/737/660 607/736/659 597/738/661
f 596/737/660 597/738/661 256/739/335
f 256/739/335 597/738/661 598/740/662
f 256/739/335 598/740/662 257/741/336
f 257/741/336 598/740/662 258/742/337
f 258/742/337 598/740/662 608/743/663
f 258/742/337 608/743/663 259/744/291
f 259/744/291 608/743/663 618/745/664
f 259/744/291 618/745/664 260/746/289
f 260/746/289 618/745/664 628/747/665
f 260/746/289 628/747/665 261/748/287
f 261/748/287 628/747/665 638/749/666
f 261/748/287 638/749/666 241/728/285
f 241/728/285 638/749/666 637/730/653
f 589/716/641 190/715/250 599/750/667
f 599/750/667 190/715/250 189/751/254
f 599/750/667 189/751/254 609/752/668
f 609/752/668 189/751/254 188/753/246
f 609/752/668 188/753/246 619/754/669
f 619/754/669 188/753/246 187/755/244
f 619/754/669 187/755/244 629/756/670
f 629/756/670 187/755/244 186/757/227
f 629/756/670 186/757/227 185/758/229
f 241/728/285 633/759/671 185/758/229
f 185/758/229 633/759/671 632/760/672
f 185/758/229 632/760/672 631/761/673
f 631/761/673 632/760/672 621/762/674
f 631/761/673 621/762/674 620/763/675
f 620/763/675 621/762/674 610/764/676
f 620/763/675 610/764/676 609/752/668
f 609/752/668 610/764/676 599/750/667
f 191/717/252 594/765/677 256/739/335
f 256/739/335 594/765/677 595/766/678
f 256/739/335 595/766/678 596/737/660
f 596/737/660 595/766/678 606/735/658
f 590/718/642 589/716/641 600/767/679
f 600/767/679 589/716/641 599/750/667
f 600/767/679 599/750/667 610/764/676
f 591/719/643 592/768/680 191/717/252
f 191/717/252 592/768/680 593/769/681
f 191/717/252 593/769/681 594/765/677
f 594/765/677 593/769/681 604/770/682
f 594/765/677 604/770/682 605/771/683
f 605/771/683 604/770/682 615/772/684
f 605/771/683 615/772/684 616/733/656
f 616/733/656 615/772/684 626/731/654
f 591/719/643 602/721/645 592/768/680
f 592/768/680 602/721/645 603/773/685
f 592/768/680 603/773/685 593/769/681
f 593/769/681 603/773/685 604/770/682
f 606/735/658 595/766/678 605/771/683
f 605/771/683 595/766/678 594/765/677
f 608/743/663 598/740/662 597/738/661
f 608/743/663 597/738/661 607/736/659
f 590/718/642 600/767/679 601/720/644
f 601/720/644 600/767/679 611/774/686
f 601/720/644 611/774/686 612/722/646
f 612/722/646 611/774/686 622/775/687
f 612/722/646 622/775/687 623/724/648
f 623/724/648 622/775/687 633/759/671
f 623/724/648 633/759/671 634/726/650
f 634/726/650 633/759/671 241/728/285
f 611/774/686 600/767/679 610/764/676
f 602/721/645 613/723/647 603/773/685
f 603/773/685 613/723/647 614/776/688
f 603/773/685 614/776/688 604/770/682
f 604/770/682 614/776/688 615/772/684
f 616/733/656 606/735/658 605/771/683
f 618/745/664 608/743/663 607/736/659
f 618/745/664 607/736/659 617/734/657
f 620/763/675 609/752/668 619/754/669
f 622/775/687 611/774/686 621/762/674
f 621/762/674 611/774/686 610/764/676
f 613/723/647 624/725/649 614/776/688
f 614/776/688 624/725/649 625/777/689
f 614/776/688 625/777/689 615/772/684
f 615/772/684 625/777/689 626/731/654
f 628/747/665 618/745/664 617/734/657
f 628/747/665 617/734/657 627/732/655
f 620/763/675 619/754/669 630/778/690
f 630/778/690 619/754/669 629/756/670
f 630/778/690 629/756/670 185/758/229
f 633/759/671 622/775/687 632/760/672
f 632/760/672 622/775/687 621/762/674
f 636/729/652 626/731/654 625/777/689
f 636/729/652 625/777/689 635/727/651
f 635/727/651 625/777/689 624/725/649
f 638/749/666 628/747/665 627/732/655
f 638/749/666 627/732/655 637/730/653
f 185/758/229 631/761/673 630/778/690
f 630/778/690 631/761/673 620/763/675
f 639/779/691 247/780/692 648/781/693
f 648/781/693 247/780/692 652/782/694
f 648/781/693 652/782/694 653/783/695
f 653/783/695 652/782/694 660/784/696
f 653/783/695 660/784/696 661/785/697
f 661/785/697 660/784/696 668/786/698
f 661/785/697 668/786/698 669/787/699
f 669/787/699 668/786/698 676/788/700
f 669/787/699 676/788/700 643/789/701
f 643/789/701 676/788/700 642/790/702
f 642/790/702 676/788/700 683/791/703
f 642/790/702 683/791/703 641/792/704
f 641/792/704 683/791/703 640/793/705
f 640/793/705 683/791/703 682/794/706
f 640/793/705 682/794/706 681/795/707
f 681/795/707 682/794/706 674/796/708
f 681/795/707 674/796/708 673/797/709
f 673/797/709 674/796/708 666/798/710
f 673/797/709 666/798/710 665/799/711
f 665/799/711 666/798/710 658/800/712
f 665/799/711 658/800/712 657/801/713
f 657/801/713 658/800/712 650/802/714
f 657/801/713 650/802/714 649/803/715
f 649/803/715 650/802/714 247/780/692
f 649/803/715 247/780/692 246/804/716
f 649/803/715 246/804/716 656/805/717
f 656/805/717 246/804/716 245/806/718
f 656/805/717 245/806/718 663/807/719
f 663/807/719 245/806/718 244/808/307
f 663/807/719 244/808/307 670/809/720
f 670/809/720 244/808/307 243/810/721
f 670/809/720 243/810/721 677/811/722
f 677/811/722 243/810/721 242/812/723
f 677/811/722 242/812/723 241/813/724
f 640/793/705 680/814/725 241/813/724
f 241/813/724 680/814/725 679/815/726
f 241/813/724 679/815/726 678/816/727
f 678/816/727 679/815/726 671/817/728
f 678/816/727 671/817/728 670/809/720
f 670/809/720 671/817/728 663/807/719
f 643/789/701 644/818/729 669/787/699
f 669/787/699 644/818/729 645/819/730
f 669/787/699 645/819/730 662/820/731
f 662/820/731 645/819/730 646/821/732
f 662/820/731 646/821/732 655/822/733
f 655/822/733 646/821/732 647/823/734
f 655/822/733 647/823/734 648/781/693
f 657/801/713 649/803/715 656/805/717
f 652/782/694 247/780/692 651/824/735
f 651/824/735 247/780/692 650/802/714
f 651/824/735 650/802/714 658/800/712
f 652/782/694 651/824/735 659/825/736
f 659/825/736 651/824/735 658/800/712
f 659/825/736 658/800/712 666/798/710
f 655/822/733 648/781/693 654/826/737
f 654/826/737 648/781/693 653/783/695
f 654/826/737 653/783/695 661/785/697
f 662/820/731 655/822/733 654/826/737
f 662/820/731 654/826/737 661/785/697
f 657/801/713 656/805/717 664/827/738
f 664/827/738 656/805/717 663/807/719
f 664/827/738 663/807/719 671/817/728
f 652/782/694 659/825/736 660/784/696
f 660/784/696 659/825/736 667/828/739
f 660/784/696 667/828/739 668/786/698
f 668/786/698 667/828/739 675/829/740
f 668/786/698 675/829/740 676/788/700
f 676/788/700 675/829/740 683/791/703
f 667/828/739 659/825/736 666/798/710
f 669/787/699 662/820/731 661/785/697
f 657/801/713 664/827/738 665/799/711
f 665/799/711 664/827/738 672/830/741
f 665/799/711 672/830/741 673/797/709
f 673/797/709 672/830/741 680/814/725
f 673/797/709 680/814/725 681/795/707
f 681/795/707 680/814/725 640/793/705
f 672/830/741 664/827/738 671/817/728
f 675/829/740 667/828/739 674/796/708
f 674/796/708 667/828/739 666/798/710
f 678/816/727 670/809/720 677/811/722
f 680/814/725 672/830/741 679/815/726
f 679/815/726 672/830/741 671/817/728
f 683/791/703 675/829/740 682/794/706
f 682/794/706 675/829/740 674/796/708
f 241/813/724 678/816/727 677/811/722
f 640/831/742 185/832/743 641/833/744
f 641/833/744 185/832/743 688/834/745
f 641/833/744 688/834/745 689/835/746
f 689/835/746 688/834/745 696/836/747
f 689/835/746 696/836/747 697/837/748
f 697/837/748 696/836/747 704/838/749
f 697/837/748 704/838/749 643/839/750
f 643/839/750 704/838/749 644/840/751
f 644/840/751 704/838/749 645/841/752
f 645/841/752 704/838/749 711/842/753
f 645/841/752 711/842/753 646/843/754
f 646/843/754 711/842/753 718/844/755
f 646/843/754 718/844/755 647/845/756
f 647/845/756 718/844/755 648/846/757
f 648/846/757 718/844/755 639/847/758
f 639/847/758 718/844/755 717/848/759
f 639/847/758 717/848/759 716/849/760
f 716/849/760 717/848/759 709/850/761
f 716/849/760 709/850/761 708/851/762
f 708/851/762 709/850/761 701/852/763
f 708/851/762 701/852/763 700/853/764
f 700/853/764 701/852/763 693/854/765
f 700/853/764 693/854/765 692/855/766
f 692/855/766 693/854/765 685/856/767
f 692/855/766 685/856/767 684/857/768
f 684/857/768 685/856/767 185/832/743
f 684/857/768 185/832/743 205/858/769
f 684/857/768 205/858/769 691/859/770
f 691/859/770 205/858/769 204/860/232
f 691/859/770 204/860/232 698/861/771
f 698/861/771 204/860/232 203/862/234
f 698/861/771 203/862/234 705/863/772
f 705/863/772 203/862/234 202/864/278
f 705/863/772 202/864/278 712/865/773
f 712/865/773 202/864/278 201/866/774
f 712/865/773 201/866/774 200/867/775
f 639/847/758 715/868/776 200/867/775
f 200/867/775 715/868/776 714/869/777
f 200/867/775 714/869/777 713/870/778
f 713/870/778 714/869/777 706/871/779
f 713/870/778 706/871/779 705/863/772
f 705/863/772 706/871/779 698/861/771
f 643/839/750 642/872/780 697/837/748
f 697/837/748 642/872/780 690/873/781
f 697/837/748 690/873/781 689/835/746
f 689/835/746 690/873/781 641/833/744
f 642/872/780 641/833/744 690/873/781
f 692/855/766 684/857/768 691/859/770
f 685/856/767 686/874/782 185/832/743
f 185/832/743 686/874/782 687/875/783
f 185/832/743 687/875/783 688/834/745
f 688/834/745 687/875/783 695/876/784
f 688/834/745 695/876/784 696/836/747
f 696/836/747 695/876/784 703/877/785
f 696/836/747 703/877/785 704/838/749
f 704/838/749 703/877/785 711/842/753
f 685/856/767 693/854/765 686/874/782
f 686/874/782 693/854/765 694/878/786
f 686/874/782 694/878/786 687/875/783
f 687/875/783 694/878/786 695/876/784
f 692/855/766 691/859/770 699/879/787
f 699/879/787 691/859/770 698/861/771
f 699/879/787 698/861/771 706/871/779
f 693/854/765 701/852/763 694/878/786
f 694/878/786 701/852/763 702/880/788
f 694/878/786 702/880/788 695/876/784
f 695/876/784 702/880/788 703/877/785
f 692/855/766 699/879/787 700/853/764
f 700/853/764 699/879/787 707/881/789
f 700/853/764 707/881/789 708/851/762
f 708/851/762 707/881/789 715/868/776
f 708/851/762 715/868/776 716/849/760
f 716/849/760 715/868/776 639/847/758
f 707/881/789 699/879/787 706/871/779
f 701/852/763 709/850/761 702/880/788
f 702/880/788 709/850/761 710/882/790
f 702/880/788 710/882/790 703/877/785
f 703/877/785 710/882/790 711/842/753
f 713/870/778 705/863/772 712/865/773
f 715/868/776 707/881/789 714/869/777
f 714/869/777 707/881/789 706/871/779
f 718/844/755 711/842/753 710/882/790
f 718/844/755 710/882/790 717/848/759
f 717/848/759 710/882/790 709/850/761
f 200/867/775 713/870/778 712/865/773
f 719/883/791 720/884/792 505/885/793
f 505/885/793 720/884/792 729/886/794
f 505/885/793 729/886/794 506/887/795
f 506/887/795 729/886/794 735/888/796
f 506/887/795 735/888/796 507/889/797
f 507/889/797 735/888/796 734/890/798
f 507/889/797 734/890/798 733/891/799
f 733/891/799 734/890/798 722/892/800
f 733/891/799 722/892/800 723/893/801
f 720/884/792 721/894/802 729/886/794
f 729/886/794 721/894/802 735/888/796
f 735/888/796 721/894/802 734/890/798
f 734/890/798 721/894/802 722/892/800
f 733/891/799 723/893/801 732/895/803
f 732/895/803 723/893/801 724/896/804
f 732/895/803 724/896/804 731/897/805
f 731/897/805 724/896/804 725/898/806
f 731/897/805 725/898/806 726/899/807
f 731/897/805 726/899/807 730/900/808
f 730/900/808 726/899/807 727/901/809
f 730/900/808 727/901/809 728/902/810
f 511/903/811 510/904/812 728/902/810
f 728/902/810 510/904/812 730/900/808
f 730/900/808 510/904/812 731/897/805
f 731/897/805 510/904/812 509/905/813
f 731/897/805 509/905/813 732/895/803
f 732/895/803 509/905/813 508/906/814
f 732/895/803 508/906/814 733/891/799
f 733/891/799 508/906/814 507/889/797
f 736/907/815 737/908/816 744/909/817
f 744/909/817 737/908/816 751/910/818
f 744/909/817 751/910/818 572/911/622
f 572/911/622 751/910/818 573/912/819
f 573/912/819 751/910/818 750/913/820
f 573/912/819 750/913/820 574/914/821
f 574/914/821 750/913/820 749/915/822
f 574/914/821 749/915/822 748/916/823
f 748/916/823 749/915/822 739/917/824
f 748/916/823 739/917/824 740/918/825
f 737/908/816 738/919/826 751/910/818
f 751/910/818 738/919/826 750/913/820
f 750/913/820 738/919/826 749/915/822
f 749/915/822 738/919/826 739/917/824
f 748/916/823 740/918/825 747/920/827
f 747/920/827 740/918/825 741/921/828
f 747/920/827 741/921/828 746/922/829
f 746/922/829 741/921/828 742/923/830
f 746/922/829 742/923/830 745/924/831
f 745/924/831 742/923/830 743/925/832
f 745/924/831 743/925/832 578/926/833
f 578/926/833 743/925/832 174/927/834
f 578/926/833 577/928/835 745/924/831
f 745/924/831 577/928/835 746/922/829
f 577/928/835 576/929/836 746/922/829
f 746/922/829 576/929/836 747/920/827
f 576/929/836 575/930/837 747/920/827
f 747/920/827 575/930/837 748/916/823
f 575/930/837 574/914/821 748/916/823
f 36/931/43 35/932/42 757/933/838
f 757/933/838 35/932/42 752/934/839
f 757/933/838 752/934/839 756/935/840
f 756/935/840 752/934/839 753/936/841
f 756/935/840 753/936/841 755/937/842
f 755/937/842 753/936/841 754/938/843
f 763/939/844 758/940/845 767/941/846
f 767/941/846 758/940/845 759/942/847
f 767/941/846 759/942/847 766/943/848
f 766/943/848 759/942/847 760/944/849
f 766/943/848 760/944/849 765/945/850
f 765/945/850 760/944/849 761/946/851
f 765/945/850 761/946/851 764/947/852
f 764/947/852 761/946/851 719/948/853
f 764/947/852 719/948/853 762/949/854
f 762/949/854 754/950/843 764/947/852
f 764/947/852 754/950/843 753/951/855
f 764/947/852 753/951/855 765/945/850
f 765/945/850 753/951/855 752/952/856
f 765/945/850 752/952/856 766/943/848
f 766/943/848 752/952/856 767/941/846
f 752/952/856 35/953/42 767/941/846
f 767/941/846 35/953/42 763/939/844
f 760/954/857 780/955/858 761/956/859
f 761/956/859 780/955/858 781/957/860
f 761/956/859 781/957/860 782/958/861
f 782/958/861 781/957/860 790/959/862
f 782/958/861 790/959/862 791/960/863
f 791/960/863 790/959/862 799/961/864
f 791/960/863 799/961/864 719/962/865
f 759/963/866 778/964/867 760/954/857
f 760/954/857 778/964/867 779/965/868
f 760/954/857 779/965/868 780/955/858
f 780/955/858 779/965/868 788/966/869
f 780/955/858 788/966/869 789/967/870
f 789/967/870 788/966/869 797/968/871
f 789/967/870 797/968/871 798/969/872
f 798/969/872 797/968/871 809/970/873
f 798/969/872 809/970/873 808/971/874
f 808/971/874 809/970/873 807/972/875
f 808/971/874 807/972/875 719/973/876
f 758/974/877 776/975/878 759/963/866
f 759/963/866 776/975/878 777/976/879
f 759/963/866 777/976/879 778/964/867
f 778/964/867 777/976/879 786/977/880
f 778/964/867 786/977/880 787/978/881
f 787/978/881 786/977/880 795/979/882
f 787/978/881 795/979/882 796/980/883
f 796/980/883 795/979/882 811/981/884
f 796/980/883 811/981/884 810/982/885
f 810/982/885 811/981/884 805/983/886
f 810/982/885 805/983/886 806/984/887
f 806/984/887 805/983/886 821/985/888
f 806/984/887 821/985/888 822/986/889
f 822/986/889 821/985/888 830/987/890
f 822/986/889 830/987/890 719/988/891
f 758/974/877 768/989/892 776/975/878
f 776/975/878 768/989/892 784/990/893
f 776/975/878 784/990/893 785/991/894
f 785/991/894 784/990/893 793/992/895
f 785/991/894 793/992/895 794/993/896
f 794/993/896 793/992/895 813/994/897
f 794/993/896 813/994/897 812/995/898
f 812/995/898 813/994/897 803/996/899
f 812/995/898 803/996/899 804/997/900
f 804/997/900 803/996/899 819/998/901
f 804/997/900 819/998/901 820/999/902
f 820/999/902 819/998/901 828/1000/903
f 820/999/902 828/1000/903 829/1001/904
f 829/1001/904 828/1000/903 721/1002/905
f 829/1001/904 721/1002/905 720/1003/906
f 768/989/892 769/1004/907 784/990/893
f 784/990/893 769/1004/907 792/1005/908
f 784/990/893 792/1005/908 793/992/895
f 793/992/895 792/1005/908 814/1006/909
f 793/992/895 814/1006/909 813/994/897
f 813/994/897 814/1006/909 802/1007/910
f 813/994/897 802/1007/910 803/996/899
f 803/996/899 802/1007/910 818/1008/911
f 803/996/899 818/1008/911 819/998/901
f 819/998/901 818/1008/911 827/1009/912
f 819/998/901 827/1009/912 828/1000/903
f 828/1000/903 827/1009/912 722/1010/913
f 828/1000/903 722/1010/913 721/1002/905
f 792/1005/908 769/1004/907 775/1011/914
f 775/1011/914 769/1004/907 770/1012/915
f 775/1011/914 770/1012/915 800/1013/916
f 800/1013/916 770/1012/915 771/1014/917
f 800/1013/916 771/1014/917 815/1015/918
f 815/1015/918 771/1014/917 772/1016/919
f 815/1015/918 772/1016/919 823/1017/920
f 823/1017/920 772/1016/919 773/1018/921
f 823/1017/920 773/1018/921 774/1019/922
f 727/1020/923 726/1021/924 774/1019/922
f 774/1019/922 726/1021/924 823/1017/920
f 823/1017/920 726/1021/924 824/1022/925
f 824/1022/925 726/1021/924 725/1023/926
f 824/1022/925 725/1023/926 825/1024/927
f 825/1024/927 725/1023/926 724/1025/928
f 825/1024/927 724/1025/928 723/1026/929
f 825/1024/927 723/1026/929 826/1027/930
f 826/1027/930 723/1026/929 722/1010/913
f 826/1027/930 722/1010/913 827/1009/912
f 829/1001/904 720/1003/906 830/987/890
f 830/987/890 720/1003/906 719/1028/931
f 822/986/889 719/1029/932 807/972/875
f 808/971/874 719/1030/933 799/961/864
f 791/960/863 719/1031/934 783/1032/935
f 786/977/880 777/976/879 785/991/894
f 785/991/894 777/976/879 776/975/878
f 788/966/869 779/965/868 787/978/881
f 787/978/881 779/965/868 778/964/867
f 790/959/862 781/957/860 789/967/870
f 789/967/870 781/957/860 780/955/858
f 719/1033/936 761/956/859 783/1032/935
f 783/1032/935 761/956/859 782/958/861
f 783/1032/935 782/958/861 791/960/863
f 795/979/882 786/977/880 794/993/896
f 794/993/896 786/977/880 785/991/894
f 797/968/871 788/966/869 796/980/883
f 796/980/883 788/966/869 787/978/881
f 799/961/864 790/959/862 798/969/872
f 798/969/872 790/959/862 789/967/870
f 811/981/884 795/979/882 812/995/898
f 812/995/898 795/979/882 794/993/896
f 809/970/873 797/968/871 810/982/885
f 810/982/885 797/968/871 796/980/883
f 808/971/874 799/961/864 798/969/872
f 800/1013/916 801/1034/937 775/1011/914
f 775/1011/914 801/1034/937 814/1006/909
f 775/1011/914 814/1006/909 792/1005/908
f 814/1006/909 801/1034/937 802/1007/910
f 802/1007/910 801/1034/937 817/1035/938
f 802/1007/910 817/1035/938 818/1008/911
f 818/1008/911 817/1035/938 826/1027/930
f 818/1008/911 826/1027/930 827/1009/912
f 801/1034/937 800/1013/916 816/1036/939
f 816/1036/939 800/1013/916 815/1015/918
f 816/1036/939 815/1015/918 824/1022/925
f 824/1022/925 815/1015/918 823/1017/920
f 811/981/884 812/995/898 804/997/900
f 811/981/884 804/997/900 805/983/886
f 805/983/886 804/997/900 820/999/902
f 805/983/886 820/999/902 821/985/888
f 821/985/888 820/999/902 829/1001/904
f 821/985/888 829/1001/904 830/987/890
f 809/970/873 810/982/885 806/984/887
f 822/986/889 807/972/875 806/984/887
f 806/984/887 807/972/875 809/970/873
f 801/1034/937 816/1036/939 817/1035/938
f 817/1035/938 816/1036/939 825/1024/927
f 817/1035/938 825/1024/927 826/1027/930
f 825/1024/927 816/1036/939 824/1022/925
f 742/1037/940 845/1038/941 743/1039/942
f 743/1039/942 845/1038/941 846/1040/943
f 743/1039/942 846/1040/943 174/1041/944
f 845/1038/941 742/1037/940 844/1042/945
f 844/1042/945 742/1037/940 741/1043/946
f 844/1042/945 741/1043/946 843/1044/947
f 843/1044/947 741/1043/946 740/1045/948
f 843/1044/947 740/1045/948 842/1046/949
f 842/1046/949 740/1045/948 739/1047/950
f 842/1046/949 739/1047/950 841/1048/951
f 841/1048/951 739/1047/950 738/1049/952
f 841/1048/951 738/1049/952 840/1050/953
f 840/1050/953 738/1049/952 737/1051/954
f 840/1050/953 737/1051/954 839/1052/955
f 839/1052/955 737/1051/954 736/1053/956
f 839/1052/955 736/1053/956 831/1054/957
f 839/1052/955 831/1054/957 838/1055/958
f 838/1055/958 831/1054/957 832/1056/959
f 838/1055/958 832/1056/959 869/1057/960
f 869/1057/960 832/1056/959 854/1058/961
f 869/1057/960 854/1058/961 855/1059/962
f 855/1059/962 854/1058/961 871/1060/963
f 855/1059/962 871/1060/963 872/1061/964
f 872/1061/964 871/1060/963 880/1062/965
f 872/1061/964 880/1062/965 881/1063/966
f 881/1063/966 880/1062/965 889/1064/967
f 881/1063/966 889/1064/967 890/1065/968
f 890/1065/968 889/1064/967 176/1066/969
f 890/1065/968 176/1066/969 175/1067/970
f 832/1056/959 833/1068/971 854/1058/961
f 854/1058/961 833/1068/971 870/1069/972
f 854/1058/961 870/1069/972 871/1060/963
f 871/1060/963 870/1069/972 879/1070/973
f 871/1060/963 879/1070/973 880/1062/965
f 880/1062/965 879/1070/973 888/1071/974
f 880/1062/965 888/1071/974 889/1064/967
f 889/1064/967 888/1071/974 176/1066/969
f 833/1068/971 834/1072/975 870/1069/972
f 870/1069/972 834/1072/975 878/1073/976
f 870/1069/972 878/1073/976 879/1070/973
f 879/1070/973 878/1073/976 887/1074/977
f 879/1070/973 887/1074/977 888/1071/974
f 888/1071/974 887/1074/977 177/1075/978
f 888/1071/974 177/1075/978 176/1066/969
f 834/1072/975 835/1076/979 878/1073/976
f 878/1073/976 835/1076/979 836/1077/980
f 878/1073/976 836/1077/980 886/1078/981
f 886/1078/981 836/1077/980 837/1079/982
f 886/1078/981 837/1079/982 177/1075/978
f 177/1075/978 837/1079/982 178/1080/983
f 174/1081/984 893/1082/985 175/1067/970
f 175/1067/970 893/1082/985 892/1083/986
f 175/1067/970 892/1083/986 891/1084/987
f 891/1084/987 892/1083/986 883/1085/988
f 891/1084/987 883/1085/988 882/1086/989
f 882/1086/989 883/1085/988 874/1087/990
f 882/1086/989 874/1087/990 873/1088/991
f 873/1088/991 874/1087/990 857/1089/992
f 873/1088/991 857/1089/992 856/1090/993
f 856/1090/993 857/1089/992 867/1091/994
f 856/1090/993 867/1091/994 868/1092/995
f 868/1092/995 867/1091/994 847/1093/996
f 868/1092/995 847/1093/996 838/1055/958
f 838/1055/958 847/1093/996 839/1052/955
f 893/1082/985 174/1094/997 885/1095/998
f 885/1095/998 174/1096/999 877/1097/1000
f 877/1097/1000 174/1098/1001 861/1099/1002
f 861/1099/1002 174/1100/1003 862/1101/1004
f 862/1101/1004 174/1102/1005 853/1103/1006
f 853/1103/1006 174/1104/1007 846/1040/943
f 868/1092/995 838/1055/958 869/1057/960
f 839/1052/955 847/1093/996 840/1050/953
f 840/1050/953 847/1093/996 848/1105/1008
f 840/1050/953 848/1105/1008 841/1048/951
f 841/1048/951 848/1105/1008 849/1106/1009
f 841/1048/951 849/1106/1009 842/1046/949
f 842/1046/949 849/1106/1009 850/1107/1010
f 842/1046/949 850/1107/1010 843/1044/947
f 843/1044/947 850/1107/1010 851/1108/1011
f 843/1044/947 851/1108/1011 844/1042/945
f 844/1042/945 851/1108/1011 852/1109/1012
f 844/1042/945 852/1109/1012 845/1038/941
f 845/1038/941 852/1109/1012 853/1103/1006
f 845/1038/941 853/1103/1006 846/1040/943
f 847/1093/996 867/1091/994 848/1105/1008
f 848/1105/1008 867/1091/994 866/1110/1013
f 848/1105/1008 866/1110/1013 849/1106/1009
f 849/1106/1009 866/1110/1013 865/1111/1014
f 849/1106/1009 865/1111/1014 850/1107/1010
f 850/1107/1010 865/1111/1014 864/1112/1015
f 850/1107/1010 864/1112/1015 851/1108/1011
f 851/1108/1011 864/1112/1015 863/1113/1016
f 851/1108/1011 863/1113/1016 852/1109/1012
f 852/1109/1012 863/1113/1016 862/1101/1004
f 852/1109/1012 862/1101/1004 853/1103/1006
f 868/1092/995 869/1057/960 855/1059/962
f 868/1092/995 855/1059/962 856/1090/993
f 856/1090/993 855/1059/962 872/1061/964
f 856/1090/993 872/1061/964 873/1088/991
f 873/1088/991 872/1061/964 881/1063/966
f 873/1088/991 881/1063/966 882/1086/989
f 882/1086/989 881/1063/966 890/1065/968
f 882/1086/989 890/1065/968 891/1084/987
f 891/1084/987 890/1065/968 175/1067/970
f 866/1110/1013 867/1091/994 857/1089/992
f 865/1111/1014 866/1110/1013 858/1114/1017
f 858/1114/1017 866/1110/1013 857/1089/992
f 858/1114/1017 857/1089/992 874/1087/990
f 864/1112/1015 865/1111/1014 859/1115/1018
f 859/1115/1018 865/1111/1014 858/1114/1017
f 859/1115/1018 858/1114/1017 875/1116/1019
f 875/1116/1019 858/1114/1017 874/1087/990
f 875/1116/1019 874/1087/990 883/1085/988
f 863/1113/1016 864/1112/1015 860/1117/1020
f 860/1117/1020 864/1112/1015 859/1115/1018
f 860/1117/1020 859/1115/1018 876/1118/1021
f 876/1118/1021 859/1115/1018 875/1116/1019
f 876/1118/1021 875/1116/1019 884/1119/1022
f 884/1119/1022 875/1116/1019 883/1085/988
f 884/1119/1022 883/1085/988 892/1083/986
f 862/1101/1004 863/1113/1016 861/1099/1002
f 861/1099/1002 863/1113/1016 860/1117/1020
f 861/1099/1002 860/1117/1020 877/1097/1000
f 877/1097/1000 860/1117/1020 876/1118/1021
f 877/1097/1000 876/1118/1021 885/1095/998
f 885/1095/998 876/1118/1021 884/1119/1022
f 885/1095/998 884/1119/1022 893/1082/985
f 893/1082/985 884/1119/1022 892/1083/986
f 177/1075/978 887/1074/977 886/1078/981
f 886/1078/981 887/1074/977 878/1073/976
f 572/1120/622 297/1121/341 894/1122/1023
f 894/1122/1023 297/1121/341 401/1123/445
f 894/1122/1023 401/1123/445 511/1124/811
f 179/1125/1024 907/1126/1025 33/1127/39
f 33/1127/39 907/1126/1025 900/1128/1026
f 33/1127/39 900/1128/1026 34/1129/37
f 34/1129/37 900/1128/1026 929/1130/1027
f 34/1129/37 929/1130/1027 915/1131/1028
f 915/1131/1028 929/1130/1027 930/1132/1029
f 915/1131/1028 930/1132/1029 916/1133/1030
f 916/1133/1030 930/1132/1029 931/1134/1031
f 916/1133/1030 931/1134/1031 917/1135/1032
f 917/1135/1032 931/1134/1031 932/1136/1033
f 917/1135/1032 932/1136/1033 918/1137/1034
f 918/1137/1034 932/1136/1033 933/1138/1035
f 918/1137/1034 933/1138/1035 919/1139/1036
f 919/1139/1036 933/1138/1035 934/1140/1037
f 919/1139/1036 934/1140/1037 920/1141/1038
f 920/1141/1038 934/1140/1037 935/1142/1039
f 920/1141/1038 935/1142/1039 921/1143/1040
f 921/1143/1040 935/1142/1039 894/1144/1023
f 921/1143/1040 894/1144/1023 908/1145/1041
f 908/1145/1041 894/1144/1023 728/1146/1042
f 908/1145/1041 728/1146/1042 941/1147/1043
f 941/1147/1043 728/1146/1042 948/1148/1044
f 941/1147/1043 948/1148/1044 949/1149/1045
f 949/1149/1045 948/1148/1044 954/1150/1046
f 949/1149/1045 954/1150/1046 955/1151/1047
f 955/1151/1047 954/1150/1046 963/1152/1048
f 955/1151/1047 963/1152/1048 964/1153/1049
f 964/1153/1049 963/1152/1048 970/1154/1050
f 964/1153/1049 970/1154/1050 971/1155/1051
f 971/1155/1051 970/1154/1050 978/1156/1052
f 971/1155/1051 978/1156/1052 979/1157/1053
f 979/1157/1053 978/1156/1052 984/1158/1054
f 979/1157/1053 984/1158/1054 985/1159/1055
f 985/1159/1055 984/1158/1054 922/1160/1056
f 985/1159/1055 922/1160/1056 763/1161/1057
f 763/1161/1057 922/1160/1056 758/1162/877
f 758/1162/877 922/1160/1056 923/1163/1058
f 758/1162/877 923/1163/1058 768/1164/1059
f 768/1164/1059 923/1163/1058 769/1165/1060
f 769/1165/1060 923/1163/1058 924/1166/1061
f 769/1165/1060 924/1166/1061 770/1167/1062
f 770/1167/1062 924/1166/1061 925/1168/1063
f 770/1167/1062 925/1168/1063 771/1169/1064
f 771/1169/1064 925/1168/1063 772/1170/1065
f 772/1170/1065 925/1168/1063 926/1171/1066
f 772/1170/1065 926/1171/1066 773/1172/1067
f 773/1172/1067 926/1171/1066 927/1173/1068
f 773/1172/1067 927/1173/1068 774/1174/1069
f 774/1174/1069 927/1173/1068 928/1175/1070
f 774/1174/1069 928/1175/1070 727/1176/1071
f 727/1176/1071 928/1175/1070 728/1146/1042
f 728/1146/1042 928/1175/1070 895/1177/1072
f 728/1146/1042 895/1177/1072 974/1178/1073
f 974/1178/1073 895/1177/1072 980/1179/1074
f 974/1178/1073 980/1179/1074 975/1180/1075
f 975/1180/1075 980/1179/1074 981/1181/1076
f 975/1180/1075 981/1181/1076 976/1182/1077
f 976/1182/1077 981/1181/1076 982/1183/1078
f 976/1182/1077 982/1183/1078 977/1184/1079
f 977/1184/1079 982/1183/1078 983/1185/1080
f 977/1184/1079 983/1185/1080 978/1156/1052
f 978/1156/1052 983/1185/1080 984/1158/1054
f 179/1125/1024 178/1186/1081 907/1126/1025
f 907/1126/1025 178/1186/1081 906/1187/1082
f 907/1126/1025 906/1187/1082 900/1128/1026
f 900/1128/1026 906/1187/1082 940/1188/1083
f 900/1128/1026 940/1188/1083 929/1130/1027
f 929/1130/1027 940/1188/1083 930/1132/1029
f 178/1186/1081 837/1189/1084 906/1187/1082
f 906/1187/1082 837/1189/1084 836/1190/1085
f 906/1187/1082 836/1190/1085 905/1191/1086
f 905/1191/1086 836/1190/1085 835/1192/1087
f 905/1191/1086 835/1192/1087 904/1193/1088
f 904/1193/1088 835/1192/1087 834/1194/1089
f 904/1193/1088 834/1194/1089 833/1195/1090
f 904/1193/1088 833/1195/1090 903/1196/1091
f 903/1196/1091 833/1195/1090 832/1197/1092
f 903/1196/1091 832/1197/1092 902/1198/1093
f 902/1198/1093 832/1197/1092 831/1199/1094
f 902/1198/1093 831/1199/1094 901/1200/1095
f 901/1200/1095 831/1199/1094 736/1201/956
f 901/1200/1095 736/1201/956 744/1202/1096
f 572/1203/622 894/1144/1023 744/1202/1096
f 744/1202/1096 894/1144/1023 899/1204/1097
f 744/1202/1096 899/1204/1097 901/1200/1095
f 901/1200/1095 899/1204/1097 936/1205/1098
f 901/1200/1095 936/1205/1098 902/1198/1093
f 902/1198/1093 936/1205/1098 937/1206/1099
f 902/1198/1093 937/1206/1099 903/1196/1091
f 903/1196/1091 937/1206/1099 938/1207/1100
f 903/1196/1091 938/1207/1100 904/1193/1088
f 904/1193/1088 938/1207/1100 939/1208/1101
f 904/1193/1088 939/1208/1101 905/1191/1086
f 905/1191/1086 939/1208/1101 940/1188/1083
f 905/1191/1086 940/1188/1083 906/1187/1082
f 894/1144/1023 511/1209/811 728/1146/1042
f 763/1161/1057 35/1210/42 985/1159/1055
f 985/1159/1055 35/1210/42 959/1211/1102
f 985/1159/1055 959/1211/1102 979/1157/1053
f 979/1157/1053 959/1211/1102 972/1212/1103
f 979/1157/1053 972/1212/1103 971/1155/1051
f 971/1155/1051 972/1212/1103 965/1213/1104
f 971/1155/1051 965/1213/1104 964/1153/1049
f 964/1153/1049 965/1213/1104 956/1214/1105
f 964/1153/1049 956/1214/1105 955/1151/1047
f 955/1151/1047 956/1214/1105 950/1215/1106
f 955/1151/1047 950/1215/1106 949/1149/1045
f 949/1149/1045 950/1215/1106 942/1216/1107
f 949/1149/1045 942/1216/1107 941/1147/1043
f 941/1147/1043 942/1216/1107 908/1145/1041
f 34/1129/37 947/1217/1108 35/1210/42
f 35/1210/42 947/1217/1108 960/1218/1109
f 35/1210/42 960/1218/1109 897/1219/1110
f 897/1219/1110 960/1218/1109 958/1220/1111
f 897/1219/1110 958/1220/1111 966/1221/1112
f 966/1221/1112 958/1220/1111 957/1222/1113
f 966/1221/1112 957/1222/1113 965/1213/1104
f 965/1213/1104 957/1222/1113 956/1214/1105
f 728/1146/1042 967/1223/1114 961/1224/1115
f 961/1224/1115 967/1223/1114 968/1225/1116
f 961/1224/1115 968/1225/1116 962/1226/1117
f 962/1226/1117 968/1225/1116 969/1227/1118
f 962/1226/1117 969/1227/1118 963/1152/1048
f 963/1152/1048 969/1227/1118 970/1154/1050
f 728/1146/1042 961/1224/1115 896/1228/1119
f 896/1228/1119 961/1224/1115 962/1226/1117
f 896/1228/1119 962/1226/1117 954/1150/1046
f 954/1150/1046 962/1226/1117 963/1152/1048
f 898/1229/1120 34/1129/37 914/1230/1121
f 914/1230/1121 34/1129/37 915/1131/1028
f 914/1230/1121 915/1131/1028 916/1133/1030
f 899/1204/1097 894/1144/1023 935/1142/1039
f 920/1141/1038 921/1143/1040 909/1231/1122
f 909/1231/1122 921/1143/1040 908/1145/1041
f 909/1231/1122 908/1145/1041 942/1216/1107
f 919/1139/1036 920/1141/1038 910/1232/1123
f 910/1232/1123 920/1141/1038 909/1231/1122
f 910/1232/1123 909/1231/1122 943/1233/1124
f 943/1233/1124 909/1231/1122 942/1216/1107
f 943/1233/1124 942/1216/1107 950/1215/1106
f 918/1137/1034 919/1139/1036 911/1234/1125
f 911/1234/1125 919/1139/1036 910/1232/1123
f 911/1234/1125 910/1232/1123 944/1235/1126
f 944/1235/1126 910/1232/1123 943/1233/1124
f 944/1235/1126 943/1233/1124 951/1236/1127
f 951/1236/1127 943/1233/1124 950/1215/1106
f 951/1236/1127 950/1215/1106 956/1214/1105
f 917/1135/1032 918/1137/1034 912/1237/1128
f 912/1237/1128 918/1137/1034 911/1234/1125
f 912/1237/1128 911/1234/1125 945/1238/1129
f 945/1238/1129 911/1234/1125 944/1235/1126
f 945/1238/1129 944/1235/1126 952/1239/1130
f 952/1239/1130 944/1235/1126 951/1236/1127
f 952/1239/1130 951/1236/1127 957/1222/1113
f 957/1222/1113 951/1236/1127 956/1214/1105
f 916/1133/1030 917/1135/1032 913/1240/1131
f 913/1240/1131 917/1135/1032 912/1237/1128
f 913/1240/1131 912/1237/1128 946/1241/1132
f 946/1241/1132 912/1237/1128 945/1238/1129
f 946/1241/1132 945/1238/1129 953/1242/1133
f 953/1242/1133 945/1238/1129 952/1239/1130
f 953/1242/1133 952/1239/1130 958/1220/1111
f 958/1220/1111 952/1239/1130 957/1222/1113
f 898/1229/1120 914/1230/1121 913/1240/1131
f 913/1240/1131 914/1230/1121 916/1133/1030
f 898/1229/1120 913/1240/1131 946/1241/1132
f 34/1129/37 898/1229/1120 947/1217/1108
f 947/1217/1108 898/1229/1120 946/1241/1132
f 947/1217/1108 946/1241/1132 953/1242/1133
f 922/1160/1056 984/1158/1054 923/1163/1058
f 923/1163/1058 984/1158/1054 983/1185/1080
f 923/1163/1058 983/1185/1080 924/1166/1061
f 924/1166/1061 983/1185/1080 982/1183/1078
f 924/1166/1061 982/1183/1078 925/1168/1063
f 925/1168/1063 982/1183/1078 981/1181/1076
f 925/1168/1063 981/1181/1076 926/1171/1066
f 926/1171/1066 981/1181/1076 980/1179/1074
f 926/1171/1066 980/1179/1074 927/1173/1068
f 927/1173/1068 980/1179/1074 895/1177/1072
f 927/1173/1068 895/1177/1072 928/1175/1070
f 967/1223/1114 728/1146/1042 974/1178/1073
f 940/1188/1083 939/1208/1101 930/1132/1029
f 930/1132/1029 939/1208/1101 931/1134/1031
f 939/1208/1101 938/1207/1100 931/1134/1031
f 931/1134/1031 938/1207/1100 932/1136/1033
f 938/1207/1100 937/1206/1099 932/1136/1033
f 932/1136/1033 937/1206/1099 933/1138/1035
f 899/1204/1097 935/1142/1039 934/1140/1037
f 937/1206/1099 936/1205/1098 933/1138/1035
f 933/1138/1035 936/1205/1098 934/1140/1037
f 936/1205/1098 899/1204/1097 934/1140/1037
f 896/1228/1119 954/1150/1046 948/1148/1044
f 960/1218/1109 947/1217/1108 953/1242/1133
f 960/1218/1109 953/1242/1133 958/1220/1111
f 35/1210/42 897/1219/1110 973/1243/1134
f 973/1243/1134 897/1219/1110 966/1221/1112
f 973/1243/1134 966/1221/1112 972/1212/1103
f 972/1212/1103 966/1221/1112 965/1213/1104
f 896/1228/1119 948/1148/1044 728/1146/1042
f 972/1212/1103 959/1211/1102 973/1243/1134
f 973/1243/1134 959/1211/1102 35/1210/42
f 974/1178/1073 975/1180/1075 967/1223/1114
f 967/1223/1114 975/1180/1075 968/1225/1116
f 975/1180/1075 976/1182/1077 968/1225/1116
f 968/1225/1116 976/1182/1077 969/1227/1118
f 976/1182/1077 977/1184/1079 969/1227/1118
f 969/1227/1118 977/1184/1079 970/1154/1050
f 977/1184/1079 978/1156/1052 970/1154/1050
f 120/1244/1135 312/1245/390 121/1246/1136
f 121/1246/1136 312/1245/390 191/1247/252
f 121/1246/1136 191/1247/252 146/1248/1137
f 146/1248/1137 191/1247/252 147/1249/1138
f 147/1249/1138 191/1247/252 256/1250/335
f 147/1249/1138 256/1250/335 68/1251/1139
f 68/1251/1139 256/1250/335 69/1252/1140
f 69/1252/1140 256/1250/335 94/1253/1141
f 69/1252/1140 94/1253/1141 121/1246/1136
f 120/1244/1135 95/1254/1142 312/1245/390
f 312/1245/390 95/1254/1142 407/1255/472
f 407/1255/472 95/1254/1142 94/1253/1141
f 407/1255/472 94/1253/1141 256/1250/335
f 146/1248/1137 69/1252/1140 121/1246/1136
f 241/1256/285 185/1257/229 640/1258/705
f 986/1259/1143 987/1260/1144 1002/1261/1145
f 1002/1261/1145 987/1260/1144 1004/1262/1146
f 1002/1261/1145 1004/1262/1146 1001/1263/1147
f 1001/1263/1147 1004/1262/1146 1000/1264/1148
f 1000/1264/1148 1004/1262/1146 1006/1265/1149
f 1000/1264/1148 1006/1265/1149 999/1266/1150
f 999/1266/1150 1006/1265/1149 1008/1267/1151
f 999/1266/1150 1008/1267/1151 998/1268/1152
f 998/1268/1152 1008/1267/1151 997/1269/1153
f 997/1269/1153 1008/1267/1151 1010/1270/1154
f 997/1269/1153 1010/1270/1154 996/1271/1155
f 996/1271/1155 1010/1270/1154 1012/1272/1156
f 996/1271/1155 1012/1272/1156 995/1273/1157
f 995/1273/1157 1012/1272/1156 994/1274/1158
f 994/1274/1158 1012/1272/1156 1011/1275/1159
f 994/1274/1158 1011/1275/1159 993/1276/1160
f 993/1276/1160 1011/1275/1159 992/1277/1161
f 992/1277/1161 1011/1275/1159 991/1278/1162
f 991/1278/1162 1011/1275/1159 1009/1279/1163
f 991/1278/1162 1009/1279/1163 990/1280/1164
f 990/1280/1164 1009/1279/1163 1007/1281/1165
f 990/1280/1164 1007/1281/1165 989/1282/1166
f 989/1282/1166 1007/1281/1165 1005/1283/1167
f 989/1282/1166 1005/1283/1167 988/1284/1168
f 988/1284/1168 1005/1283/1167 1003/1285/1169
f 988/1284/1168 1003/1285/1169 987/1260/1144
f 987/1260/1144 1003/1285/1169 1004/1262/1146
f 1006/1265/1149 1004/1262/1146 1003/1285/1169
f 1006/1265/1149 1003/1285/1169 1005/1283/1167
f 1008/1267/1151 1006/1265/1149 1005/1283/1167
f 1008/1267/1151 1005/1283/1167 1007/1281/1165
f 1010/1270/1154 1008/1267/1151 1007/1281/1165
f 1010/1270/1154 1007/1281/1165 1009/1279/1163
f 1012/1272/1156 1010/1270/1154 1009/1279/1163
f 1012/1272/1156 1009/1279/1163 1011/1275/1159
f 1035/1286/1170 1013/1287/1171 1055/1288/1172
f 1055/1288/1172 1013/1287/1171 1014/1289/1173
f 1055/1288/1172 1014/1289/1173 1054/1290/1174
f 1054/1290/1174 1014/1289/1173 1015/1291/1175
f 1054/1290/1174 1015/1291/1175 1053/1292/1176
f 1053/1292/1176 1015/1291/1175 1052/1293/1177
f 1053/1292/1176 1052/1293/1177 1071/1294/1178
f 1071/1294/1178 1052/1293/1177 1072/1295/1179
f 1071/1294/1178 1072/1295/1179 1066/1296/1180
f 1066/1296/1180 1072/1295/1179 1065/1297/1181
f 1066/1296/1180 1065/1297/1181 1099/1298/1182
f 1099/1298/1182 1065/1297/1181 1100/1299/1183
f 1099/1298/1182 1100/1299/1183 1094/1300/1184
f 1094/1300/1184 1100/1299/1183 1093/1301/1185
f 1094/1300/1184 1093/1301/1185 1121/1302/1186
f 1121/1302/1186 1093/1301/1185 1120/1303/1187
f 1121/1302/1186 1120/1303/1187 1138/1304/1188
f 1138/1304/1188 1120/1303/1187 1139/1305/1189
f 1138/1304/1188 1139/1305/1189 1134/1306/1190
f 1134/1306/1190 1139/1305/1189 1133/1307/1191
f 1134/1306/1190 1133/1307/1191 1164/1308/1192
f 1164/1308/1192 1133/1307/1191 1165/1309/1193
f 1164/1308/1192 1165/1309/1193 1160/1310/1194
f 1160/1310/1194 1165/1309/1193 1159/1311/1195
f 1160/1310/1194 1159/1311/1195 1178/1312/1196
f 1178/1312/1196 1159/1311/1195 1179/1313/1197
f 1178/1312/1196 1179/1313/1197 989/1314/1198
f 989/1314/1198 1179/1313/1197 1180/1315/1199
f 989/1314/1198 1180/1315/1199 1181/1316/1200
f 1181/1316/1200 1180/1315/1199 1157/1317/1201
f 1181/1316/1200 1157/1317/1201 1156/1318/1202
f 1156/1318/1202 1157/1317/1201 1168/1319/1203
f 1156/1318/1202 1168/1319/1203 1169/1320/1204
f 1169/1320/1204 1168/1319/1203 1129/1321/1205
f 1169/1320/1204 1129/1321/1205 1128/1322/1206
f 1128/1322/1206 1129/1321/1205 1144/1323/1207
f 1128/1322/1206 1144/1323/1207 1145/1324/1208
f 1145/1324/1208 1144/1323/1207 1114/1325/1209
f 1145/1324/1208 1114/1325/1209 1113/1326/1210
f 1113/1326/1210 1114/1325/1209 1086/1327/1211
f 1113/1326/1210 1086/1327/1211 1085/1328/1212
f 1085/1328/1212 1086/1327/1211 1108/1329/1213
f 1085/1328/1212 1108/1329/1213 1109/1330/1214
f 1109/1330/1214 1108/1329/1213 1056/1331/1215
f 1109/1330/1214 1056/1331/1215 1041/1332/1216
f 1041/1332/1216 1056/1331/1215 1082/1333/1217
f 1041/1332/1216 1082/1333/1217 1023/1334/1218
f 1023/1334/1218 1082/1333/1217 1042/1335/1219
f 1023/1334/1218 1042/1335/1219 1022/1336/1220
f 1022/1336/1220 1042/1335/1219 1021/1337/1221
f 1021/1337/1221 1042/1335/1219 1043/1338/1222
f 1021/1337/1221 1043/1338/1222 1044/1339/1223
f 1044/1339/1223 1043/1338/1222 1080/1340/1224
f 1044/1339/1223 1080/1340/1224 1079/1341/1225
f 1079/1341/1225 1080/1340/1224 1058/1342/1226
f 1079/1341/1225 1058/1342/1226 1059/1343/1227
f 1059/1343/1227 1058/1342/1226 1106/1344/1228
f 1059/1343/1227 1106/1344/1228 1105/1345/1229
f 1105/1345/1229 1106/1344/1228 1088/1346/1230
f 1105/1345/1229 1088/1346/1230 1089/1347/1231
f 1089/1347/1231 1088/1346/1230 1116/1348/1232
f 1089/1347/1231 1116/1348/1232 1117/1349/1233
f 1117/1349/1233 1116/1348/1232 1142/1350/1234
f 1117/1349/1233 1142/1350/1234 1141/1351/1235
f 1141/1351/1235 1142/1350/1234 1131/1352/1236
f 1141/1351/1235 1131/1352/1236 1132/1353/1237
f 1132/1353/1237 1131/1352/1236 1166/1354/1238
f 1132/1353/1237 1166/1354/1238 1165/1309/1193
f 1165/1309/1193 1166/1354/1238 1159/1311/1195
f 1015/1291/1175 1016/1355/1239 1052/1293/1177
f 1052/1293/1177 1016/1355/1239 1051/1356/1240
f 1052/1293/1177 1051/1356/1240 1072/1295/1179
f 1072/1295/1179 1051/1356/1240 1073/1357/1241
f 1072/1295/1179 1073/1357/1241 1065/1297/1181
f 1065/1297/1181 1073/1357/1241 1064/1358/1242
f 1065/1297/1181 1064/1358/1242 1100/1299/1183
f 1100/1299/1183 1064/1358/1242 1101/1359/1243
f 1100/1299/1183 1101/1359/1243 1093/1301/1185
f 1093/1301/1185 1101/1359/1243 1092/1360/1244
f 1093/1301/1185 1092/1360/1244 1120/1303/1187
f 1120/1303/1187 1092/1360/1244 1119/1361/1245
f 1120/1303/1187 1119/1361/1245 1139/1305/1189
f 1139/1305/1189 1119/1361/1245 1140/1362/1246
f 1139/1305/1189 1140/1362/1246 1133/1307/1191
f 1133/1307/1191 1140/1362/1246 1132/1353/1237
f 1133/1307/1191 1132/1353/1237 1165/1309/1193
f 1051/1356/1240 1016/1355/1239 1050/1363/1247
f 1050/1363/1247 1016/1355/1239 1017/1364/1248
f 1050/1363/1247 1017/1364/1248 1049/1365/1249
f 1049/1365/1249 1017/1364/1248 1018/1366/1250
f 1049/1365/1249 1018/1366/1250 1048/1367/1251
f 1048/1367/1251 1018/1366/1250 1047/1368/1252
f 1048/1367/1251 1047/1368/1252 1076/1369/1253
f 1076/1369/1253 1047/1368/1252 1077/1370/1254
f 1076/1369/1253 1077/1370/1254 1061/1371/1255
f 1061/1371/1255 1077/1370/1254 1060/1372/1256
f 1061/1371/1255 1060/1372/1256 1104/1373/1257
f 1104/1373/1257 1060/1372/1256 1105/1345/1229
f 1104/1373/1257 1105/1345/1229 1089/1347/1231
f 1018/1366/1250 1019/1374/1258 1047/1368/1252
f 1047/1368/1252 1019/1374/1258 1046/1375/1259
f 1047/1368/1252 1046/1375/1259 1077/1370/1254
f 1077/1370/1254 1046/1375/1259 1078/1376/1260
f 1077/1370/1254 1078/1376/1260 1060/1372/1256
f 1060/1372/1256 1078/1376/1260 1059/1343/1227
f 1060/1372/1256 1059/1343/1227 1105/1345/1229
f 1046/1375/1259 1019/1374/1258 1045/1377/1261
f 1045/1377/1261 1019/1374/1258 1020/1378/1262
f 1045/1377/1261 1020/1378/1262 1044/1339/1223
f 1044/1339/1223 1020/1378/1262 1021/1337/1221
f 1023/1334/1218 1024/1379/1263 1041/1332/1216
f 1041/1332/1216 1024/1379/1263 1110/1380/1264
f 1041/1332/1216 1110/1380/1264 1109/1330/1214
f 1109/1330/1214 1110/1380/1264 1084/1381/1265
f 1109/1330/1214 1084/1381/1265 1085/1328/1212
f 1085/1328/1212 1084/1381/1265 1112/1382/1266
f 1085/1328/1212 1112/1382/1266 1113/1326/1210
f 1113/1326/1210 1112/1382/1266 1146/1383/1267
f 1113/1326/1210 1146/1383/1267 1145/1324/1208
f 1145/1324/1208 1146/1383/1267 1127/1384/1268
f 1145/1324/1208 1127/1384/1268 1128/1322/1206
f 1128/1322/1206 1127/1384/1268 1170/1385/1269
f 1128/1322/1206 1170/1385/1269 1169/1320/1204
f 1169/1320/1204 1170/1385/1269 1155/1386/1270
f 1169/1320/1204 1155/1386/1270 1156/1318/1202
f 1156/1318/1202 1155/1386/1270 1182/1387/1271
f 1156/1318/1202 1182/1387/1271 1181/1316/1200
f 1181/1316/1200 1182/1387/1271 990/1388/1272
f 1181/1316/1200 990/1388/1272 989/1314/1198
f 1110/1380/1264 1024/1379/1263 1083/1389/1273
f 1083/1389/1273 1024/1379/1263 1025/1390/1274
f 1083/1389/1273 1025/1390/1274 1039/1391/1275
f 1039/1391/1275 1025/1390/1274 1026/1392/1276
f 1039/1391/1275 1026/1392/1276 1149/1393/1277
f 1149/1393/1277 1026/1392/1276 1037/1394/1278
f 1149/1393/1277 1037/1394/1278 1124/1395/1279
f 1124/1395/1279 1037/1394/1278 1174/1396/1280
f 1124/1395/1279 1174/1396/1280 1173/1397/1281
f 1173/1397/1281 1174/1396/1280 1151/1398/1282
f 1173/1397/1281 1151/1398/1282 1152/1399/1283
f 1152/1399/1283 1151/1398/1282 1186/1400/1284
f 1152/1399/1283 1186/1400/1284 1185/1401/1285
f 1185/1401/1285 1186/1400/1284 991/1402/1286
f 1185/1401/1285 991/1402/1286 1184/1403/1287
f 1184/1403/1287 991/1402/1286 990/1388/1272
f 1184/1403/1287 990/1388/1272 1183/1404/1288
f 1183/1404/1288 990/1388/1272 1182/1387/1271
f 1183/1404/1288 1182/1387/1271 1155/1386/1270
f 1026/1392/1276 1027/1405/1289 1037/1394/1278
f 1037/1394/1278 1027/1405/1289 1175/1406/1290
f 1037/1394/1278 1175/1406/1290 1174/1396/1280
f 1174/1396/1280 1175/1406/1290 1150/1407/1291
f 1174/1396/1280 1150/1407/1291 1151/1398/1282
f 1151/1398/1282 1150/1407/1291 1187/1408/1292
f 1151/1398/1282 1187/1408/1292 1186/1400/1284
f 1186/1400/1284 1187/1408/1292 992/1409/1293
f 1186/1400/1284 992/1409/1293 991/1402/1286
f 1175/1406/1290 1027/1405/1289 1036/1410/1294
f 1036/1410/1294 1027/1405/1289 993/1411/1160
f 1036/1410/1294 993/1411/1160 1189/1412/1295
f 1189/1412/1295 993/1411/1160 992/1409/1293
f 1189/1412/1295 992/1409/1293 1188/1413/1296
f 1188/1413/1296 992/1409/1293 1187/1408/1292
f 1188/1413/1296 1187/1408/1292 1150/1407/1291
f 989/1314/1198 988/1414/1297 1178/1312/1196
f 1178/1312/1196 988/1414/1297 1177/1415/1298
f 1178/1312/1196 1177/1415/1298 1160/1310/1194
f 1160/1310/1194 1177/1415/1298 1161/1416/1299
f 1160/1310/1194 1161/1416/1299 1164/1308/1192
f 1164/1308/1192 1161/1416/1299 1163/1417/1300
f 1164/1308/1192 1163/1417/1300 1134/1306/1190
f 1134/1306/1190 1163/1417/1300 1135/1418/1301
f 1134/1306/1190 1135/1418/1301 1138/1304/1188
f 1138/1304/1188 1135/1418/1301 1137/1419/1302
f 1138/1304/1188 1137/1419/1302 1121/1302/1186
f 1121/1302/1186 1137/1419/1302 1122/1420/1303
f 1121/1302/1186 1122/1420/1303 1094/1300/1184
f 1094/1300/1184 1122/1420/1303 1095/1421/1304
f 1094/1300/1184 1095/1421/1304 1099/1298/1182
f 1099/1298/1182 1095/1421/1304 1098/1422/1305
f 1099/1298/1182 1098/1422/1305 1066/1296/1180
f 1066/1296/1180 1098/1422/1305 1067/1423/1306
f 1066/1296/1180 1067/1423/1306 1071/1294/1178
f 1071/1294/1178 1067/1423/1306 1070/1424/1307
f 1071/1294/1178 1070/1424/1307 1053/1292/1176
f 1053/1292/1176 1070/1424/1307 1054/1290/1174
f 1177/1415/1298 988/1414/1297 1176/1425/1308
f 1176/1425/1308 988/1414/1297 987/1426/1309
f 1176/1425/1308 987/1426/1309 1028/1427/1310
f 1176/1425/1308 1028/1427/1310 1038/1428/1311
f 1038/1428/1311 1028/1427/1310 1029/1429/1312
f 1038/1428/1311 1029/1429/1312 1162/1430/1313
f 1162/1430/1313 1029/1429/1312 1136/1431/1314
f 1162/1430/1313 1136/1431/1314 1135/1418/1301
f 1135/1418/1301 1136/1431/1314 1137/1419/1302
f 1029/1429/1312 1030/1432/1315 1136/1431/1314
f 1136/1431/1314 1030/1432/1315 1040/1433/1316
f 1136/1431/1314 1040/1433/1316 1137/1419/1302
f 1137/1419/1302 1040/1433/1316 1122/1420/1303
f 1030/1432/1315 1031/1434/1317 1040/1433/1316
f 1040/1433/1316 1031/1434/1317 1123/1435/1318
f 1040/1433/1316 1123/1435/1318 1122/1420/1303
f 1122/1420/1303 1123/1435/1318 1095/1421/1304
f 1123/1435/1318 1031/1434/1317 1096/1436/1319
f 1096/1436/1319 1031/1434/1317 1032/1437/1320
f 1096/1436/1319 1032/1437/1320 1097/1438/1321
f 1097/1438/1321 1032/1437/1320 1033/1439/1322
f 1097/1438/1321 1033/1439/1322 1068/1440/1323
f 1068/1440/1323 1033/1439/1322 1034/1441/1324
f 1068/1440/1323 1034/1441/1324 1069/1442/1325
f 1069/1442/1325 1034/1441/1324 1035/1286/1170
f 1069/1442/1325 1035/1286/1170 1055/1288/1172
f 1043/1338/1222 1042/1335/1219 1081/1443/1326
f 1081/1443/1326 1042/1335/1219 1082/1333/1217
f 1081/1443/1326 1082/1333/1217 1056/1331/1215
f 1078/1376/1260 1046/1375/1259 1045/1377/1261
f 1078/1376/1260 1045/1377/1261 1079/1341/1225
f 1079/1341/1225 1045/1377/1261 1044/1339/1223
f 1049/1365/1249 1048/1367/1251 1075/1444/1327
f 1075/1444/1327 1048/1367/1251 1076/1369/1253
f 1075/1444/1327 1076/1369/1253 1062/1445/1328
f 1062/1445/1328 1076/1369/1253 1061/1371/1255
f 1062/1445/1328 1061/1371/1255 1103/1446/1329
f 1103/1446/1329 1061/1371/1255 1104/1373/1257
f 1103/1446/1329 1104/1373/1257 1090/1447/1330
f 1090/1447/1330 1104/1373/1257 1089/1347/1231
f 1090/1447/1330 1089/1347/1231 1117/1349/1233
f 1073/1357/1241 1051/1356/1240 1050/1363/1247
f 1050/1363/1247 1049/1365/1249 1074/1448/1331
f 1074/1448/1331 1049/1365/1249 1075/1444/1327
f 1074/1448/1331 1075/1444/1327 1063/1449/1332
f 1063/1449/1332 1075/1444/1327 1062/1445/1328
f 1063/1449/1332 1062/1445/1328 1102/1450/1333
f 1102/1450/1333 1062/1445/1328 1103/1446/1329
f 1102/1450/1333 1103/1446/1329 1091/1451/1334
f 1091/1451/1334 1103/1446/1329 1090/1447/1330
f 1091/1451/1334 1090/1447/1330 1118/1452/1335
f 1118/1452/1335 1090/1447/1330 1117/1349/1233
f 1118/1452/1335 1117/1349/1233 1141/1351/1235
f 1069/1442/1325 1055/1288/1172 1054/1290/1174
f 1069/1442/1325 1054/1290/1174 1070/1424/1307
f 1056/1331/1215 1057/1453/1336 1081/1443/1326
f 1081/1443/1326 1057/1453/1336 1080/1340/1224
f 1081/1443/1326 1080/1340/1224 1043/1338/1222
f 1080/1340/1224 1057/1453/1336 1058/1342/1226
f 1058/1342/1226 1057/1453/1336 1107/1454/1337
f 1058/1342/1226 1107/1454/1337 1106/1344/1228
f 1106/1344/1228 1107/1454/1337 1087/1455/1338
f 1106/1344/1228 1087/1455/1338 1088/1346/1230
f 1088/1346/1230 1087/1455/1338 1115/1456/1339
f 1088/1346/1230 1115/1456/1339 1116/1348/1232
f 1116/1348/1232 1115/1456/1339 1143/1457/1340
f 1116/1348/1232 1143/1457/1340 1142/1350/1234
f 1142/1350/1234 1143/1457/1340 1130/1458/1341
f 1142/1350/1234 1130/1458/1341 1131/1352/1236
f 1131/1352/1236 1130/1458/1341 1167/1459/1342
f 1131/1352/1236 1167/1459/1342 1166/1354/1238
f 1166/1354/1238 1167/1459/1342 1158/1460/1343
f 1166/1354/1238 1158/1460/1343 1159/1311/1195
f 1159/1311/1195 1158/1460/1343 1179/1313/1197
f 1107/1454/1337 1057/1453/1336 1108/1329/1213
f 1108/1329/1213 1057/1453/1336 1056/1331/1215
f 1078/1376/1260 1079/1341/1225 1059/1343/1227
f 1063/1449/1332 1064/1358/1242 1074/1448/1331
f 1074/1448/1331 1064/1358/1242 1073/1357/1241
f 1074/1448/1331 1073/1357/1241 1050/1363/1247
f 1064/1358/1242 1063/1449/1332 1101/1359/1243
f 1101/1359/1243 1063/1449/1332 1102/1450/1333
f 1101/1359/1243 1102/1450/1333 1092/1360/1244
f 1092/1360/1244 1102/1450/1333 1091/1451/1334
f 1092/1360/1244 1091/1451/1334 1119/1361/1245
f 1119/1361/1245 1091/1451/1334 1118/1452/1335
f 1119/1361/1245 1118/1452/1335 1140/1362/1246
f 1140/1362/1246 1118/1452/1335 1141/1351/1235
f 1140/1362/1246 1141/1351/1235 1132/1353/1237
f 1069/1442/1325 1070/1424/1307 1068/1440/1323
f 1068/1440/1323 1070/1424/1307 1067/1423/1306
f 1068/1440/1323 1067/1423/1306 1097/1438/1321
f 1097/1438/1321 1067/1423/1306 1098/1422/1305
f 1097/1438/1321 1098/1422/1305 1096/1436/1319
f 1096/1436/1319 1098/1422/1305 1095/1421/1304
f 1096/1436/1319 1095/1421/1304 1123/1435/1318
f 1110/1380/1264 1083/1389/1273 1084/1381/1265
f 1084/1381/1265 1083/1389/1273 1111/1461/1344
f 1084/1381/1265 1111/1461/1344 1112/1382/1266
f 1112/1382/1266 1111/1461/1344 1147/1462/1345
f 1112/1382/1266 1147/1462/1345 1146/1383/1267
f 1146/1383/1267 1147/1462/1345 1126/1463/1346
f 1146/1383/1267 1126/1463/1346 1127/1384/1268
f 1127/1384/1268 1126/1463/1346 1171/1464/1347
f 1127/1384/1268 1171/1464/1347 1170/1385/1269
f 1170/1385/1269 1171/1464/1347 1154/1465/1348
f 1170/1385/1269 1154/1465/1348 1155/1386/1270
f 1155/1386/1270 1154/1465/1348 1183/1404/1288
f 1107/1454/1337 1108/1329/1213 1086/1327/1211
f 1107/1454/1337 1086/1327/1211 1087/1455/1338
f 1087/1455/1338 1086/1327/1211 1114/1325/1209
f 1087/1455/1338 1114/1325/1209 1115/1456/1339
f 1115/1456/1339 1114/1325/1209 1144/1323/1207
f 1115/1456/1339 1144/1323/1207 1143/1457/1340
f 1143/1457/1340 1144/1323/1207 1129/1321/1205
f 1143/1457/1340 1129/1321/1205 1130/1458/1341
f 1130/1458/1341 1129/1321/1205 1168/1319/1203
f 1130/1458/1341 1168/1319/1203 1167/1459/1342
f 1167/1459/1342 1168/1319/1203 1157/1317/1201
f 1167/1459/1342 1157/1317/1201 1158/1460/1343
f 1158/1460/1343 1157/1317/1201 1180/1315/1199
f 1158/1460/1343 1180/1315/1199 1179/1313/1197
f 1083/1389/1273 1039/1391/1275 1111/1461/1344
f 1111/1461/1344 1039/1391/1275 1148/1466/1349
f 1111/1461/1344 1148/1466/1349 1147/1462/1345
f 1147/1462/1345 1148/1466/1349 1125/1467/1350
f 1147/1462/1345 1125/1467/1350 1126/1463/1346
f 1126/1463/1346 1125/1467/1350 1172/1468/1351
f 1126/1463/1346 1172/1468/1351 1171/1464/1347
f 1171/1464/1347 1172/1468/1351 1153/1469/1352
f 1171/1464/1347 1153/1469/1352 1154/1465/1348
f 1154/1465/1348 1153/1469/1352 1184/1403/1287
f 1154/1465/1348 1184/1403/1287 1183/1404/1288
f 1149/1393/1277 1124/1395/1279 1148/1466/1349
f 1148/1466/1349 1124/1395/1279 1125/1467/1350
f 1172/1468/1351 1125/1467/1350 1173/1397/1281
f 1173/1397/1281 1125/1467/1350 1124/1395/1279
f 1162/1430/1313 1135/1418/1301 1163/1417/1300
f 1039/1391/1275 1149/1393/1277 1148/1466/1349
f 1188/1413/1296 1150/1407/1291 1036/1410/1294
f 1036/1410/1294 1150/1407/1291 1175/1406/1290
f 1189/1412/1295 1188/1413/1296 1036/1410/1294
f 1172/1468/1351 1173/1397/1281 1152/1399/1283
f 1172/1468/1351 1152/1399/1283 1153/1469/1352
f 1153/1469/1352 1152/1399/1283 1185/1401/1285
f 1153/1469/1352 1185/1401/1285 1184/1403/1287
f 1162/1430/1313 1163/1417/1300 1038/1428/1311
f 1038/1428/1311 1163/1417/1300 1161/1416/1299
f 1038/1428/1311 1161/1416/1299 1176/1425/1308
f 1176/1425/1308 1161/1416/1299 1177/1415/1298
f 1013/1470/1353 1190/1471/1354 1014/1472/1355
f 1014/1472/1355 1190/1471/1354 1191/1473/1356
f 1014/1472/1355 1191/1473/1356 1015/1474/1357
f 1015/1474/1357 1191/1473/1356 1192/1475/1358
f 1015/1474/1357 1192/1475/1358 1016/1476/1359
f 1016/1476/1359 1192/1475/1358 1193/1477/1360
f 1016/1476/1359 1193/1477/1360 1017/1478/1361
f 1017/1478/1361 1193/1477/1360 1194/1479/1362
f 1017/1478/1361 1194/1479/1362 1018/1480/1363
f 1018/1480/1363 1194/1479/1362 1195/1481/1364
f 1018/1480/1363 1195/1481/1364 1019/1482/1365
f 1019/1482/1365 1195/1481/1364 1196/1483/1366
f 1019/1482/1365 1196/1483/1366 1020/1484/1367
f 1020/1484/1367 1196/1483/1366 1197/1485/1368
f 1020/1484/1367 1197/1485/1368 1021/1486/1369
f 1021/1486/1369 1197/1485/1368 1198/1487/1370
f 1021/1486/1369 1198/1487/1370 1022/1488/1371
f 1022/1488/1371 1198/1487/1370 1199/1489/1372
f 994/1490/1373 1200/1491/1374 995/1492/1375
f 995/1492/1375 1200/1491/1374 1208/1493/1376
f 995/1492/1375 1208/1493/1376 996/1494/1377
f 996/1494/1377 1208/1493/1376 1210/1495/1378
f 996/1494/1377 1210/1495/1378 997/1496/1379
f 997/1496/1379 1210/1495/1378 1212/1497/1380
f 997/1496/1379 1212/1497/1380 998/1498/1381
f 998/1498/1381 1212/1497/1380 999/1499/1382
f 999/1499/1382 1212/1497/1380 1214/1500/1383
f 999/1499/1382 1214/1500/1383 1000/1501/1384
f 1000/1501/1384 1214/1500/1383 1216/1502/1385
f 1000/1501/1384 1216/1502/1385 1001/1503/1386
f 1001/1503/1386 1216/1502/1385 1002/1504/1387
f 1002/1504/1387 1216/1502/1385 986/1505/1388
f 986/1505/1388 1216/1502/1385 1215/1506/1389
f 986/1505/1388 1215/1506/1389 1206/1507/1390
f 1206/1507/1390 1215/1506/1389 1205/1508/1391
f 1205/1508/1391 1215/1506/1389 1204/1509/1392
f 1204/1509/1392 1215/1506/1389 1213/1510/1393
f 1204/1509/1392 1213/1510/1393 1203/1511/1394
f 1203/1511/1394 1213/1510/1393 1211/1512/1395
f 1203/1511/1394 1211/1512/1395 1202/1513/1396
f 1202/1513/1396 1211/1512/1395 1209/1514/1397
f 1202/1513/1396 1209/1514/1397 1201/1515/1398
f 1201/1515/1398 1209/1514/1397 1207/1516/1399
f 1201/1515/1398 1207/1516/1399 1200/1491/1374
f 1200/1491/1374 1207/1516/1399 1208/1493/1376
f 1210/1495/1378 1208/1493/1376 1207/1516/1399
f 1210/1495/1378 1207/1516/1399 1209/1514/1397
f 1212/1497/1380 1210/1495/1378 1209/1514/1397
f 1212/1497/1380 1209/1514/1397 1211/1512/1395
f 1214/1500/1383 1212/1497/1380 1211/1512/1395
f 1214/1500/1383 1211/1512/1395 1213/1510/1393
f 1216/1502/1385 1214/1500/1383 1213/1510/1393
f 1216/1502/1385 1213/1510/1393 1215/1506/1389
f 1239/1517/1400 1217/1518/1401 1240/1519/1402
f 1240/1519/1402 1217/1518/1401 1218/1520/1403
f 1240/1519/1402 1218/1520/1403 1253/1521/1404
f 1253/1521/1404 1218/1520/1403 1252/1522/1405
f 1253/1521/1404 1252/1522/1405 1266/1523/1406
f 1266/1523/1406 1252/1522/1405 1265/1524/1407
f 1266/1523/1406 1265/1524/1407 1279/1525/1408
f 1279/1525/1408 1265/1524/1407 1278/1526/1409
f 1279/1525/1408 1278/1526/1409 1292/1527/1410
f 1292/1527/1410 1278/1526/1409 1291/1528/1411
f 1292/1527/1410 1291/1528/1411 1306/1529/1412
f 1306/1529/1412 1291/1528/1411 1305/1530/1413
f 1306/1529/1412 1305/1530/1413 1319/1531/1414
f 1319/1531/1414 1305/1530/1413 1318/1532/1415
f 1319/1531/1414 1318/1532/1415 1332/1533/1416
f 1332/1533/1416 1318/1532/1415 1331/1534/1417
f 1332/1533/1416 1331/1534/1417 1345/1535/1418
f 1345/1535/1418 1331/1534/1417 1344/1536/1419
f 1345/1535/1418 1344/1536/1419 1203/1537/1420
f 1203/1537/1420 1344/1536/1419 1343/1538/1421
f 1203/1537/1420 1343/1538/1421 1204/1539/1422
f 1204/1539/1422 1343/1538/1421 1342/1540/1423
f 1204/1539/1422 1342/1540/1423 1341/1541/1424
f 1341/1541/1424 1342/1540/1423 1328/1542/1425
f 1341/1541/1424 1328/1542/1425 1327/1543/1426
f 1327/1543/1426 1328/1542/1425 1314/1544/1427
f 1327/1543/1426 1314/1544/1427 1313/1545/1428
f 1313/1545/1428 1314/1544/1427 1300/1546/1429
f 1313/1545/1428 1300/1546/1429 1299/1547/1430
f 1299/1547/1430 1300/1546/1429 1285/1548/1431
f 1299/1547/1430 1285/1548/1431 1284/1549/1432
f 1284/1549/1432 1285/1548/1431 1271/1550/1433
f 1284/1549/1432 1271/1550/1433 1270/1551/1434
f 1270/1551/1434 1271/1550/1433 1257/1552/1435
f 1270/1551/1434 1257/1552/1435 1256/1553/1436
f 1256/1553/1436 1257/1552/1435 1243/1554/1437
f 1256/1553/1436 1243/1554/1437 1242/1555/1438
f 1242/1555/1438 1243/1554/1437 1224/1556/1439
f 1242/1555/1438 1224/1556/1439 1225/1557/1440
f 1218/1520/1403 1219/1558/1441 1252/1522/1405
f 1252/1522/1405 1219/1558/1441 1251/1559/1442
f 1252/1522/1405 1251/1559/1442 1265/1524/1407
f 1265/1524/1407 1251/1559/1442 1264/1560/1443
f 1265/1524/1407 1264/1560/1443 1278/1526/1409
f 1278/1526/1409 1264/1560/1443 1277/1561/1444
f 1278/1526/1409 1277/1561/1444 1291/1528/1411
f 1291/1528/1411 1277/1561/1444 1290/1562/1445
f 1291/1528/1411 1290/1562/1445 1305/1530/1413
f 1305/1530/1413 1290/1562/1445 1304/1563/1446
f 1305/1530/1413 1304/1563/1446 1318/1532/1415
f 1318/1532/1415 1304/1563/1446 1317/1564/1447
f 1318/1532/1415 1317/1564/1447 1331/1534/1417
f 1331/1534/1417 1317/1564/1447 1330/1565/1448
f 1331/1534/1417 1330/1565/1448 1344/1536/1419
f 1344/1536/1419 1330/1565/1448 1343/1538/1421
f 1219/1558/1441 1220/1566/1449 1251/1559/1442
f 1251/1559/1442 1220/1566/1449 1250/1567/1450
f 1251/1559/1442 1250/1567/1450 1264/1560/1443
f 1264/1560/1443 1250/1567/1450 1263/1568/1451
f 1264/1560/1443 1263/1568/1451 1277/1561/1444
f 1277/1561/1444 1263/1568/1451 1276/1569/1452
f 1277/1561/1444 1276/1569/1452 1290/1562/1445
f 1290/1562/1445 1276/1569/1452 1289/1570/1453
f 1290/1562/1445 1289/1570/1453 1304/1563/1446
f 1304/1563/1446 1289/1570/1453 1303/1571/1454
f 1304/1563/1446 1303/1571/1454 1317/1564/1447
f 1317/1564/1447 1303/1571/1454 1316/1572/1455
f 1317/1564/1447 1316/1572/1455 1330/1565/1448
f 1330/1565/1448 1316/1572/1455 1329/1573/1456
f 1330/1565/1448 1329/1573/1456 1343/1538/1421
f 1343/1538/1421 1329/1573/1456 1342/1540/1423
f 1250/1567/1450 1220/1566/1449 1249/1574/1457
f 1249/1574/1457 1220/1566/1449 1221/1575/1458
f 1249/1574/1457 1221/1575/1458 1248/1576/1459
f 1248/1576/1459 1221/1575/1458 1247/1577/1460
f 1248/1576/1459 1247/1577/1460 1261/1578/1461
f 1261/1578/1461 1247/1577/1460 1260/1579/1462
f 1261/1578/1461 1260/1579/1462 1274/1580/1463
f 1274/1580/1463 1260/1579/1462 1273/1581/1464
f 1274/1580/1463 1273/1581/1464 1287/1582/1465
f 1287/1582/1465 1273/1581/1464 1286/1583/1466
f 1287/1582/1465 1286/1583/1466 1301/1584/1467
f 1301/1584/1467 1286/1583/1466 1300/1546/1429
f 1301/1584/1467 1300/1546/1429 1314/1544/1427
f 1221/1575/1458 1222/1585/1468 1247/1577/1460
f 1247/1577/1460 1222/1585/1468 1246/1586/1469
f 1247/1577/1460 1246/1586/1469 1260/1579/1462
f 1260/1579/1462 1246/1586/1469 1259/1587/1470
f 1260/1579/1462 1259/1587/1470 1273/1581/1464
f 1273/1581/1464 1259/1587/1470 1272/1588/1471
f 1273/1581/1464 1272/1588/1471 1286/1583/1466
f 1286/1583/1466 1272/1588/1471 1285/1548/1431
f 1286/1583/1466 1285/1548/1431 1300/1546/1429
f 1222/1585/1468 1223/1589/1472 1246/1586/1469
f 1246/1586/1469 1223/1589/1472 1245/1590/1473
f 1246/1586/1469 1245/1590/1473 1259/1587/1470
f 1259/1587/1470 1245/1590/1473 1258/1591/1474
f 1259/1587/1470 1258/1591/1474 1272/1588/1471
f 1272/1588/1471 1258/1591/1474 1271/1550/1433
f 1272/1588/1471 1271/1550/1433 1285/1548/1431
f 1245/1590/1473 1223/1589/1472 1244/1592/1475
f 1244/1592/1475 1223/1589/1472 1224/1556/1439
f 1244/1592/1475 1224/1556/1439 1243/1554/1437
f 1242/1555/1438 1225/1557/1440 1241/1593/1476
f 1241/1593/1476 1225/1557/1440 1226/1594/1477
f 1241/1593/1476 1226/1594/1477 1227/1595/1478
f 1241/1593/1476 1227/1595/1478 1254/1596/1479
f 1254/1596/1479 1227/1595/1478 1228/1597/1480
f 1254/1596/1479 1228/1597/1480 1229/1598/1481
f 1254/1596/1479 1229/1598/1481 1268/1599/1482
f 1268/1599/1482 1229/1598/1481 1230/1600/1483
f 1268/1599/1482 1230/1600/1483 1282/1601/1484
f 1282/1601/1484 1230/1600/1483 1296/1602/1485
f 1282/1601/1484 1296/1602/1485 1297/1603/1486
f 1297/1603/1486 1296/1602/1485 1310/1604/1487
f 1297/1603/1486 1310/1604/1487 1311/1605/1488
f 1311/1605/1488 1310/1604/1487 1324/1606/1489
f 1311/1605/1488 1324/1606/1489 1325/1607/1490
f 1325/1607/1490 1324/1606/1489 1338/1608/1491
f 1325/1607/1490 1338/1608/1491 1339/1609/1492
f 1339/1609/1492 1338/1608/1491 1205/1610/1493
f 1339/1609/1492 1205/1610/1493 1340/1611/1494
f 1340/1611/1494 1205/1610/1493 1204/1539/1422
f 1340/1611/1494 1204/1539/1422 1341/1541/1424
f 1230/1600/1483 1231/1612/1495 1296/1602/1485
f 1296/1602/1485 1231/1612/1495 1232/1613/1496
f 1296/1602/1485 1232/1613/1496 1310/1604/1487
f 1310/1604/1487 1232/1613/1496 1233/1614/1497
f 1310/1604/1487 1233/1614/1497 1324/1606/1489
f 1324/1606/1489 1233/1614/1497 1234/1615/1498
f 1324/1606/1489 1234/1615/1498 1338/1608/1491
f 1338/1608/1491 1234/1615/1498 1206/1616/1499
f 1338/1608/1491 1206/1616/1499 1205/1610/1493
f 1203/1537/1420 1202/1617/1500 1345/1535/1418
f 1345/1535/1418 1202/1617/1500 1346/1618/1501
f 1345/1535/1418 1346/1618/1501 1332/1533/1416
f 1332/1533/1416 1346/1618/1501 1333/1619/1502
f 1332/1533/1416 1333/1619/1502 1319/1531/1414
f 1319/1531/1414 1333/1619/1502 1320/1620/1503
f 1319/1531/1414 1320/1620/1503 1306/1529/1412
f 1306/1529/1412 1320/1620/1503 1307/1621/1504
f 1306/1529/1412 1307/1621/1504 1292/1527/1410
f 1292/1527/1410 1307/1621/1504 1293/1622/1505
f 1292/1527/1410 1293/1622/1505 1279/1525/1408
f 1279/1525/1408 1293/1622/1505 1280/1623/1506
f 1279/1525/1408 1280/1623/1506 1266/1523/1406
f 1266/1523/1406 1280/1623/1506 1267/1624/1507
f 1266/1523/1406 1267/1624/1507 1253/1521/1404
f 1253/1521/1404 1267/1624/1507 1240/1519/1402
f 1346/1618/1501 1202/1617/1500 1347/1625/1508
f 1347/1625/1508 1202/1617/1500 1201/1626/1509
f 1347/1625/1508 1201/1626/1509 1348/1627/1510
f 1348/1627/1510 1201/1626/1509 1349/1628/1511
f 1348/1627/1510 1349/1628/1511 1335/1629/1512
f 1335/1629/1512 1349/1628/1511 1336/1630/1513
f 1335/1629/1512 1336/1630/1513 1322/1631/1514
f 1322/1631/1514 1336/1630/1513 1323/1632/1515
f 1322/1631/1514 1323/1632/1515 1309/1633/1516
f 1309/1633/1516 1323/1632/1515 1237/1634/1517
f 1309/1633/1516 1237/1634/1517 1295/1635/1518
f 1295/1635/1518 1237/1634/1517 1238/1636/1519
f 1295/1635/1518 1238/1636/1519 1281/1637/1520
f 1281/1637/1520 1238/1636/1519 1239/1517/1400
f 1281/1637/1520 1239/1517/1400 1267/1624/1507
f 1267/1624/1507 1239/1517/1400 1240/1519/1402
f 1349/1628/1511 1201/1626/1509 1350/1638/1521
f 1350/1638/1521 1201/1626/1509 1200/1639/1522
f 1350/1638/1521 1200/1639/1522 1351/1640/1523
f 1351/1640/1523 1200/1639/1522 1235/1641/1524
f 1351/1640/1523 1235/1641/1524 1337/1642/1525
f 1337/1642/1525 1235/1641/1524 1236/1643/1526
f 1337/1642/1525 1236/1643/1526 1323/1632/1515
f 1323/1632/1515 1236/1643/1526 1237/1634/1517
f 1242/1555/1438 1241/1593/1476 1255/1644/1527
f 1255/1644/1527 1241/1593/1476 1254/1596/1479
f 1255/1644/1527 1254/1596/1479 1268/1599/1482
f 1258/1591/1474 1245/1590/1473 1244/1592/1475
f 1258/1591/1474 1244/1592/1475 1257/1552/1435
f 1257/1552/1435 1244/1592/1475 1243/1554/1437
f 1263/1568/1451 1250/1567/1450 1249/1574/1457
f 1249/1574/1457 1248/1576/1459 1262/1645/1528
f 1262/1645/1528 1248/1576/1459 1261/1578/1461
f 1262/1645/1528 1261/1578/1461 1275/1646/1529
f 1275/1646/1529 1261/1578/1461 1274/1580/1463
f 1275/1646/1529 1274/1580/1463 1288/1647/1530
f 1288/1647/1530 1274/1580/1463 1287/1582/1465
f 1288/1647/1530 1287/1582/1465 1302/1648/1531
f 1302/1648/1531 1287/1582/1465 1301/1584/1467
f 1302/1648/1531 1301/1584/1467 1315/1649/1532
f 1315/1649/1532 1301/1584/1467 1314/1544/1427
f 1315/1649/1532 1314/1544/1427 1328/1542/1425
f 1242/1555/1438 1255/1644/1527 1256/1553/1436
f 1256/1553/1436 1255/1644/1527 1269/1650/1533
f 1256/1553/1436 1269/1650/1533 1270/1551/1434
f 1270/1551/1434 1269/1650/1533 1283/1651/1534
f 1270/1551/1434 1283/1651/1534 1284/1549/1432
f 1284/1549/1432 1283/1651/1534 1298/1652/1535
f 1284/1549/1432 1298/1652/1535 1299/1547/1430
f 1299/1547/1430 1298/1652/1535 1312/1653/1536
f 1299/1547/1430 1312/1653/1536 1313/1545/1428
f 1313/1545/1428 1312/1653/1536 1326/1654/1537
f 1313/1545/1428 1326/1654/1537 1327/1543/1426
f 1327/1543/1426 1326/1654/1537 1340/1611/1494
f 1327/1543/1426 1340/1611/1494 1341/1541/1424
f 1269/1650/1533 1255/1644/1527 1268/1599/1482
f 1271/1550/1433 1258/1591/1474 1257/1552/1435
f 1276/1569/1452 1263/1568/1451 1262/1645/1528
f 1262/1645/1528 1263/1568/1451 1249/1574/1457
f 1276/1569/1452 1262/1645/1528 1275/1646/1529
f 1281/1637/1520 1267/1624/1507 1280/1623/1506
f 1283/1651/1534 1269/1650/1533 1282/1601/1484
f 1282/1601/1484 1269/1650/1533 1268/1599/1482
f 1289/1570/1453 1276/1569/1452 1275/1646/1529
f 1289/1570/1453 1275/1646/1529 1288/1647/1530
f 1281/1637/1520 1280/1623/1506 1294/1655/1538
f 1294/1655/1538 1280/1623/1506 1293/1622/1505
f 1294/1655/1538 1293/1622/1505 1308/1656/1539
f 1308/1656/1539 1293/1622/1505 1307/1621/1504
f 1308/1656/1539 1307/1621/1504 1321/1657/1540
f 1321/1657/1540 1307/1621/1504 1320/1620/1503
f 1321/1657/1540 1320/1620/1503 1334/1658/1541
f 1334/1658/1541 1320/1620/1503 1333/1619/1502
f 1334/1658/1541 1333/1619/1502 1347/1625/1508
f 1347/1625/1508 1333/1619/1502 1346/1618/1501
f 1298/1652/1535 1283/1651/1534 1297/1603/1486
f 1297/1603/1486 1283/1651/1534 1282/1601/1484
f 1303/1571/1454 1289/1570/1453 1288/1647/1530
f 1303/1571/1454 1288/1647/1530 1302/1648/1531
f 1309/1633/1516 1295/1635/1518 1294/1655/1538
f 1294/1655/1538 1295/1635/1518 1281/1637/1520
f 1309/1633/1516 1294/1655/1538 1308/1656/1539
f 1312/1653/1536 1298/1652/1535 1311/1605/1488
f 1311/1605/1488 1298/1652/1535 1297/1603/1486
f 1316/1572/1455 1303/1571/1454 1302/1648/1531
f 1316/1572/1455 1302/1648/1531 1315/1649/1532
f 1322/1631/1514 1309/1633/1516 1308/1656/1539
f 1322/1631/1514 1308/1656/1539 1321/1657/1540
f 1326/1654/1537 1312/1653/1536 1325/1607/1490
f 1325/1607/1490 1312/1653/1536 1311/1605/1488
f 1329/1573/1456 1316/1572/1455 1315/1649/1532
f 1329/1573/1456 1315/1649/1532 1328/1542/1425
f 1335/1629/1512 1322/1631/1514 1321/1657/1540
f 1335/1629/1512 1321/1657/1540 1334/1658/1541
f 1337/1642/1525 1323/1632/1515 1336/1630/1513
f 1340/1611/1494 1326/1654/1537 1339/1609/1492
f 1339/1609/1492 1326/1654/1537 1325/1607/1490
f 1342/1540/1423 1329/1573/1456 1328/1542/1425
f 1348/1627/1510 1335/1629/1512 1334/1658/1541
f 1348/1627/1510 1334/1658/1541 1347/1625/1508
f 1349/1628/1511 1350/1638/1521 1336/1630/1513
f 1336/1630/1513 1350/1638/1521 1337/1642/1525
f 1350/1638/1521 1351/1640/1523 1337/1642/1525
f 1217/1659/1542 1352/1660/1543 1218/1661/1544
f 1218/1661/1544 1352/1660/1543 1353/1662/1545
f 1218/1661/1544 1353/1662/1545 1219/1663/1546
f 1219/1663/1546 1353/1662/1545 1354/1664/1547
f 1219/1663/1546 1354/1664/1547 1220/1665/1548
f 1220/1665/1548 1354/1664/1547 1355/1666/1549
f 1220/1665/1548 1355/1666/1549 1221/1667/1550
f 1221/1667/1550 1355/1666/1549 1356/1668/1551
f 1221/1667/1550 1356/1668/1551 1222/1669/1552
f 1222/1669/1552 1356/1668/1551 1357/1670/1553
f 1222/1669/1552 1357/1670/1553 1223/1671/1554
f 1223/1671/1554 1357/1670/1553 1358/1672/1555
f 1223/1671/1554 1358/1672/1555 1224/1673/1556
f 1224/1673/1556 1358/1672/1555 1359/1674/1557
f 1224/1673/1556 1359/1674/1557 1225/1675/1558
f 1225/1675/1558 1359/1674/1557 1360/1676/1559
f 1225/1675/1558 1360/1676/1559 1226/1677/1560
f 1226/1677/1560 1360/1676/1559 1361/1678/1561
f 1362/1679/1562 70/1680/71 67/1681/44
f 67/1681/44 70/1680/71 1368/1682/1563
f 67/1681/44 1368/1682/1563 1369/1683/1564
f 1362/1679/1562 1363/1684/1565 70/1680/71
f 1368/1682/1563 70/1680/71 755/1685/842
f 755/1685/842 70/1680/71 93/1686/70
f 755/1685/842 93/1686/70 1361/1687/1561
f 1361/1687/1561 93/1686/70 1475/1688/1566
f 1361/1687/1561 1475/1688/1566 1476/1689/1567
f 1364/1690/1568 1471/1691/1569 93/1686/70
f 93/1686/70 1471/1691/1569 1472/1692/1570
f 93/1686/70 1472/1692/1570 1473/1693/1571
f 986/1694/1388 1464/1695/1572 1364/1690/1568
f 1364/1690/1568 1464/1695/1572 1465/1696/1573
f 1364/1690/1568 1465/1696/1573 1466/1697/1574
f 1206/1698/1390 1456/1699/1575 986/1694/1388
f 986/1694/1388 1456/1699/1575 1457/1700/1576
f 986/1694/1388 1457/1700/1576 1458/1701/1577
f 1234/1702/1578 1226/1703/1560 1206/1698/1390
f 1206/1698/1390 1226/1703/1560 1481/1704/1579
f 1206/1698/1390 1481/1704/1579 1482/1705/1580
f 1234/1702/1578 1233/1706/1581 1226/1703/1560
f 1226/1703/1560 1233/1706/1581 1232/1707/1582
f 1226/1703/1560 1232/1707/1582 1231/1708/1583
f 1231/1708/1583 1230/1709/1584 1226/1703/1560
f 1226/1703/1560 1230/1709/1584 1227/1710/1585
f 1227/1710/1585 1230/1709/1584 1228/1711/1586
f 1228/1711/1586 1230/1709/1584 1229/1712/1587
f 1481/1704/1579 1226/1703/1560 1480/1713/1588
f 1480/1713/1588 1226/1703/1560 1361/1687/1561
f 1480/1713/1588 1361/1687/1561 1479/1714/1589
f 1479/1714/1589 1361/1687/1561 1478/1715/1590
f 1478/1715/1590 1361/1687/1561 1477/1716/1591
f 1477/1716/1591 1361/1687/1561 1476/1689/1567
f 754/1717/843 505/1718/1592 755/1685/842
f 755/1685/842 505/1718/1592 1432/1719/1593
f 755/1685/842 1432/1719/1593 1433/1720/1594
f 754/1717/843 762/1721/1595 505/1718/1592
f 505/1718/1592 762/1721/1595 719/1722/1596
f 416/1723/490 1426/1724/1597 505/1718/1592
f 505/1718/1592 1426/1724/1597 1427/1725/1598
f 505/1718/1592 1427/1725/1598 1428/1726/1599
f 247/1727/317 1445/1728/1600 416/1723/490
f 416/1723/490 1445/1728/1600 1446/1729/1601
f 416/1723/490 1446/1729/1601 1447/1730/1602
f 639/1731/691 1380/1732/1603 247/1727/317
f 247/1727/317 1380/1732/1603 1381/1733/1604
f 247/1727/317 1381/1733/1604 1382/1734/1605
f 1365/1735/1606 1402/1736/1607 639/1731/691
f 639/1731/691 1402/1736/1607 1403/1737/1608
f 639/1731/691 1403/1737/1608 1404/1738/1609
f 44/1739/45 1396/1740/1610 1365/1735/1606
f 1365/1735/1606 1396/1740/1610 1397/1741/1611
f 1365/1735/1606 1397/1741/1611 1398/1742/1612
f 67/1681/44 1370/1743/1613 44/1739/45
f 44/1739/45 1370/1743/1613 1371/1744/1614
f 44/1739/45 1371/1744/1614 1372/1745/1615
f 1367/1746/1616 1440/1747/1617 1366/1748/1618
f 1366/1748/1618 1440/1747/1617 1441/1749/1619
f 1366/1748/1618 1441/1749/1619 1442/1750/1620
f 1440/1747/1617 1367/1746/1616 1439/1751/1621
f 1439/1751/1621 1367/1746/1616 1368/1682/1563
f 1439/1751/1621 1368/1682/1563 755/1685/842
f 1369/1683/1564 1370/1743/1613 67/1681/44
f 1372/1745/1615 1373/1752/1622 44/1739/45
f 44/1739/45 1373/1752/1622 1374/1753/1623
f 44/1739/45 1374/1753/1623 1418/1754/1624
f 1418/1754/1624 1374/1753/1623 1417/1755/1625
f 1417/1755/1625 1374/1753/1623 1375/1756/1626
f 1417/1755/1625 1375/1756/1626 1416/1757/1627
f 1416/1757/1627 1375/1756/1626 1376/1758/1628
f 1416/1757/1627 1376/1758/1628 1415/1759/1629
f 1415/1759/1629 1376/1758/1628 1377/1760/1630
f 1415/1759/1629 1377/1760/1630 1414/1761/1631
f 1414/1761/1631 1377/1760/1630 1378/1762/1632
f 1414/1761/1631 1378/1762/1632 1413/1763/1633
f 1413/1763/1633 1378/1762/1632 1379/1764/1634
f 1413/1763/1633 1379/1764/1634 1412/1765/1635
f 1412/1765/1635 1379/1764/1634 1380/1732/1603
f 1412/1765/1635 1380/1732/1603 639/1731/691
f 1382/1734/1605 1383/1766/1636 247/1727/317
f 247/1727/317 1383/1766/1636 1384/1767/1637
f 247/1727/317 1384/1767/1637 1385/1768/1638
f 1385/1768/1638 1386/1769/1639 247/1727/317
f 247/1727/317 1386/1769/1639 1387/1770/1640
f 247/1727/317 1387/1770/1640 1388/1771/1641
f 1388/1771/1641 1389/1772/1642 247/1727/317
f 247/1727/317 1389/1772/1642 1390/1773/1643
f 247/1727/317 1390/1773/1643 1391/1774/1644
f 1391/1774/1644 1392/1775/1645 247/1727/317
f 247/1727/317 1392/1775/1645 1445/1728/1600
f 1392/1775/1645 1393/1776/1646 1445/1728/1600
f 1445/1728/1600 1393/1776/1646 1444/1777/1647
f 1444/1777/1647 1393/1776/1646 1394/1778/1648
f 1444/1777/1647 1394/1778/1648 1443/1779/1649
f 1443/1779/1649 1394/1778/1648 1395/1780/1650
f 1443/1779/1649 1395/1780/1650 1442/1750/1620
f 1442/1750/1620 1395/1780/1650 1366/1748/1618
f 1398/1742/1612 1399/1781/1651 1365/1735/1606
f 1365/1735/1606 1399/1781/1651 1400/1782/1652
f 1365/1735/1606 1400/1782/1652 1401/1783/1653
f 1401/1783/1653 1402/1736/1607 1365/1735/1606
f 1404/1738/1609 1405/1784/1654 639/1731/691
f 639/1731/691 1405/1784/1654 1406/1785/1655
f 639/1731/691 1406/1785/1655 1407/1786/1656
f 1407/1786/1656 1408/1787/1657 639/1731/691
f 639/1731/691 1408/1787/1657 1409/1788/1658
f 639/1731/691 1409/1788/1658 1410/1789/1659
f 1410/1789/1659 1411/1790/1660 639/1731/691
f 639/1731/691 1411/1790/1660 1412/1765/1635
f 1418/1754/1624 1419/1791/1661 44/1739/45
f 44/1739/45 1419/1791/1661 1420/1792/1662
f 44/1739/45 1420/1792/1662 1421/1793/1663
f 1421/1793/1663 1422/1794/1664 44/1739/45
f 44/1739/45 1422/1794/1664 1423/1795/1665
f 44/1739/45 1423/1795/1665 1424/1796/1666
f 1424/1796/1666 1425/1797/1667 44/1739/45
f 44/1739/45 1425/1797/1667 1396/1740/1610
f 1428/1726/1599 1429/1798/1668 505/1718/1592
f 505/1718/1592 1429/1798/1668 1430/1799/1669
f 505/1718/1592 1430/1799/1669 1431/1800/1670
f 1431/1800/1670 1432/1719/1593 505/1718/1592
f 1433/1720/1594 1434/1801/1671 755/1685/842
f 755/1685/842 1434/1801/1671 1435/1802/1672
f 755/1685/842 1435/1802/1672 1436/1803/1673
f 1436/1803/1673 1437/1804/1674 755/1685/842
f 755/1685/842 1437/1804/1674 1438/1805/1675
f 755/1685/842 1438/1805/1675 1439/1751/1621
f 1447/1730/1602 1448/1806/1676 416/1723/490
f 416/1723/490 1448/1806/1676 1449/1807/1677
f 416/1723/490 1449/1807/1677 1450/1808/1678
f 1450/1808/1678 1451/1809/1679 416/1723/490
f 416/1723/490 1451/1809/1679 1452/1810/1680
f 416/1723/490 1452/1810/1680 1453/1811/1681
f 1453/1811/1681 1454/1812/1682 416/1723/490
f 416/1723/490 1454/1812/1682 1455/1813/1683
f 416/1723/490 1455/1813/1683 1426/1724/1597
f 1458/1701/1577 1459/1814/1684 986/1694/1388
f 986/1694/1388 1459/1814/1684 1460/1815/1685
f 986/1694/1388 1460/1815/1685 1461/1816/1686
f 1461/1816/1686 1462/1817/1687 986/1694/1388
f 986/1694/1388 1462/1817/1687 1463/1818/1688
f 986/1694/1388 1463/1818/1688 1464/1695/1572
f 1466/1697/1574 1467/1819/1689 1364/1690/1568
f 1364/1690/1568 1467/1819/1689 1468/1820/1690
f 1364/1690/1568 1468/1820/1690 1469/1821/1691
f 1469/1821/1691 1470/1822/1692 1364/1690/1568
f 1364/1690/1568 1470/1822/1692 1471/1691/1569
f 1473/1693/1571 1474/1823/1693 93/1686/70
f 93/1686/70 1474/1823/1693 1475/1688/1566
f 1482/1705/1580 1483/1824/1694 1206/1698/1390
f 1206/1698/1390 1483/1824/1694 1484/1825/1695
f 1206/1698/1390 1484/1825/1695 1485/1826/1696
f 1485/1826/1696 1456/1699/1575 1206/1698/1390
f 1352/1827/1543 1217/1828/1542 158/1829/1697
f 158/1829/1697 1217/1828/1542 159/1830/1698
f 159/1830/1698 1217/1828/1542 160/1831/1699
f 160/1831/1699 1217/1828/1542 1022/1832/1371
f 160/1831/1699 1022/1832/1371 154/1833/1700
f 154/1833/1700 1022/1832/1371 155/1834/1701
f 155/1834/1701 1022/1832/1371 156/1835/1702
f 156/1835/1702 1022/1832/1371 1199/1836/1372
f 160/1831/1699 154/1833/1700 161/1837/1703
f 161/1837/1703 154/1833/1700 153/1838/1704
f 161/1837/1703 153/1838/1704 162/1839/1705
f 162/1839/1705 153/1838/1704 152/1840/1706
f 162/1839/1705 152/1840/1706 163/1841/1707
f 163/1841/1707 152/1840/1706 151/1842/1708
f 163/1841/1707 151/1842/1708 164/1843/1709
f 164/1843/1709 151/1842/1708 150/1844/1710
f 164/1843/1709 150/1844/1710 165/1845/1711
f 165/1845/1711 150/1844/1710 149/1846/1712
f 165/1845/1711 149/1846/1712 166/1847/1713
f 166/1847/1713 149/1846/1712 148/1848/1714
f 166/1847/1713 148/1848/1714 167/1849/1715
f 167/1849/1715 148/1848/1714 157/1850/1716
f 1200/1851/1374 994/1852/1373 993/1853/1160
f 1239/1854/1717 1486/1855/1718 1217/1856/1542
f 1217/1856/1542 1486/1855/1718 1487/1857/1719
f 1217/1856/1542 1487/1857/1719 1022/1858/1371
f 1022/1858/1371 1487/1857/1719 1488/1859/1720
f 1022/1858/1371 1488/1859/1720 1023/1860/1721
f 1023/1860/1721 1488/1859/1720 1024/1861/1722
f 1024/1861/1722 1488/1859/1720 1491/1862/1723
f 1024/1861/1722 1491/1862/1723 1025/1863/1724
f 1025/1863/1724 1491/1862/1723 1494/1864/1725
f 1025/1863/1724 1494/1864/1725 1026/1865/1726
f 1026/1865/1726 1494/1864/1725 1497/1866/1727
f 1026/1865/1726 1497/1866/1727 1027/1867/1728
f 1027/1867/1728 1497/1866/1727 1500/1868/1729
f 1027/1867/1728 1500/1868/1729 993/1869/1160
f 993/1869/1160 1500/1868/1729 1499/1870/1730
f 993/1869/1160 1499/1870/1730 1200/1871/1374
f 1200/1871/1374 1499/1870/1730 1498/1872/1731
f 1200/1871/1374 1498/1872/1731 1235/1873/1732
f 1235/1873/1732 1498/1872/1731 1495/1874/1733
f 1235/1873/1732 1495/1874/1733 1236/1875/1734
f 1236/1875/1734 1495/1874/1733 1492/1876/1735
f 1236/1875/1734 1492/1876/1735 1237/1877/1736
f 1237/1877/1736 1492/1876/1735 1489/1878/1737
f 1237/1877/1736 1489/1878/1737 1238/1879/1738
f 1238/1879/1738 1489/1878/1737 1486/1855/1718
f 1238/1879/1738 1486/1855/1718 1239/1854/1717
f 1491/1862/1723 1488/1859/1720 1487/1857/1719
f 1487/1857/1719 1486/1855/1718 1490/1880/1739
f 1490/1880/1739 1486/1855/1718 1489/1878/1737
f 1490/1880/1739 1489/1878/1737 1493/1881/1740
f 1493/1881/1740 1489/1878/1737 1492/1876/1735
f 1493/1881/1740 1492/1876/1735 1496/1882/1741
f 1496/1882/1741 1492/1876/1735 1495/1874/1733
f 1496/1882/1741 1495/1874/1733 1499/1870/1730
f 1499/1870/1730 1495/1874/1733 1498/1872/1731
f 1494/1864/1725 1491/1862/1723 1490/1880/1739
f 1490/1880/1739 1491/1862/1723 1487/1857/1719
f 1494/1864/1725 1490/1880/1739 1493/1881/1740
f 1497/1866/1727 1494/1864/1725 1493/1881/1740
f 1497/1866/1727 1493/1881/1740 1496/1882/1741
f 1500/1868/1729 1497/1866/1727 1496/1882/1741
f 1500/1868/1729 1496/1882/1741 1499/1870/1730
f 1363/1883/1742 122/1884/123 119/1885/96
f 119/1885/96 122/1884/123 1574/1886/1743
f 119/1885/96 1574/1886/1743 173/1887/208
f 173/1887/208 1574/1886/1743 1593/1888/1744
f 173/1887/208 1593/1888/1744 1594/1889/1745
f 1363/1883/1742 1362/1890/1746 122/1884/123
f 145/1891/122 1572/1892/1747 122/1884/123
f 122/1884/123 1572/1892/1747 1573/1893/1748
f 122/1884/123 1573/1893/1748 1574/1886/1743
f 1365/1894/1749 1516/1895/1750 145/1891/122
f 145/1891/122 1516/1895/1750 1517/1896/1751
f 145/1891/122 1517/1896/1751 1518/1897/1752
f 639/1898/1753 1510/1899/1754 1365/1894/1749
f 1365/1894/1749 1510/1899/1754 1511/1900/1755
f 1365/1894/1749 1511/1900/1755 1512/1901/1756
f 200/1902/276 1562/1903/1757 639/1898/1753
f 639/1898/1753 1562/1903/1757 1530/1904/1758
f 639/1898/1753 1530/1904/1758 1501/1905/1759
f 303/1906/375 1617/1907/1760 200/1902/276
f 200/1902/276 1617/1907/1760 1580/1908/1761
f 200/1902/276 1580/1908/1761 1581/1909/1762
f 578/1910/633 1606/1911/1763 303/1906/375
f 303/1906/375 1606/1911/1763 1607/1912/1764
f 303/1906/375 1607/1912/1764 1608/1913/1765
f 174/1914/1766 180/1915/1767 578/1910/633
f 578/1910/633 180/1915/1767 168/1916/209
f 578/1910/633 168/1916/209 173/1887/208
f 119/1885/96 173/1887/208 96/1917/97
f 96/1917/97 173/1887/208 1190/1918/1354
f 96/1917/97 1190/1918/1354 1557/1919/1768
f 1557/1919/1768 1190/1918/1354 1556/1920/1769
f 1556/1920/1769 1190/1918/1354 1555/1921/1770
f 1555/1921/1770 1190/1918/1354 1554/1922/1771
f 1554/1922/1771 1190/1918/1354 1553/1923/1772
f 1553/1923/1772 1190/1918/1354 1552/1924/1773
f 1552/1924/1773 1190/1918/1354 1013/1925/1353
f 1552/1924/1773 1013/1925/1353 1551/1926/1774
f 1551/1926/1774 1013/1925/1353 987/1927/1144
f 1551/1926/1774 987/1927/1144 1550/1928/1775
f 1550/1928/1775 987/1927/1144 1549/1929/1776
f 1549/1929/1776 987/1927/1144 1548/1930/1777
f 1548/1930/1777 987/1927/1144 1547/1931/1778
f 1547/1931/1778 987/1927/1144 1546/1932/1779
f 1546/1932/1779 987/1927/1144 986/1933/1780
f 1546/1932/1779 986/1933/1780 1545/1934/1781
f 1545/1934/1781 986/1933/1780 1544/1935/1782
f 1544/1935/1782 986/1933/1780 1543/1936/1783
f 1543/1936/1783 986/1933/1780 1542/1937/1784
f 1542/1937/1784 986/1933/1780 1541/1938/1785
f 1541/1938/1785 986/1933/1780 1540/1939/1786
f 1540/1939/1786 986/1933/1780 1539/1940/1787
f 1539/1940/1787 986/1933/1780 1538/1941/1788
f 1538/1941/1788 986/1933/1780 1364/1942/1789
f 1538/1941/1788 1364/1942/1789 1537/1943/1790
f 1537/1943/1790 1364/1942/1789 1536/1944/1791
f 1536/1944/1791 1364/1942/1789 1535/1945/1792
f 1535/1945/1792 1364/1942/1789 1534/1946/1793
f 1534/1946/1793 1364/1942/1789 1533/1947/1794
f 1533/1947/1794 1364/1942/1789 1532/1948/1795
f 1532/1948/1795 1364/1942/1789 1531/1949/1796
f 1531/1949/1796 1364/1942/1789 96/1917/97
f 1531/1949/1796 96/1917/97 1560/1950/1797
f 1560/1950/1797 96/1917/97 1559/1951/1798
f 1559/1951/1798 96/1917/97 1558/1952/1799
f 1558/1952/1799 96/1917/97 1557/1919/1768
f 1035/1953/1800 1032/1954/1801 1013/1925/1353
f 1013/1925/1353 1032/1954/1801 1031/1955/1802
f 1013/1925/1353 1031/1955/1802 1030/1956/1803
f 1035/1953/1800 1034/1957/1804 1032/1954/1801
f 1032/1954/1801 1034/1957/1804 1033/1958/1805
f 1030/1956/1803 1029/1959/1806 1013/1925/1353
f 1013/1925/1353 1029/1959/1806 1028/1960/1807
f 1013/1925/1353 1028/1960/1807 987/1927/1144
f 1501/1905/1759 1502/1961/1808 639/1898/1753
f 639/1898/1753 1502/1961/1808 1503/1962/1809
f 639/1898/1753 1503/1962/1809 1504/1963/1810
f 1504/1963/1810 1505/1964/1811 639/1898/1753
f 639/1898/1753 1505/1964/1811 1506/1965/1812
f 639/1898/1753 1506/1965/1812 1507/1966/1813
f 1507/1966/1813 1508/1967/1814 639/1898/1753
f 639/1898/1753 1508/1967/1814 1509/1968/1815
f 639/1898/1753 1509/1968/1815 1510/1899/1754
f 1512/1901/1756 1513/1969/1816 1365/1894/1749
f 1365/1894/1749 1513/1969/1816 1514/1970/1817
f 1365/1894/1749 1514/1970/1817 1515/1971/1818
f 1515/1971/1818 1516/1895/1750 1365/1894/1749
f 1518/1897/1752 1519/1972/1819 145/1891/122
f 145/1891/122 1519/1972/1819 1520/1973/1820
f 145/1891/122 1520/1973/1820 1521/1974/1821
f 1521/1974/1821 1522/1975/1822 145/1891/122
f 145/1891/122 1522/1975/1822 1523/1976/1823
f 145/1891/122 1523/1976/1823 1524/1977/1824
f 1525/1978/1825 1567/1979/1826 1524/1977/1824
f 1524/1977/1824 1567/1979/1826 1568/1980/1827
f 1524/1977/1824 1568/1980/1827 145/1891/122
f 145/1891/122 1568/1980/1827 1569/1981/1828
f 145/1891/122 1569/1981/1828 1570/1982/1829
f 1567/1979/1826 1525/1978/1825 1566/1983/1830
f 1566/1983/1830 1525/1978/1825 1526/1984/1831
f 1566/1983/1830 1526/1984/1831 1565/1985/1832
f 1565/1985/1832 1526/1984/1831 1527/1986/1833
f 1565/1985/1832 1527/1986/1833 1564/1987/1834
f 1564/1987/1834 1527/1986/1833 1528/1988/1835
f 1564/1987/1834 1528/1988/1835 1563/1989/1836
f 1563/1989/1836 1528/1988/1835 1529/1990/1837
f 1563/1989/1836 1529/1990/1837 1562/1903/1757
f 1562/1903/1757 1529/1990/1837 1530/1904/1758
f 1590/1991/1838 1561/1992/1839 200/1902/276
f 200/1902/276 1561/1992/1839 1562/1903/1757
f 1570/1982/1829 1571/1993/1840 145/1891/122
f 145/1891/122 1571/1993/1840 1572/1892/1747
f 1574/1886/1743 1575/1994/1841 1593/1888/1744
f 1593/1888/1744 1575/1994/1841 1592/1995/1842
f 1592/1995/1842 1575/1994/1841 1576/1996/1843
f 1592/1995/1842 1576/1996/1843 1591/1997/1844
f 1591/1997/1844 1576/1996/1843 1620/1998/1845
f 1620/1998/1845 1576/1996/1843 1577/1999/1846
f 1620/1998/1845 1577/1999/1846 1619/2000/1847
f 1619/2000/1847 1577/1999/1846 1578/2001/1848
f 1619/2000/1847 1578/2001/1848 1618/2002/1849
f 1618/2002/1849 1578/2001/1848 1579/2003/1850
f 1618/2002/1849 1579/2003/1850 1617/1907/1760
f 1617/1907/1760 1579/2003/1850 1580/1908/1761
f 1581/1909/1762 1582/2004/1851 200/1902/276
f 200/1902/276 1582/2004/1851 1583/2005/1852
f 200/1902/276 1583/2005/1852 1584/2006/1853
f 1584/2006/1853 1585/2007/1854 200/1902/276
f 200/1902/276 1585/2007/1854 1586/2008/1855
f 200/1902/276 1586/2008/1855 1587/2009/1856
f 1587/2009/1856 1588/2010/1857 200/1902/276
f 200/1902/276 1588/2010/1857 1589/2011/1858
f 200/1902/276 1589/2011/1858 1590/1991/1838
f 1594/1889/1745 1595/2012/1859 173/1887/208
f 173/1887/208 1595/2012/1859 1596/2013/1860
f 173/1887/208 1596/2013/1860 1597/2014/1861
f 1597/2014/1861 1598/2015/1862 173/1887/208
f 173/1887/208 1598/2015/1862 1599/2016/1863
f 173/1887/208 1599/2016/1863 1600/2017/1864
f 173/1887/208 1600/2017/1864 578/1910/633
f 578/1910/633 1600/2017/1864 1601/2018/1865
f 578/1910/633 1601/2018/1865 1602/2019/1866
f 1602/2019/1866 1603/2020/1867 578/1910/633
f 578/1910/633 1603/2020/1867 1604/2021/1868
f 578/1910/633 1604/2021/1868 1605/2022/1869
f 1605/2022/1869 1606/1911/1763 578/1910/633
f 1608/1913/1765 1609/2023/1870 303/1906/375
f 303/1906/375 1609/2023/1870 1610/2024/1871
f 303/1906/375 1610/2024/1871 1611/2025/1872
f 1611/2025/1872 1612/2026/1873 303/1906/375
f 303/1906/375 1612/2026/1873 1613/2027/1874
f 303/1906/375 1613/2027/1874 1614/2028/1875
f 1614/2028/1875 1615/2029/1876 303/1906/375
f 303/1906/375 1615/2029/1876 1616/2030/1877
f 303/1906/375 1616/2030/1877 1617/1907/1760
f 1621/2031/1878 1622/2032/1879 1624/2033/1880
f 1624/2033/1880 1622/2032/1879 1623/2034/1881
f 1625/2035/1882 1621/2036/1883 1626/2037/1884
f 1626/2037/1884 1621/2036/1883 1624/2038/1885
f 1622/2039/1886 1627/2040/1887 1623/2041/1888
f 1623/2041/1888 1627/2040/1887 1628/2042/1889
f 1627/2043/1890 1625/2044/1891 1628/2045/1892
f 1628/2045/1892 1625/2044/1891 1626/2046/1893
f 1626/2047/1894 1624/2048/1895 1628/2049/1896
f 1628/2049/1896 1624/2048/1895 1623/2050/1897
f 158/2051/179 37/2052/178 1352/2053/1898
f 1352/2053/1898 37/2052/178 1353/2054/1899
f 1353/2054/1899 37/2052/178 1354/2055/1900
f 1354/2055/1900 37/2052/178 36/2056/1901
f 1354/2055/1900 36/2056/1901 1355/2057/1902
f 1355/2057/1902 36/2056/1901 1356/2058/1903
f 1356/2058/1903 36/2056/1901 1357/2059/1904
f 1357/2059/1904 36/2056/1901 1358/2060/1905
f 1358/2060/1905 36/2056/1901 757/2061/1906
f 1358/2060/1905 757/2061/1906 1359/2062/1907
f 1359/2062/1907 757/2061/1906 756/2063/1908
f 1359/2062/1907 756/2063/1908 1360/2064/1909
f 1360/2064/1909 756/2063/1908 755/2065/1910
f 1360/2064/1909 755/2065/1910 1361/2066/1911
f 156/2067/150 1199/2068/1912 31/2069/148
f 31/2069/148 1199/2068/1912 1198/2070/1913
f 31/2069/148 1198/2070/1913 1197/2071/1914
f 31/2069/148 1197/2071/1914 32/2072/1915
f 32/2072/1915 1197/2071/1914 1196/2073/1916
f 32/2072/1915 1196/2073/1916 1195/2074/1917
f 1195/2074/1917 1194/2075/1918 32/2072/1915
f 32/2072/1915 1194/2075/1918 1193/2076/1919
f 32/2072/1915 1193/2076/1919 171/2077/1920
f 171/2077/1920 1193/2076/1919 1192/2078/1921
f 171/2077/1920 1192/2078/1921 172/2079/1922
f 172/2079/1922 1192/2078/1921 1191/2080/1923
f 172/2079/1922 1191/2080/1923 173/2081/1924
f 173/2081/1924 1191/2080/1923 1190/2082/1925
f 69/2083/1926 146/2084/1927 56/2085/1928
f 56/2085/1928 146/2084/1927 133/2086/1929
f 56/2085/1928 133/2086/1929 1362/2087/1930
f 1362/2087/1930 133/2086/1929 132/2088/1931
f 1362/2087/1930 132/2088/1931 131/2089/1932
f 131/2089/1932 130/2090/1933 1362/2087/1930
f 1362/2087/1930 130/2090/1933 129/2091/1934
f 1362/2087/1930 129/2091/1934 128/2092/1935
f 128/2092/1935 127/2093/1936 1362/2087/1930
f 1362/2087/1930 127/2093/1936 126/2094/1937
f 1362/2087/1930 126/2094/1937 125/2095/1938
f 125/2095/1938 124/2096/1939 1362/2087/1930
f 1362/2087/1930 124/2096/1939 123/2097/1940
f 1362/2087/1930 123/2097/1940 122/2098/1941
f 67/2099/1942 66/2100/1943 1362/2087/1930
f 1362/2087/1930 66/2100/1943 65/2101/1944
f 1362/2087/1930 65/2101/1944 64/2102/1945
f 64/2102/1945 63/2103/1946 1362/2087/1930
f 1362/2087/1930 63/2103/1946 62/2104/1947
f 1362/2087/1930 62/2104/1947 61/2105/1948
f 61/2105/1948 60/2106/1949 1362/2087/1930
f 1362/2087/1930 60/2106/1949 59/2107/1950
f 1362/2087/1930 59/2107/1950 58/2108/1951
f 58/2108/1951 57/2109/1952 1362/2087/1930
f 1362/2087/1930 57/2109/1952 56/2085/1928
f 167/2110/1953 82/2111/1954 10/2112/24
f 10/2112/24 82/2111/1954 95/2113/1955
f 10/2112/24 95/2113/1955 120/2114/1956
f 82/2111/1954 167/2110/1953 1364/2115/1957
f 1364/2115/1957 167/2110/1953 157/2116/1958
f 1364/2115/1957 157/2116/1958 107/2117/1959
f 107/2117/1959 157/2116/1958 11/2118/23
f 107/2117/1959 11/2118/23 120/2114/1956
f 120/2114/1956 11/2118/23 10/2112/24
f 107/2117/1959 106/2119/1960 1364/2115/1957
f 1364/2115/1957 106/2119/1960 105/2120/1961
f 1364/2115/1957 105/2120/1961 104/2121/1962
f 104/2121/1962 103/2122/1963 1364/2115/1957
f 1364/2115/1957 103/2122/1963 102/2123/1964
f 1364/2115/1957 102/2123/1964 101/2124/1965
f 101/2124/1965 100/2125/1966 1364/2115/1957
f 1364/2115/1957 100/2125/1966 99/2126/1967
f 1364/2115/1957 99/2126/1967 98/2127/1968
f 98/2127/1968 97/2128/1969 1364/2115/1957
f 1364/2115/1957 97/2128/1969 96/2129/1970
f 93/2130/1971 92/2131/1972 1364/2115/1957
f 1364/2115/1957 92/2131/1972 91/2132/1973
f 1364/2115/1957 91/2132/1973 90/2133/1974
f 90/2133/1974 89/2134/1975 1364/2115/1957
f 1364/2115/1957 89/2134/1975 88/2135/1976
f 1364/2115/1957 88/2135/1976 87/2136/1977
f 87/2136/1977 86/2137/1978 1364/2115/1957
f 1364/2115/1957 86/2137/1978 85/2138/1979
f 1364/2115/1957 85/2138/1979 84/2139/1980
f 84/2139/1980 83/2140/1981 1364/2115/1957
f 1364/2115/1957 83/2140/1981 82/2111/1954
f 1630/2141/1982 1631/2142/1983 1629/2143/1984
f 1629/2143/1984 1631/2142/1983 1652/2144/1985
f 1629/2143/1984 1652/2144/1985 1653/2145/1986
f 1652/2144/1985 1631/2142/1983 1651/2146/1987
f 1651/2146/1987 1631/2142/1983 1632/2147/1988
f 1651/2146/1987 1632/2147/1988 1650/2148/1989
f 1650/2148/1989 1632/2147/1988 1633/2149/1990
f 1650/2148/1989 1633/2149/1990 1649/2150/1991
f 1649/2150/1991 1633/2149/1990 1634/2151/1992
f 1649/2150/1991 1634/2151/1992 1648/2152/1993
f 1648/2152/1993 1634/2151/1992 1635/2153/1994
f 1648/2152/1993 1635/2153/1994 1647/2154/1995
f 1647/2154/1995 1635/2153/1994 1636/2155/1996
f 1647/2154/1995 1636/2155/1996 1646/2156/1997
f 1646/2156/1997 1636/2155/1996 1637/2157/1998
f 1646/2156/1997 1637/2157/1998 1645/2158/1999
f 1645/2158/1999 1637/2157/1998 1638/2159/2000
f 1645/2158/1999 1638/2159/2000 1644/2160/2001
f 1644/2160/2001 1638/2159/2000 1639/2161/2002
f 1644/2160/2001 1639/2161/2002 1643/2162/2003
f 1643/2162/2003 1639/2161/2002 1640/2163/2004
f 1643/2162/2003 1640/2163/2004 1642/2164/2005
f 1642/2164/2005 1640/2163/2004 1641/2165/2006
f 1485/2166/2007 1635/2167/2008 1456/2168/2009
f 1456/2169/2009 1635/2170/2008 1634/2171/2010
f 1456/2169/2009 1634/2171/2010 1457/2172/2011
f 1457/2172/2011 1634/2171/2010 1633/2173/2012
f 1457/2172/2011 1633/2173/2012 1458/2174/2013
f 1458/2174/2013 1633/2173/2012 1632/2175/2014
f 1458/2174/2013 1632/2175/2014 1459/2176/2015
f 1459/2176/2015 1632/2175/2014 1631/2177/2016
f 1459/2176/2015 1631/2177/2016 1460/2178/2017
f 1460/2178/2017 1631/2177/2016 1654/2179/2018
f 1460/2178/2017 1654/2179/2018 1655/2180/2019
f 1635/2167/2008 1485/2166/2007 1636/2181/2020
f 1636/2181/2020 1485/2166/2007 1484/2182/2021
f 1636/2181/2020 1484/2182/2021 1637/2183/2022
f 1637/2183/2022 1484/2182/2021 1483/2184/2023
f 1637/2183/2022 1483/2184/2023 1638/2185/2024
f 1638/2185/2024 1483/2184/2023 1482/2186/2025
f 1638/2185/2024 1482/2186/2025 1639/2187/2026
f 1639/2187/2026 1482/2186/2025 1481/2188/2027
f 1639/2187/2026 1481/2188/2027 1640/2189/2028
f 1640/2189/2028 1481/2188/2027 1480/2190/2029
f 1640/2189/2028 1480/2190/2029 1479/2191/2030
f 1640/2189/2028 1479/2191/2030 1641/2192/2031
f 1641/2192/2031 1479/2191/2030 1478/2193/2032
f 1641/2192/2031 1478/2193/2032 1642/2194/2033
f 1642/2194/2033 1478/2193/2032 1477/2195/2034
f 1642/2194/2033 1477/2195/2034 1643/2196/2035
f 1643/2196/2035 1477/2195/2034 1476/2197/2036
f 1643/2196/2035 1476/2197/2036 1644/2198/2037
f 1644/2198/2037 1476/2197/2036 1475/2199/2038
f 1644/2198/2037 1475/2199/2038 1645/2200/2039
f 1645/2200/2039 1475/2199/2038 1474/2201/2040
f 1645/2200/2039 1474/2201/2040 1646/2202/2041
f 1646/2202/2041 1474/2201/2040 1473/2203/2042
f 1646/2202/2041 1473/2203/2042 1647/2204/2043
f 1647/2204/2043 1473/2203/2042 1472/2205/2044
f 1647/2204/2043 1472/2205/2044 1648/2206/2045
f 1648/2206/2045 1472/2205/2044 1471/2207/2046
f 1648/2206/2045 1471/2207/2046 1649/2208/2047
f 1649/2208/2047 1471/2207/2046 1470/2209/2048
f 1649/2208/2047 1470/2209/2048 1650/2210/2049
f 1650/2210/2049 1470/2209/2048 1469/2211/2050
f 1650/2210/2049 1469/2211/2050 1651/2212/2051
f 1651/2212/2051 1469/2211/2050 1468/2213/2052
f 1651/2212/2051 1468/2213/2052 1652/2214/2053
f 1652/2214/2053 1468/2213/2052 1467/2215/2054
f 1652/2214/2053 1467/2215/2054 1653/2216/2055
f 1653/2216/2055 1467/2215/2054 1466/2217/2056
f 1653/2216/2055 1466/2217/2056 1663/2218/2057
f 1663/2218/2057 1466/2217/2056 1662/2219/2058
f 1662/2219/2058 1466/2217/2056 1465/2220/2059
f 1662/2219/2058 1465/2220/2059 1661/2221/2060
f 1661/2221/2060 1465/2220/2059 1464/2222/2061
f 1661/2221/2060 1464/2222/2061 1660/2223/2062
f 1660/2223/2062 1464/2222/2061 1659/2224/2063
f 1659/2224/2063 1464/2222/2061 1463/2225/2064
f 1659/2224/2063 1463/2225/2064 1658/2226/2065
f 1658/2226/2065 1463/2225/2064 1657/2227/2066
f 1657/2227/2066 1463/2225/2064 1462/2228/2067
f 1657/2227/2066 1462/2228/2067 1656/2229/2068
f 1656/2229/2068 1462/2228/2067 1461/2230/2069
f 1656/2229/2068 1461/2230/2069 1655/2180/2019
f 1655/2180/2019 1461/2230/2069 1460/2178/2017
f 1630/2231/2070 1654/2179/2018 1631/2177/2016
f 1665/2232/2071 1666/2233/2072 1664/2234/2073
f 1664/2234/2073 1666/2233/2072 1687/2235/2074
f 1664/2234/2073 1687/2235/2074 1688/2236/2075
f 1687/2235/2074 1666/2233/2072 1686/2237/2076
f 1686/2237/2076 1666/2233/2072 1667/2238/2077
f 1686/2237/2076 1667/2238/2077 1685/2239/2078
f 1685/2239/2078 1667/2238/2077 1668/2240/2079
f 1685/2239/2078 1668/2240/2079 1684/2241/2080
f 1684/2241/2080 1668/2240/2079 1669/2242/2081
f 1684/2241/2080 1669/2242/2081 1683/2243/2082
f 1683/2243/2082 1669/2242/2081 1670/2244/2083
f 1683/2243/2082 1670/2244/2083 1682/2245/2084
f 1682/2245/2084 1670/2244/2083 1671/2246/2085
f 1682/2245/2084 1671/2246/2085 1681/2247/2086
f 1681/2247/2086 1671/2246/2085 1672/2248/2087
f 1681/2247/2086 1672/2248/2087 1680/2249/2088
f 1680/2249/2088 1672/2248/2087 1673/2250/2089
f 1680/2249/2088 1673/2250/2089 1679/2251/2090
f 1679/2251/2090 1673/2250/2089 1674/2252/2091
f 1679/2251/2090 1674/2252/2091 1678/2253/2092
f 1678/2253/2092 1674/2252/2091 1675/2254/2093
f 1678/2253/2092 1675/2254/2093 1677/2255/2094
f 1677/2255/2094 1675/2254/2093 1676/2256/2095
f 1425/2257/2096 1670/2258/2097 1396/2259/2098
f 1396/2260/2098 1670/2261/2097 1669/2262/2099
f 1396/2260/2098 1669/2262/2099 1397/2263/2100
f 1397/2263/2100 1669/2262/2099 1668/2264/2101
f 1397/2263/2100 1668/2264/2101 1398/2265/2102
f 1398/2265/2102 1668/2264/2101 1667/2266/2103
f 1398/2265/2102 1667/2266/2103 1399/2267/2104
f 1399/2267/2104 1667/2266/2103 1666/2268/2105
f 1399/2267/2104 1666/2268/2105 1400/2269/2106
f 1400/2269/2106 1666/2268/2105 1689/2270/2107
f 1400/2269/2106 1689/2270/2107 1690/2271/2108
f 1670/2258/2097 1425/2257/2096 1671/2272/2109
f 1671/2272/2109 1425/2257/2096 1424/2273/2110
f 1671/2272/2109 1424/2273/2110 1672/2274/2111
f 1672/2274/2111 1424/2273/2110 1423/2275/2112
f 1672/2274/2111 1423/2275/2112 1673/2276/2113
f 1673/2276/2113 1423/2275/2112 1422/2277/2114
f 1673/2276/2113 1422/2277/2114 1674/2278/2115
f 1674/2278/2115 1422/2277/2114 1421/2279/2116
f 1674/2278/2115 1421/2279/2116 1675/2280/2117
f 1675/2280/2117 1421/2279/2116 1420/2281/2118
f 1675/2280/2117 1420/2281/2118 1419/2282/2119
f 1675/2280/2117 1419/2282/2119 1676/2283/2120
f 1676/2283/2120 1419/2282/2119 1418/2284/2121
f 1676/2283/2120 1418/2284/2121 1677/2285/2122
f 1677/2285/2122 1418/2284/2121 1417/2286/2123
f 1677/2285/2122 1417/2286/2123 1678/2287/2124
f 1678/2287/2124 1417/2286/2123 1416/2288/2125
f 1678/2287/2124 1416/2288/2125 1679/2289/2126
f 1679/2289/2126 1416/2288/2125 1415/2290/2127
f 1679/2289/2126 1415/2290/2127 1680/2291/2128
f 1680/2291/2128 1415/2290/2127 1414/2292/2129
f 1680/2291/2128 1414/2292/2129 1681/2293/2130
f 1681/2293/2130 1414/2292/2129 1413/2294/2131
f 1681/2293/2130 1413/2294/2131 1682/2295/2132
f 1682/2295/2132 1413/2294/2131 1412/2296/2133
f 1682/2295/2132 1412/2296/2133 1683/2297/2134
f 1683/2297/2134 1412/2296/2133 1411/2298/2135
f 1683/2297/2134 1411/2298/2135 1684/2299/2136
f 1684/2299/2136 1411/2298/2135 1410/2300/2137
f 1684/2299/2136 1410/2300/2137 1685/2301/2138
f 1685/2301/2138 1410/2300/2137 1409/2302/2139
f 1685/2301/2138 1409/2302/2139 1686/2303/2140
f 1686/2303/2140 1409/2302/2139 1408/2304/2141
f 1686/2303/2140 1408/2304/2141 1687/2305/2142
f 1687/2305/2142 1408/2304/2141 1407/2306/2143
f 1687/2305/2142 1407/2306/2143 1688/2307/2144
f 1688/2307/2144 1407/2306/2143 1406/2308/2145
f 1688/2307/2144 1406/2308/2145 1698/2309/2146
f 1698/2309/2146 1406/2308/2145 1697/2310/2147
f 1697/2310/2147 1406/2308/2145 1405/2311/2148
f 1697/2310/2147 1405/2311/2148 1696/2312/2149
f 1696/2312/2149 1405/2311/2148 1404/2313/2150
f 1696/2312/2149 1404/2313/2150 1695/2314/2151
f 1695/2314/2151 1404/2313/2150 1694/2315/2152
f 1694/2315/2152 1404/2313/2150 1403/2316/2153
f 1694/2315/2152 1403/2316/2153 1693/2317/2154
f 1693/2317/2154 1403/2316/2153 1692/2318/2155
f 1692/2318/2155 1403/2316/2153 1402/2319/2156
f 1692/2318/2155 1402/2319/2156 1691/2320/2157
f 1691/2320/2157 1402/2319/2156 1401/2321/2158
f 1691/2320/2157 1401/2321/2158 1690/2271/2108
f 1690/2271/2108 1401/2321/2158 1400/2269/2106
f 1665/2322/2159 1689/2270/2107 1666/2268/2105
f 1560/2323/2160 1716/2324/2161 1531/2325/2162
f 1531/2326/2162 1716/2327/2161 1717/2328/2163
f 1531/2326/2162 1717/2328/2163 1532/2329/2164
f 1532/2329/2164 1717/2328/2163 1718/2330/2165
f 1532/2329/2164 1718/2330/2165 1533/2331/2166
f 1533/2331/2166 1718/2330/2165 1719/2332/2167
f 1533/2331/2166 1719/2332/2167 1534/2333/2168
f 1534/2333/2168 1719/2332/2167 1720/2334/2169
f 1534/2333/2168 1720/2334/2169 1535/2335/2170
f 1535/2335/2170 1720/2334/2169 1653/2336/2171
f 1535/2335/2170 1653/2336/2171 1663/2337/2172
f 1716/2324/2161 1560/2323/2160 1715/2338/2173
f 1715/2338/2173 1560/2323/2160 1559/2339/2174
f 1715/2338/2173 1559/2339/2174 1714/2340/2175
f 1714/2340/2175 1559/2339/2174 1558/2341/2176
f 1714/2340/2175 1558/2341/2176 1713/2342/2177
f 1713/2342/2177 1558/2341/2176 1557/2343/2178
f 1713/2342/2177 1557/2343/2178 1712/2344/2179
f 1712/2344/2179 1557/2343/2178 1556/2345/2180
f 1712/2344/2179 1556/2345/2180 1711/2346/2181
f 1711/2346/2181 1556/2345/2180 1555/2347/2182
f 1711/2346/2181 1555/2347/2182 1710/2348/2183
f 1710/2348/2183 1555/2347/2182 1554/2349/2184
f 1710/2348/2183 1554/2349/2184 1553/2350/2185
f 1710/2348/2183 1553/2350/2185 1709/2351/2186
f 1709/2351/2186 1553/2350/2185 1552/2352/2187
f 1709/2351/2186 1552/2352/2187 1708/2353/2188
f 1708/2353/2188 1552/2352/2187 1551/2354/2189
f 1708/2353/2188 1551/2354/2189 1707/2355/2190
f 1707/2355/2190 1551/2354/2189 1550/2356/2191
f 1707/2355/2190 1550/2356/2191 1706/2357/2192
f 1706/2357/2192 1550/2356/2191 1549/2358/2193
f 1706/2357/2192 1549/2358/2193 1705/2359/2194
f 1705/2359/2194 1549/2358/2193 1548/2360/2195
f 1705/2359/2194 1548/2360/2195 1704/2361/2196
f 1704/2361/2196 1548/2360/2195 1547/2362/2197
f 1704/2361/2196 1547/2362/2197 1703/2363/2198
f 1703/2363/2198 1547/2362/2197 1546/2364/2199
f 1703/2363/2198 1546/2364/2199 1702/2365/2200
f 1702/2365/2200 1546/2364/2199 1545/2366/2201
f 1702/2365/2200 1545/2366/2201 1701/2367/2202
f 1701/2367/2202 1545/2366/2201 1544/2368/2203
f 1701/2367/2202 1544/2368/2203 1700/2369/2204
f 1700/2369/2204 1544/2368/2203 1543/2370/2205
f 1700/2369/2204 1543/2370/2205 1699/2371/2206
f 1699/2371/2206 1543/2370/2205 1542/2372/2207
f 1699/2371/2206 1542/2372/2207 1654/2373/2208
f 1654/2373/2208 1542/2372/2207 1541/2374/2209
f 1654/2373/2208 1541/2374/2209 1655/2375/2210
f 1655/2375/2210 1541/2374/2209 1656/2376/2211
f 1656/2376/2211 1541/2374/2209 1540/2377/2212
f 1656/2376/2211 1540/2377/2212 1657/2378/2213
f 1657/2378/2213 1540/2377/2212 1539/2379/2214
f 1657/2378/2213 1539/2379/2214 1658/2380/2215
f 1658/2380/2215 1539/2379/2214 1659/2381/2216
f 1659/2381/2216 1539/2379/2214 1538/2382/2217
f 1659/2381/2216 1538/2382/2217 1660/2383/2218
f 1660/2383/2218 1538/2382/2217 1661/2384/2219
f 1661/2384/2219 1538/2382/2217 1537/2385/2220
f 1661/2384/2219 1537/2385/2220 1662/2386/2221
f 1662/2386/2221 1537/2385/2220 1536/2387/2222
f 1662/2386/2221 1536/2387/2222 1663/2337/2172
f 1663/2337/2172 1536/2387/2222 1535/2335/2170
f 1629/2388/2223 1653/2336/2171 1720/2334/2169
f 1530/2389/2224 1738/2390/2225 1501/2391/2226
f 1501/2392/2226 1738/2393/2225 1739/2394/2227
f 1501/2392/2226 1739/2394/2227 1502/2395/2228
f 1502/2395/2228 1739/2394/2227 1740/2396/2229
f 1502/2395/2228 1740/2396/2229 1503/2397/2230
f 1503/2397/2230 1740/2396/2229 1741/2398/2231
f 1503/2397/2230 1741/2398/2231 1504/2399/2232
f 1504/2399/2232 1741/2398/2231 1742/2400/2233
f 1504/2399/2232 1742/2400/2233 1505/2401/2234
f 1505/2401/2234 1742/2400/2233 1688/2402/2235
f 1505/2401/2234 1688/2402/2235 1698/2403/2236
f 1738/2390/2225 1530/2389/2224 1737/2404/2237
f 1737/2404/2237 1530/2389/2224 1529/2405/2238
f 1737/2404/2237 1529/2405/2238 1736/2406/2239
f 1736/2406/2239 1529/2405/2238 1528/2407/2240
f 1736/2406/2239 1528/2407/2240 1735/2408/2241
f 1735/2408/2241 1528/2407/2240 1527/2409/2242
f 1735/2408/2241 1527/2409/2242 1734/2410/2243
f 1734/2410/2243 1527/2409/2242 1526/2411/2244
f 1734/2410/2243 1526/2411/2244 1733/2412/2245
f 1733/2412/2245 1526/2411/2244 1525/2413/2246
f 1733/2412/2245 1525/2413/2246 1732/2414/2247
f 1732/2414/2247 1525/2413/2246 1524/2415/2248
f 1732/2414/2247 1524/2415/2248 1523/2416/2249
f 1732/2414/2247 1523/2416/2249 1731/2417/2250
f 1731/2417/2250 1523/2416/2249 1522/2418/2251
f 1731/2417/2250 1522/2418/2251 1730/2419/2252
f 1730/2419/2252 1522/2418/2251 1521/2420/2253
f 1730/2419/2252 1521/2420/2253 1729/2421/2254
f 1729/2421/2254 1521/2420/2253 1520/2422/2255
f 1729/2421/2254 1520/2422/2255 1728/2423/2256
f 1728/2423/2256 1520/2422/2255 1519/2424/2257
f 1728/2423/2256 1519/2424/2257 1727/2425/2258
f 1727/2425/2258 1519/2424/2257 1518/2426/2259
f 1727/2425/2258 1518/2426/2259 1726/2427/2260
f 1726/2427/2260 1518/2426/2259 1517/2428/2261
f 1726/2427/2260 1517/2428/2261 1725/2429/2262
f 1725/2429/2262 1517/2428/2261 1516/2430/2263
f 1725/2429/2262 1516/2430/2263 1724/2431/2264
f 1724/2431/2264 1516/2430/2263 1515/2432/2265
f 1724/2431/2264 1515/2432/2265 1723/2433/2266
f 1723/2433/2266 1515/2432/2265 1514/2434/2267
f 1723/2433/2266 1514/2434/2267 1722/2435/2268
f 1722/2435/2268 1514/2434/2267 1513/2436/2269
f 1722/2435/2268 1513/2436/2269 1721/2437/2270
f 1721/2437/2270 1513/2436/2269 1512/2438/2271
f 1721/2437/2270 1512/2438/2271 1689/2439/2272
f 1689/2439/2272 1512/2438/2271 1511/2440/2273
f 1689/2439/2272 1511/2440/2273 1690/2441/2274
f 1690/2441/2274 1511/2440/2273 1691/2442/2275
f 1691/2442/2275 1511/2440/2273 1510/2443/2276
f 1691/2442/2275 1510/2443/2276 1692/2444/2277
f 1692/2444/2277 1510/2443/2276 1509/2445/2278
f 1692/2444/2277 1509/2445/2278 1693/2446/2279
f 1693/2446/2279 1509/2445/2278 1694/2447/2280
f 1694/2447/2280 1509/2445/2278 1508/2448/2281
f 1694/2447/2280 1508/2448/2281 1695/2449/2282
f 1695/2449/2282 1508/2448/2281 1696/2450/2283
f 1696/2450/2283 1508/2448/2281 1507/2451/2284
f 1696/2450/2283 1507/2451/2284 1697/2452/2285
f 1697/2452/2285 1507/2451/2284 1506/2453/2286
f 1697/2452/2285 1506/2453/2286 1698/2403/2236
f 1698/2403/2236 1506/2453/2286 1505/2401/2234
f 1664/2454/2287 1688/2402/2235 1742/2400/2233
f 1744/2455/2288 1592/2456/2289 1743/2457/2290
f 1743/2457/2290 1592/2456/2289 1591/2458/2291
f 1743/2459/2290 1591/2460/2291 1772/2461/2292
f 1772/2461/2292 1591/2460/2291 1620/2462/2293
f 1772/2461/2292 1620/2462/2293 1619/2463/2294
f 1744/2455/2288 1745/2464/2295 1592/2456/2289
f 1592/2456/2289 1745/2464/2295 1593/2465/2296
f 1593/2465/2296 1745/2464/2295 1746/2466/2297
f 1593/2465/2296 1746/2466/2297 1594/2467/2298
f 1594/2467/2298 1746/2466/2297 1747/2468/2299
f 1594/2467/2298 1747/2468/2299 1595/2469/2300
f 1595/2469/2300 1747/2468/2299 1748/2470/2301
f 1595/2469/2300 1748/2470/2301 1596/2471/2302
f 1596/2471/2302 1748/2470/2301 1749/2472/2303
f 1596/2471/2302 1749/2472/2303 1597/2473/2304
f 1597/2473/2304 1749/2472/2303 1750/2474/2305
f 1597/2473/2304 1750/2474/2305 1598/2475/2306
f 1598/2475/2306 1750/2474/2305 1751/2476/2307
f 1598/2475/2306 1751/2476/2307 1599/2477/2308
f 1599/2477/2308 1751/2476/2307 1752/2478/2309
f 1599/2477/2308 1752/2478/2309 1600/2479/2310
f 1600/2479/2310 1752/2478/2309 1753/2480/2311
f 1600/2479/2310 1753/2480/2311 1601/2481/2312
f 1601/2481/2312 1753/2480/2311 1754/2482/2313
f 1601/2481/2312 1754/2482/2313 1602/2483/2314
f 1602/2483/2314 1754/2482/2313 1755/2484/2315
f 1602/2483/2314 1755/2484/2315 1603/2485/2316
f 1603/2485/2316 1755/2484/2315 1756/2486/2317
f 1603/2485/2316 1756/2486/2317 1604/2487/2318
f 1604/2487/2318 1756/2486/2317 1757/2488/2319
f 1604/2487/2318 1757/2488/2319 1605/2489/2320
f 1605/2489/2320 1757/2488/2319 1758/2490/2321
f 1605/2489/2320 1758/2490/2321 1606/2491/2322
f 1606/2491/2322 1758/2490/2321 1759/2492/2323
f 1606/2491/2322 1759/2492/2323 1607/2493/2324
f 1607/2493/2324 1759/2492/2323 1760/2494/2325
f 1607/2493/2324 1760/2494/2325 1608/2495/2326
f 1608/2495/2326 1760/2494/2325 1761/2496/2327
f 1608/2495/2326 1761/2496/2327 1609/2497/2328
f 1609/2497/2328 1761/2496/2327 1762/2498/2329
f 1609/2497/2328 1762/2498/2329 1610/2499/2330
f 1610/2499/2330 1762/2498/2329 1763/2500/2331
f 1610/2499/2330 1763/2500/2331 1611/2501/2332
f 1611/2501/2332 1763/2500/2331 1764/2502/2333
f 1611/2501/2332 1764/2502/2333 1612/2503/2334
f 1612/2503/2334 1764/2502/2333 1765/2504/2335
f 1612/2503/2334 1765/2504/2335 1613/2505/2336
f 1613/2505/2336 1765/2504/2335 1766/2506/2337
f 1613/2505/2336 1766/2506/2337 1614/2507/2338
f 1614/2507/2338 1766/2506/2337 1767/2508/2339
f 1614/2507/2338 1767/2508/2339 1615/2509/2340
f 1615/2509/2340 1767/2508/2339 1768/2510/2341
f 1615/2509/2340 1768/2510/2341 1616/2511/2342
f 1616/2511/2342 1768/2510/2341 1769/2512/2343
f 1616/2511/2342 1769/2512/2343 1617/2513/2344
f 1617/2513/2344 1769/2512/2343 1770/2514/2345
f 1617/2513/2344 1770/2514/2345 1618/2515/2346
f 1618/2515/2346 1770/2514/2345 1771/2516/2347
f 1618/2515/2346 1771/2516/2347 1619/2463/2294
f 1619/2463/2294 1771/2516/2347 1772/2461/2292
f 1772/2517/2348 1759/2518/2349 1743/2519/2350
f 1743/2519/2350 1759/2518/2349 1758/2520/2351
f 1743/2519/2350 1758/2520/2351 1744/2521/2352
f 1744/2521/2352 1758/2520/2351 1757/2522/2353
f 1744/2521/2352 1757/2522/2353 1745/2523/2354
f 1745/2523/2354 1757/2522/2353 1756/2524/2355
f 1745/2523/2354 1756/2524/2355 1746/2525/2356
f 1746/2525/2356 1756/2524/2355 1755/2526/2357
f 1746/2525/2356 1755/2526/2357 1747/2527/2358
f 1747/2527/2358 1755/2526/2357 1754/2528/2359
f 1747/2527/2358 1754/2528/2359 1748/2529/2360
f 1748/2529/2360 1754/2528/2359 1753/2530/2361
f 1748/2529/2360 1753/2530/2361 1749/2531/2362
f 1749/2531/2362 1753/2530/2361 1752/2532/2363
f 1749/2531/2362 1752/2532/2363 1750/2533/2364
f 1750/2533/2364 1752/2532/2363 1751/2534/2365
f 1759/2518/2349 1772/2517/2348 1760/2535/2366
f 1760/2535/2366 1772/2517/2348 1771/2536/2367
f 1760/2535/2366 1771/2536/2367 1761/2537/2368
f 1761/2537/2368 1771/2536/2367 1770/2538/2369
f 1761/2537/2368 1770/2538/2369 1762/2539/2370
f 1762/2539/2370 1770/2538/2369 1769/2540/2371
f 1762/2539/2370 1769/2540/2371 1763/2541/2372
f 1763/2541/2372 1769/2540/2371 1768/2542/2373
f 1763/2541/2372 1768/2542/2373 1764/2543/2374
f 1764/2543/2374 1768/2542/2373 1767/2544/2375
f 1764/2543/2374 1767/2544/2375 1765/2545/2376
f 1765/2545/2376 1767/2544/2375 1766/2546/2377
f 1774/2547/2378 1562/2548/2379 1773/2549/2380
f 1773/2549/2380 1562/2548/2379 1561/2550/2381
f 1773/2551/2380 1561/2552/2381 1802/2553/2382
f 1802/2553/2382 1561/2552/2381 1590/2554/2383
f 1802/2553/2382 1590/2554/2383 1589/2555/2384
f 1774/2547/2378 1775/2556/2385 1562/2548/2379
f 1562/2548/2379 1775/2556/2385 1563/2557/2386
f 1563/2557/2386 1775/2556/2385 1776/2558/2387
f 1563/2557/2386 1776/2558/2387 1564/2559/2388
f 1564/2559/2388 1776/2558/2387 1777/2560/2389
f 1564/2559/2388 1777/2560/2389 1565/2561/2390
f 1565/2561/2390 1777/2560/2389 1778/2562/2391
f 1565/2561/2390 1778/2562/2391 1566/2563/2392
f 1566/2563/2392 1778/2562/2391 1779/2564/2393
f 1566/2563/2392 1779/2564/2393 1567/2565/2394
f 1567/2565/2394 1779/2564/2393 1780/2566/2395
f 1567/2565/2394 1780/2566/2395 1568/2567/2396
f 1568/2567/2396 1780/2566/2395 1781/2568/2397
f 1568/2567/2396 1781/2568/2397 1569/2569/2398
f 1569/2569/2398 1781/2568/2397 1782/2570/2399
f 1569/2569/2398 1782/2570/2399 1570/2571/2400
f 1570/2571/2400 1782/2570/2399 1783/2572/2401
f 1570/2571/2400 1783/2572/2401 1571/2573/2402
f 1571/2573/2402 1783/2572/2401 1784/2574/2403
f 1571/2573/2402 1784/2574/2403 1572/2575/2404
f 1572/2575/2404 1784/2574/2403 1785/2576/2405
f 1572/2575/2404 1785/2576/2405 1573/2577/2406
f 1573/2577/2406 1785/2576/2405 1786/2578/2407
f 1573/2577/2406 1786/2578/2407 1574/2579/2408
f 1574/2579/2408 1786/2578/2407 1787/2580/2409
f 1574/2579/2408 1787/2580/2409 1575/2581/2410
f 1575/2581/2410 1787/2580/2409 1788/2582/2411
f 1575/2581/2410 1788/2582/2411 1576/2583/2412
f 1576/2583/2412 1788/2582/2411 1789/2584/2413
f 1576/2583/2412 1789/2584/2413 1577/2585/2414
f 1577/2585/2414 1789/2584/2413 1790/2586/2415
f 1577/2585/2414 1790/2586/2415 1578/2587/2416
f 1578/2587/2416 1790/2586/2415 1791/2588/2417
f 1578/2587/2416 1791/2588/2417 1579/2589/2418
f 1579/2589/2418 1791/2588/2417 1792/2590/2419
f 1579/2589/2418 1792/2590/2419 1580/2591/2420
f 1580/2591/2420 1792/2590/2419 1793/2592/2421
f 1580/2591/2420 1793/2592/2421 1581/2593/2422
f 1581/2593/2422 1793/2592/2421 1794/2594/2423
f 1581/2593/2422 1794/2594/2423 1582/2595/2424
f 1582/2595/2424 1794/2594/2423 1795/2596/2425
f 1582/2595/2424 1795/2596/2425 1583/2597/2426
f 1583/2597/2426 1795/2596/2425 1796/2598/2427
f 1583/2597/2426 1796/2598/2427 1584/2599/2428
f 1584/2599/2428 1796/2598/2427 1797/2600/2429
f 1584/2599/2428 1797/2600/2429 1585/2601/2430
f 1585/2601/2430 1797/2600/2429 1798/2602/2431
f 1585/2601/2430 1798/2602/2431 1586/2603/2432
f 1586/2603/2432 1798/2602/2431 1799/2604/2433
f 1586/2603/2432 1799/2604/2433 1587/2605/2434
f 1587/2605/2434 1799/2604/2433 1800/2606/2435
f 1587/2605/2434 1800/2606/2435 1588/2607/2436
f 1588/2607/2436 1800/2606/2435 1801/2608/2437
f 1588/2607/2436 1801/2608/2437 1589/2555/2384
f 1589/2555/2384 1801/2608/2437 1802/2553/2382
f 1802/2609/2438 1789/2610/2439 1773/2611/2440
f 1773/2611/2440 1789/2610/2439 1788/2612/2441
f 1773/2611/2440 1788/2612/2441 1774/2613/2442
f 1774/2613/2442 1788/2612/2441 1787/2614/2443
f 1774/2613/2442 1787/2614/2443 1775/2615/2444
f 1775/2615/2444 1787/2614/2443 1786/2616/2445
f 1775/2615/2444 1786/2616/2445 1776/2617/2446
f 1776/2617/2446 1786/2616/2445 1785/2618/2447
f 1776/2617/2446 1785/2618/2447 1777/2619/2448
f 1777/2619/2448 1785/2618/2447 1784/2620/2449
f 1777/2619/2448 1784/2620/2449 1778/2621/2450
f 1778/2621/2450 1784/2620/2449 1783/2622/2451
f 1778/2621/2450 1783/2622/2451 1779/2623/2452
f 1779/2623/2452 1783/2622/2451 1782/2624/2453
f 1779/2623/2452 1782/2624/2453 1780/2625/2454
f 1780/2625/2454 1782/2624/2453 1781/2626/2455
f 1789/2610/2439 1802/2609/2438 1790/2627/2456
f 1790/2627/2456 1802/2609/2438 1801/2628/2457
f 1790/2627/2456 1801/2628/2457 1791/2629/2458
f 1791/2629/2458 1801/2628/2457 1800/2630/2459
f 1791/2629/2458 1800/2630/2459 1792/2631/2460
f 1792/2631/2460 1800/2630/2459 1799/2632/2461
f 1792/2631/2460 1799/2632/2461 1793/2633/2462
f 1793/2633/2462 1799/2632/2461 1798/2634/2463
f 1793/2633/2462 1798/2634/2463 1794/2635/2464
f 1794/2635/2464 1798/2634/2463 1797/2636/2465
f 1794/2635/2464 1797/2636/2465 1795/2637/2466
f 1795/2637/2466 1797/2636/2465 1796/2638/2467
f 1629/2639/2468 1720/2640/2469 1630/2641/2470
f 1630/2641/2470 1720/2640/2469 1699/2642/2471
f 1630/2641/2470 1699/2642/2471 1654/2643/2472
f 1699/2642/2471 1720/2640/2469 1700/2644/2473
f 1700/2644/2473 1720/2640/2469 1719/2645/2474
f 1700/2644/2473 1719/2645/2474 1701/2646/2475
f 1701/2646/2475 1719/2645/2474 1718/2647/2476
f 1701/2646/2475 1718/2647/2476 1702/2648/2477
f 1702/2648/2477 1718/2647/2476 1717/2649/2478
f 1702/2648/2477 1717/2649/2478 1703/2650/2479
f 1703/2650/2479 1717/2649/2478 1716/2651/2480
f 1703/2650/2479 1716/2651/2480 1704/2652/2481
f 1704/2652/2481 1716/2651/2480 1715/2653/2482
f 1704/2652/2481 1715/2653/2482 1705/2654/2483
f 1705/2654/2483 1715/2653/2482 1714/2655/2484
f 1705/2654/2483 1714/2655/2484 1706/2656/2485
f 1706/2656/2485 1714/2655/2484 1713/2657/2486
f 1706/2656/2485 1713/2657/2486 1707/2658/2487
f 1707/2658/2487 1713/2657/2486 1712/2659/2488
f 1707/2658/2487 1712/2659/2488 1708/2660/2489
f 1708/2660/2489 1712/2659/2488 1711/2661/2490
f 1708/2660/2489 1711/2661/2490 1709/2662/2491
f 1709/2662/2491 1711/2661/2490 1710/2663/2492
f 1664/2664/2493 1742/2665/2494 1665/2666/2495
f 1665/2666/2495 1742/2665/2494 1721/2667/2496
f 1665/2666/2495 1721/2667/2496 1689/2668/2497
f 1721/2667/2496 1742/2665/2494 1722/2669/2498
f 1722/2669/2498 1742/2665/2494 1741/2670/2499
f 1722/2669/2498 1741/2670/2499 1723/2671/2500
f 1723/2671/2500 1741/2670/2499 1740/2672/2501
f 1723/2671/2500 1740/2672/2501 1724/2673/2502
f 1724/2673/2502 1740/2672/2501 1739/2674/2503
f 1724/2673/2502 1739/2674/2503 1725/2675/2504
f 1725/2675/2504 1739/2674/2503 1738/2676/2505
f 1725/2675/2504 1738/2676/2505 1726/2677/2506
f 1726/2677/2506 1738/2676/2505 1737/2678/2507
f 1726/2677/2506 1737/2678/2507 1727/2679/2508
f 1727/2679/2508 1737/2678/2507 1736/2680/2509
f 1727/2679/2508 1736/2680/2509 1728/2681/2510
f 1728/2681/2510 1736/2680/2509 1735/2682/2511
f 1728/2681/2510 1735/2682/2511 1729/2683/2512
f 1729/2683/2512 1735/2682/2511 1734/2684/2513
f 1729/2683/2512 1734/2684/2513 1730/2685/2514
f 1730/2685/2514 1734/2684/2513 1733/2686/2515
f 1730/2685/2514 1733/2686/2515 1731/2687/2516
f 1731/2687/2516 1733/2686/2515 1732/2688/2517
f 1625/2689/2518 108/2690/2519 1621/2691/2520
f 1621/2691/2520 108/2690/2519 121/2692/2521
f 1621/2691/2520 121/2692/2521 94/2693/2522
f 108/2690/2519 1625/2689/2518 1363/2694/2523
f 1363/2694/2523 1625/2689/2518 1627/2695/2524
f 1363/2694/2523 1627/2695/2524 81/2696/2525
f 81/2696/2525 1627/2695/2524 1622/2697/2526
f 81/2696/2525 1622/2697/2526 94/2693/2522
f 94/2693/2522 1622/2697/2526 1621/2691/2520
f 81/2696/2525 80/2698/2527 1363/2694/2523
f 1363/2694/2523 80/2698/2527 79/2699/2528
f 1363/2694/2523 79/2699/2528 78/2700/2529
f 78/2700/2529 77/2701/2530 1363/2694/2523
f 1363/2694/2523 77/2701/2530 76/2702/2531
f 1363/2694/2523 76/2702/2531 75/2703/2532
f 75/2703/2532 74/2704/2533 1363/2694/2523
f 1363/2694/2523 74/2704/2533 73/2705/2534
f 1363/2694/2523 73/2705/2534 72/2706/2535
f 72/2706/2535 71/2707/2536 1363/2694/2523
f 1363/2694/2523 71/2707/2536 70/2708/2537
f 119/2709/2538 118/2710/2539 1363/2694/2523
f 1363/2694/2523 118/2710/2539 117/2711/2540
f 1363/2694/2523 117/2711/2540 116/2712/2541
f 116/2712/2541 115/2713/2542 1363/2694/2523
f 1363/2694/2523 115/2713/2542 114/2714/2543
f 1363/2694/2523 114/2714/2543 113/2715/2544
f 113/2715/2544 112/2716/2545 1363/2694/2523
f 1363/2694/2523 112/2716/2545 111/2717/2546
f 1363/2694/2523 111/2717/2546 110/2718/2547
f 110/2718/2547 109/2719/2548 1363/2694/2523
f 1363/2694/2523 109/2719/2548 108/2690/2519
f 68/2720/2549 55/2721/2550 147/2722/2551
f 147/2722/2551 55/2721/2550 134/2723/2552
f 134/2723/2552 55/2721/2550 1365/2724/2553
f 134/2723/2552 1365/2724/2553 135/2725/2554
f 135/2725/2554 1365/2724/2553 136/2726/2555
f 136/2726/2555 1365/2724/2553 137/2727/2556
f 137/2727/2556 1365/2724/2553 138/2728/2557
f 138/2728/2557 1365/2724/2553 139/2729/2558
f 139/2729/2558 1365/2724/2553 140/2730/2559
f 140/2730/2559 1365/2724/2553 141/2731/2560
f 141/2731/2560 1365/2724/2553 142/2732/2561
f 142/2732/2561 1365/2724/2553 143/2733/2562
f 143/2733/2562 1365/2724/2553 144/2734/2563
f 144/2734/2563 1365/2724/2553 145/2735/2564
f 55/2721/2550 54/2736/2565 1365/2724/2553
f 1365/2724/2553 54/2736/2565 53/2737/2566
f 1365/2724/2553 53/2737/2566 52/2738/2567
f 52/2738/2567 51/2739/2568 1365/2724/2553
f 1365/2724/2553 51/2739/2568 50/2740/2569
f 1365/2724/2553 50/2740/2569 49/2741/2570
f 49/2741/2570 48/2742/2571 1365/2724/2553
f 1365/2724/2553 48/2742/2571 47/2743/2572
f 1365/2724/2553 47/2743/2572 46/2744/2573
f 46/2744/2573 45/2745/2574 1365/2724/2553
f 1365/2724/2553 45/2745/2574 44/2746/2575
f 1395/2747/2576 1832/2748/2577 1366/2749/2578
f 1366/2749/2578 1832/2748/2577 1803/2750/2579
f 1366/2751/2578 1803/2752/2579 1367/2753/2580
f 1367/2753/2580 1803/2752/2579 1804/2754/2581
f 1367/2753/2580 1804/2754/2581 1805/2755/2582
f 1395/2747/2576 1394/2756/2583 1832/2748/2577
f 1832/2748/2577 1394/2756/2583 1831/2757/2584
f 1831/2757/2584 1394/2756/2583 1393/2758/2585
f 1831/2757/2584 1393/2758/2585 1830/2759/2586
f 1830/2759/2586 1393/2758/2585 1392/2760/2587
f 1830/2759/2586 1392/2760/2587 1829/2761/2588
f 1829/2761/2588 1392/2760/2587 1391/2762/2589
f 1829/2761/2588 1391/2762/2589 1828/2763/2590
f 1828/2763/2590 1391/2762/2589 1390/2764/2591
f 1828/2763/2590 1390/2764/2591 1827/2765/2592
f 1827/2765/2592 1390/2764/2591 1389/2766/2593
f 1827/2765/2592 1389/2766/2593 1826/2767/2594
f 1826/2767/2594 1389/2766/2593 1388/2768/2595
f 1826/2767/2594 1388/2768/2595 1825/2769/2596
f 1825/2769/2596 1388/2768/2595 1387/2770/2597
f 1825/2769/2596 1387/2770/2597 1824/2771/2598
f 1824/2771/2598 1387/2770/2597 1386/2772/2599
f 1824/2771/2598 1386/2772/2599 1823/2773/2600
f 1823/2773/2600 1386/2772/2599 1385/2774/2601
f 1823/2773/2600 1385/2774/2601 1822/2775/2602
f 1822/2775/2602 1385/2774/2601 1384/2776/2603
f 1822/2775/2602 1384/2776/2603 1821/2777/2604
f 1821/2777/2604 1384/2776/2603 1383/2778/2605
f 1821/2777/2604 1383/2778/2605 1820/2779/2606
f 1820/2779/2606 1383/2778/2605 1382/2780/2607
f 1820/2779/2606 1382/2780/2607 1819/2781/2608
f 1819/2781/2608 1382/2780/2607 1381/2782/2609
f 1819/2781/2608 1381/2782/2609 1818/2783/2610
f 1818/2783/2610 1381/2782/2609 1380/2784/2611
f 1818/2783/2610 1380/2784/2611 1817/2785/2612
f 1817/2785/2612 1380/2784/2611 1379/2786/2613
f 1817/2785/2612 1379/2786/2613 1816/2787/2614
f 1816/2787/2614 1379/2786/2613 1378/2788/2615
f 1816/2787/2614 1378/2788/2615 1815/2789/2616
f 1815/2789/2616 1378/2788/2615 1377/2790/2617
f 1815/2789/2616 1377/2790/2617 1814/2791/2618
f 1814/2791/2618 1377/2790/2617 1376/2792/2619
f 1814/2791/2618 1376/2792/2619 1813/2793/2620
f 1813/2793/2620 1376/2792/2619 1375/2794/2621
f 1813/2793/2620 1375/2794/2621 1812/2795/2622
f 1812/2795/2622 1375/2794/2621 1374/2796/2623
f 1812/2795/2622 1374/2796/2623 1811/2797/2624
f 1811/2797/2624 1374/2796/2623 1373/2798/2625
f 1811/2797/2624 1373/2798/2625 1810/2799/2626
f 1810/2799/2626 1373/2798/2625 1372/2800/2627
f 1810/2799/2626 1372/2800/2627 1809/2801/2628
f 1809/2801/2628 1372/2800/2627 1371/2802/2629
f 1809/2801/2628 1371/2802/2629 1808/2803/2630
f 1808/2803/2630 1371/2802/2629 1370/2804/2631
f 1808/2803/2630 1370/2804/2631 1807/2805/2632
f 1807/2805/2632 1370/2804/2631 1369/2806/2633
f 1807/2805/2632 1369/2806/2633 1806/2807/2634
f 1806/2807/2634 1369/2806/2633 1368/2808/2635
f 1806/2807/2634 1368/2808/2635 1805/2755/2582
f 1805/2755/2582 1368/2808/2635 1367/2753/2580
f 1832/2809/2636 1819/2810/2637 1803/2811/2638
f 1803/2811/2638 1819/2810/2637 1818/2812/2639
f 1803/2811/2638 1818/2812/2639 1804/2813/2640
f 1804/2813/2640 1818/2812/2639 1817/2814/2641
f 1804/2813/2640 1817/2814/2641 1805/2815/2642
f 1805/2815/2642 1817/2814/2641 1816/2816/2643
f 1805/2815/2642 1816/2816/2643 1806/2817/2644
f 1806/2817/2644 1816/2816/2643 1815/2818/2645
f 1806/2817/2644 1815/2818/2645 1807/2819/2646
f 1807/2819/2646 1815/2818/2645 1814/2820/2647
f 1807/2819/2646 1814/2820/2647 1808/2821/2648
f 1808/2821/2648 1814/2820/2647 1813/2822/2649
f 1808/2821/2648 1813/2822/2649 1809/2823/2650
f 1809/2823/2650 1813/2822/2649 1812/2824/2651
f 1809/2823/2650 1812/2824/2651 1810/2825/2652
f 1810/2825/2652 1812/2824/2651 1811/2826/2653
f 1819/2810/2637 1832/2809/2636 1820/2827/2654
f 1820/2827/2654 1832/2809/2636 1831/2828/2655
f 1820/2827/2654 1831/2828/2655 1821/2829/2656
f 1821/2829/2656 1831/2828/2655 1830/2830/2657
f 1821/2829/2656 1830/2830/2657 1822/2831/2658
f 1822/2831/2658 1830/2830/2657 1829/2832/2659
f 1822/2831/2658 1829/2832/2659 1823/2833/2660
f 1823/2833/2660 1829/2832/2659 1828/2834/2661
f 1823/2833/2660 1828/2834/2661 1824/2835/2662
f 1824/2835/2662 1828/2834/2661 1827/2836/2663
f 1824/2835/2662 1827/2836/2663 1825/2837/2664
f 1825/2837/2664 1827/2836/2663 1826/2838/2665
f 1455/2839/2666 1862/2840/2667 1426/2841/2668
f 1426/2841/2668 1862/2840/2667 1833/2842/2669
f 1426/2843/2668 1833/2844/2669 1427/2845/2670
f 1427/2845/2670 1833/2844/2669 1834/2846/2671
f 1427/2845/2670 1834/2846/2671 1835/2847/2672
f 1455/2839/2666 1454/2848/2673 1862/2840/2667
f 1862/2840/2667 1454/2848/2673 1861/2849/2674
f 1861/2849/2674 1454/2848/2673 1453/2850/2675
f 1861/2849/2674 1453/2850/2675 1860/2851/2676
f 1860/2851/2676 1453/2850/2675 1452/2852/2677
f 1860/2851/2676 1452/2852/2677 1859/2853/2678
f 1859/2853/2678 1452/2852/2677 1451/2854/2679
f 1859/2853/2678 1451/2854/2679 1858/2855/2680
f 1858/2855/2680 1451/2854/2679 1450/2856/2681
f 1858/2855/2680 1450/2856/2681 1857/2857/2682
f 1857/2857/2682 1450/2856/2681 1449/2858/2683
f 1857/2857/2682 1449/2858/2683 1856/2859/2684
f 1856/2859/2684 1449/2858/2683 1448/2860/2685
f 1856/2859/2684 1448/2860/2685 1855/2861/2686
f 1855/2861/2686 1448/2860/2685 1447/2862/2687
f 1855/2861/2686 1447/2862/2687 1854/2863/2688
f 1854/2863/2688 1447/2862/2687 1446/2864/2689
f 1854/2863/2688 1446/2864/2689 1853/2865/2690
f 1853/2865/2690 1446/2864/2689 1445/2866/2691
f 1853/2865/2690 1445/2866/2691 1852/2867/2692
f 1852/2867/2692 1445/2866/2691 1444/2868/2693
f 1852/2867/2692 1444/2868/2693 1851/2869/2694
f 1851/2869/2694 1444/2868/2693 1443/2870/2695
f 1851/2869/2694 1443/2870/2695 1850/2871/2696
f 1850/2871/2696 1443/2870/2695 1442/2872/2697
f 1850/2871/2696 1442/2872/2697 1849/2873/2698
f 1849/2873/2698 1442/2872/2697 1441/2874/2699
f 1849/2873/2698 1441/2874/2699 1848/2875/2700
f 1848/2875/2700 1441/2874/2699 1440/2876/2701
f 1848/2875/2700 1440/2876/2701 1847/2877/2702
f 1847/2877/2702 1440/2876/2701 1439/2878/2703
f 1847/2877/2702 1439/2878/2703 1846/2879/2704
f 1846/2879/2704 1439/2878/2703 1438/2880/2705
f 1846/2879/2704 1438/2880/2705 1845/2881/2706
f 1845/2881/2706 1438/2880/2705 1437/2882/2707
f 1845/2881/2706 1437/2882/2707 1844/2883/2708
f 1844/2883/2708 1437/2882/2707 1436/2884/2709
f 1844/2883/2708 1436/2884/2709 1843/2885/2710
f 1843/2885/2710 1436/2884/2709 1435/2886/2711
f 1843/2885/2710 1435/2886/2711 1842/2887/2712
f 1842/2887/2712 1435/2886/2711 1434/2888/2713
f 1842/2887/2712 1434/2888/2713 1841/2889/2714
f 1841/2889/2714 1434/2888/2713 1433/2890/2715
f 1841/2889/2714 1433/2890/2715 1840/2891/2716
f 1840/2891/2716 1433/2890/2715 1432/2892/2717
f 1840/2891/2716 1432/2892/2717 1839/2893/2718
f 1839/2893/2718 1432/2892/2717 1431/2894/2719
f 1839/2893/2718 1431/2894/2719 1838/2895/2720
f 1838/2895/2720 1431/2894/2719 1430/2896/2721
f 1838/2895/2720 1430/2896/2721 1837/2897/2722
f 1837/2897/2722 1430/2896/2721 1429/2898/2723
f 1837/2897/2722 1429/2898/2723 1836/2899/2724
f 1836/2899/2724 1429/2898/2723 1428/2900/2725
f 1836/2899/2724 1428/2900/2725 1835/2847/2672
f 1835/2847/2672 1428/2900/2725 1427/2845/2670
f 1862/2901/2726 1849/2902/2727 1833/2903/2728
f 1833/2903/2728 1849/2902/2727 1848/2904/2729
f 1833/2903/2728 1848/2904/2729 1834/2905/2730
f 1834/2905/2730 1848/2904/2729 1847/2906/2731
f 1834/2905/2730 1847/2906/2731 1835/2907/2732
f 1835/2907/2732 1847/2906/2731 1846/2908/2733
f 1835/2907/2732 1846/2908/2733 1836/2909/2734
f 1836/2909/2734 1846/2908/2733 1845/2910/2735
f 1836/2909/2734 1845/2910/2735 1837/2911/2736
f 1837/2911/2736 1845/2910/2735 1844/2912/2737
f 1837/2911/2736 1844/2912/2737 1838/2913/2738
f 1838/2913/2738 1844/2912/2737 1843/2914/2739
f 1838/2913/2738 1843/2914/2739 1839/2915/2740
f 1839/2915/2740 1843/2914/2739 1842/2916/2741
f 1839/2915/2740 1842/2916/2741 1840/2917/2742
f 1840/2917/2742 1842/2916/2741 1841/2918/2743
f 1849/2902/2727 1862/2901/2726 1850/2919/2744
f 1850/2919/2744 1862/2901/2726 1861/2920/2745
f 1850/2919/2744 1861/2920/2745 1851/2921/2746
f 1851/2921/2746 1861/2920/2745 1860/2922/2747
f 1851/2921/2746 1860/2922/2747 1852/2923/2748
f 1852/2923/2748 1860/2922/2747 1859/2924/2749
f 1852/2923/2748 1859/2924/2749 1853/2925/2750
f 1853/2925/2750 1859/2924/2749 1858/2926/2751
f 1853/2925/2750 1858/2926/2751 1854/2927/2752
f 1854/2927/2752 1858/2926/2751 1857/2928/2753
f 1854/2927/2752 1857/2928/2753 1855/2929/2754
f 1855/2929/2754 1857/2928/2753 1856/2930/2755
# 1862 vertices
# 2930 texture params
# 2755 normals
# 3740 facets

# 1 groups
