# WaveFront *.obj file (generated by Autodesk ATF)

mtllib Camera Front Mount.mtl

g Camera Front Back Mount

v -18.000000 -172.000003 243.000000
v -18.625738 -171.950756 243.000000
v -19.236068 -171.804229 243.000000
v -19.815962 -171.564029 243.000000
v -20.351141 -171.236071 243.000000
v -20.828427 -170.828430 243.000000
v -21.236068 -170.351144 243.000000
v -21.564026 -169.815965 243.000000
v -21.804226 -169.236071 243.000000
v -21.950754 -168.625740 243.000000
v -22.000000 -168.000003 243.000000
v -22.000000 -168.000003 240.000000
v -21.950754 -168.625740 240.000000
v -21.804226 -169.236071 240.000000
v -21.564026 -169.815965 240.000000
v -21.236068 -170.351144 240.000000
v -20.828427 -170.828430 240.000000
v -20.351141 -171.236071 240.000000
v -19.815962 -171.564029 240.000000
v -19.236068 -171.804229 240.000000
v -18.625738 -171.950756 240.000000
v -18.000000 -172.000003 240.000000
v 16.033362 -138.578671 243.000000
v 15.980711 -139.045965 243.000000
v 15.825397 -139.489827 243.000000
v 15.575208 -139.888000 243.000000
v 15.242691 -140.220517 243.000000
v 14.844518 -140.470706 243.000000
v 14.400656 -140.626020 243.000000
v 13.933362 -140.678671 243.000000
v 13.466068 -140.626020 243.000000
v 13.022206 -140.470706 243.000000
v 12.624033 -140.220517 243.000000
v 12.291516 -139.888000 243.000000
v 12.041327 -139.489827 243.000000
v 11.886013 -139.045965 243.000000
v 11.833362 -138.578671 243.000000
v 11.886013 -138.111377 243.000000
v 12.041327 -137.667515 243.000000
v 12.291516 -137.269343 243.000000
v 12.624033 -136.936825 243.000000
v 13.022206 -136.686636 243.000000
v 13.466068 -136.531322 243.000000
v 13.933362 -136.478671 243.000000
v 14.400656 -136.531322 243.000000
v 14.844518 -136.686636 243.000000
v 15.242691 -136.936825 243.000000
v 15.575208 -137.269343 243.000000
v 15.825397 -137.667515 243.000000
v 15.980711 -138.111377 243.000000
v -7.900000 -114.397837 243.000000
v -7.952651 -114.865131 243.000000
v -8.107965 -115.308993 243.000000
v -8.358154 -115.707166 243.000000
v -8.690671 -116.039683 243.000000
v -9.088844 -116.289872 243.000000
v -9.532706 -116.445186 243.000000
v -10.000000 -116.497837 243.000000
v -10.467294 -116.445186 243.000000
v -10.911156 -116.289872 243.000000
v -11.309329 -116.039683 243.000000
v -11.641846 -115.707166 243.000000
v -11.892035 -115.308993 243.000000
v -12.047349 -114.865131 243.000000
v -12.100000 -114.397837 243.000000
v -12.047349 -113.930543 243.000000
v -11.892035 -113.486681 243.000000
v -11.641846 -113.088508 243.000000
v -11.309329 -112.755991 243.000000
v -10.911156 -112.505802 243.000000
v -10.467294 -112.350488 243.000000
v -10.000000 -112.297837 243.000000
v -9.532706 -112.350488 243.000000
v -9.088844 -112.505802 243.000000
v -8.690671 -112.755991 243.000000
v -8.358154 -113.088508 243.000000
v -8.107965 -113.486681 243.000000
v -7.952651 -113.930543 243.000000
v -11.966638 -138.578671 243.000000
v -12.019289 -139.045965 243.000000
v -12.174603 -139.489827 243.000000
v -12.424792 -139.888000 243.000000
v -12.757309 -140.220517 243.000000
v -13.155482 -140.470706 243.000000
v -13.599344 -140.626020 243.000000
v -14.066638 -140.678671 243.000000
v -14.533932 -140.626020 243.000000
v -14.977794 -140.470706 243.000000
v -15.375967 -140.220517 243.000000
v -15.708484 -139.888000 243.000000
v -15.958673 -139.489827 243.000000
v -16.113987 -139.045965 243.000000
v -16.166638 -138.578671 243.000000
v -16.113987 -138.111377 243.000000
v -15.958673 -137.667515 243.000000
v -15.708484 -137.269343 243.000000
v -15.375967 -136.936825 243.000000
v -14.977794 -136.686636 243.000000
v -14.533932 -136.531322 243.000000
v -14.066638 -136.478671 243.000000
v -13.599344 -136.531322 243.000000
v -13.155482 -136.686636 243.000000
v -12.757309 -136.936825 243.000000
v -12.424792 -137.269343 243.000000
v -12.174603 -137.667515 243.000000
v -12.019289 -138.111377 243.000000
v 12.100000 -104.399603 243.000000
v 12.047349 -104.866897 243.000000
v 11.892035 -105.310759 243.000000
v 11.641846 -105.708932 243.000000
v 11.309329 -106.041449 243.000000
v 10.911156 -106.291638 243.000000
v 10.467294 -106.446952 243.000000
v 10.000000 -106.499603 243.000000
v 9.532706 -106.446952 243.000000
v 9.088844 -106.291638 243.000000
v 8.690672 -106.041449 243.000000
v 8.358154 -105.708932 243.000000
v 8.107966 -105.310759 243.000000
v 7.952652 -104.866897 243.000000
v 7.900000 -104.399603 243.000000
v 7.952652 -103.932309 243.000000
v 8.107966 -103.488447 243.000000
v 8.358154 -103.090274 243.000000
v 8.690672 -102.757757 243.000000
v 9.088844 -102.507568 243.000000
v 9.532706 -102.352254 243.000000
v 10.000000 -102.299603 243.000000
v 10.467294 -102.352254 243.000000
v 10.911156 -102.507568 243.000000
v 11.309329 -102.757757 243.000000
v 11.641846 -103.090274 243.000000
v 11.892035 -103.488447 243.000000
v 12.047349 -103.932309 243.000000
v 12.100000 -114.399603 243.000000
v 12.047349 -114.866897 243.000000
v 11.892035 -115.310759 243.000000
v 11.641846 -115.708932 243.000000
v 11.309329 -116.041449 243.000000
v 10.911156 -116.291638 243.000000
v 10.467294 -116.446952 243.000000
v 10.000000 -116.499603 243.000000
v 9.532706 -116.446952 243.000000
v 9.088844 -116.291638 243.000000
v 8.690672 -116.041449 243.000000
v 8.358154 -115.708932 243.000000
v 8.107966 -115.310759 243.000000
v 7.952652 -114.866897 243.000000
v 7.900000 -114.399603 243.000000
v 7.952652 -113.932309 243.000000
v 8.107966 -113.488447 243.000000
v 8.358154 -113.090274 243.000000
v 8.690672 -112.757757 243.000000
v 9.088844 -112.507568 243.000000
v 9.532706 -112.352254 243.000000
v 10.000000 -112.299603 243.000000
v 10.467294 -112.352254 243.000000
v 10.911156 -112.507568 243.000000
v 11.309329 -112.757757 243.000000
v 11.641846 -113.090274 243.000000
v 11.892035 -113.488447 243.000000
v 12.047349 -113.932309 243.000000
v -7.898234 -104.397837 243.000000
v -7.950885 -104.865131 243.000000
v -8.106199 -105.308993 243.000000
v -8.356388 -105.707166 243.000000
v -8.688905 -106.039683 243.000000
v -9.087078 -106.289872 243.000000
v -9.530940 -106.445186 243.000000
v -9.998234 -106.497837 243.000000
v -10.465528 -106.445186 243.000000
v -10.909390 -106.289872 243.000000
v -11.307563 -106.039683 243.000000
v -11.640080 -105.707166 243.000000
v -11.890269 -105.308993 243.000000
v -12.045583 -104.865131 243.000000
v -12.098234 -104.397837 243.000000
v -12.045583 -103.930543 243.000000
v -11.890269 -103.486681 243.000000
v -11.640080 -103.088509 243.000000
v -11.307563 -102.755991 243.000000
v -10.909390 -102.505803 243.000000
v -10.465528 -102.350489 243.000000
v -9.998234 -102.297837 243.000000
v -9.530940 -102.350489 243.000000
v -9.087078 -102.505803 243.000000
v -8.688905 -102.755991 243.000000
v -8.356388 -103.088509 243.000000
v -8.106199 -103.486681 243.000000
v -7.950885 -103.930543 243.000000
v -11.966638 -166.578671 243.000000
v -12.019289 -167.045965 243.000000
v -12.174603 -167.489827 243.000000
v -12.424792 -167.888000 243.000000
v -12.757309 -168.220517 243.000000
v -13.155482 -168.470706 243.000000
v -13.599344 -168.626020 243.000000
v -14.066638 -168.678671 243.000000
v -14.533932 -168.626020 243.000000
v -14.977794 -168.470706 243.000000
v -15.375967 -168.220517 243.000000
v -15.708484 -167.888000 243.000000
v -15.958673 -167.489827 243.000000
v -16.113987 -167.045965 243.000000
v -16.166638 -166.578671 243.000000
v -16.113987 -166.111377 243.000000
v -15.958673 -165.667515 243.000000
v -15.708484 -165.269343 243.000000
v -15.375967 -164.936825 243.000000
v -14.977794 -164.686636 243.000000
v -14.533932 -164.531322 243.000000
v -14.066638 -164.478671 243.000000
v -13.599344 -164.531322 243.000000
v -13.155482 -164.686636 243.000000
v -12.757309 -164.936825 243.000000
v -12.424792 -165.269343 243.000000
v -12.174603 -165.667515 243.000000
v -12.019289 -166.111377 243.000000
v 16.033362 -166.578671 243.000000
v 15.980711 -167.045965 243.000000
v 15.825397 -167.489827 243.000000
v 15.575208 -167.888000 243.000000
v 15.242691 -168.220517 243.000000
v 14.844518 -168.470706 243.000000
v 14.400656 -168.626020 243.000000
v 13.933362 -168.678671 243.000000
v 13.466068 -168.626020 243.000000
v 13.022206 -168.470706 243.000000
v 12.624033 -168.220517 243.000000
v 12.291516 -167.888000 243.000000
v 12.041327 -167.489827 243.000000
v 11.886013 -167.045965 243.000000
v 11.833362 -166.578671 243.000000
v 11.886013 -166.111377 243.000000
v 12.041327 -165.667515 243.000000
v 12.291516 -165.269343 243.000000
v 12.624033 -164.936825 243.000000
v 13.022206 -164.686636 243.000000
v 13.466068 -164.531322 243.000000
v 13.933362 -164.478671 243.000000
v 14.400656 -164.531322 243.000000
v 14.844518 -164.686636 243.000000
v 15.242691 -164.936825 243.000000
v 15.575208 -165.269343 243.000000
v 15.825397 -165.667515 243.000000
v 15.980711 -166.111377 243.000000
v 5.000436 -101.465601 243.000000
v 5.000436 -117.465601 243.000000
v -4.999045 -117.465601 243.000000
v -4.999045 -101.465601 243.000000
v 19.000000 -172.000003 243.000000
v 19.625738 -171.950756 243.000000
v 20.236068 -171.804229 243.000000
v 20.815962 -171.564029 243.000000
v 21.351141 -171.236071 243.000000
v 21.828427 -170.828430 243.000000
v 22.236068 -170.351144 243.000000
v 22.564026 -169.815965 243.000000
v 22.804226 -169.236071 243.000000
v 22.950754 -168.625740 243.000000
v 23.000000 -168.000003 243.000000
v 23.000000 -101.000001 243.000000
v 22.950754 -100.374264 243.000000
v 22.804226 -99.763933 243.000000
v 22.564026 -99.184039 243.000000
v 22.236068 -98.648860 243.000000
v 21.828427 -98.171574 243.000000
v 21.351141 -97.763933 243.000000
v 20.815962 -97.435975 243.000000
v 20.236068 -97.195775 243.000000
v 19.625738 -97.049248 243.000000
v 19.000000 -97.000001 243.000000
v -18.000000 -97.000001 243.000000
v -18.625738 -97.049248 243.000000
v -19.236068 -97.195775 243.000000
v -19.815962 -97.435975 243.000000
v -20.351141 -97.763933 243.000000
v -20.828427 -98.171574 243.000000
v -21.236068 -98.648860 243.000000
v -21.564026 -99.184039 243.000000
v -21.804226 -99.763933 243.000000
v -21.950754 -100.374264 243.000000
v -22.000000 -101.000001 243.000000
v 19.000000 -172.000003 240.000000
v 19.625738 -171.950756 240.000000
v 20.236068 -171.804229 240.000000
v 20.815962 -171.564029 240.000000
v 21.351141 -171.236071 240.000000
v 21.828427 -170.828430 240.000000
v 22.236068 -170.351144 240.000000
v 22.564026 -169.815965 240.000000
v 22.804226 -169.236071 240.000000
v 22.950754 -168.625740 240.000000
v 23.000000 -168.000003 240.000000
v 23.000000 -101.000001 240.000000
v 22.950754 -100.374264 240.000000
v 22.804226 -99.763933 240.000000
v 22.564026 -99.184039 240.000000
v 22.236068 -98.648860 240.000000
v 21.828427 -98.171574 240.000000
v 21.351141 -97.763933 240.000000
v 20.815962 -97.435975 240.000000
v 20.236068 -97.195775 240.000000
v 19.625738 -97.049248 240.000000
v 19.000000 -97.000001 240.000000
v -18.000000 -97.000001 240.000000
v -18.625738 -97.049248 240.000000
v -19.236068 -97.195775 240.000000
v -19.815962 -97.435975 240.000000
v -20.351141 -97.763933 240.000000
v -20.828427 -98.171574 240.000000
v -21.236068 -98.648860 240.000000
v -21.564026 -99.184039 240.000000
v -21.804226 -99.763933 240.000000
v -21.950754 -100.374264 240.000000
v -22.000000 -101.000001 240.000000
v 5.000436 -117.465601 240.000000
v -4.999045 -117.465601 240.000000
v -4.999045 -101.465601 240.000000
v 5.000436 -101.465601 240.000000
v 16.033362 -166.578671 240.000000
v 15.980711 -167.045965 240.000000
v 15.825397 -167.489827 240.000000
v 15.575208 -167.888000 240.000000
v 15.242691 -168.220517 240.000000
v 14.844518 -168.470706 240.000000
v 14.400656 -168.626020 240.000000
v 13.933362 -168.678671 240.000000
v 13.466068 -168.626020 240.000000
v 13.022206 -168.470706 240.000000
v 12.624033 -168.220517 240.000000
v 12.291516 -167.888000 240.000000
v 12.041327 -167.489827 240.000000
v 11.886013 -167.045965 240.000000
v 11.833362 -166.578671 240.000000
v 11.886013 -166.111377 240.000000
v 12.041327 -165.667515 240.000000
v 12.291516 -165.269343 240.000000
v 12.624033 -164.936825 240.000000
v 13.022206 -164.686636 240.000000
v 13.466068 -164.531322 240.000000
v 13.933362 -164.478671 240.000000
v 14.400656 -164.531322 240.000000
v 14.844518 -164.686636 240.000000
v 15.242691 -164.936825 240.000000
v 15.575208 -165.269343 240.000000
v 15.825397 -165.667515 240.000000
v 15.980711 -166.111377 240.000000
v -11.966638 -166.578671 240.000000
v -12.019289 -167.045965 240.000000
v -12.174603 -167.489827 240.000000
v -12.424792 -167.888000 240.000000
v -12.757309 -168.220517 240.000000
v -13.155482 -168.470706 240.000000
v -13.599344 -168.626020 240.000000
v -14.066638 -168.678671 240.000000
v -14.533932 -168.626020 240.000000
v -14.977794 -168.470706 240.000000
v -15.375967 -168.220517 240.000000
v -15.708484 -167.888000 240.000000
v -15.958673 -167.489827 240.000000
v -16.113987 -167.045965 240.000000
v -16.166638 -166.578671 240.000000
v -16.113987 -166.111377 240.000000
v -15.958673 -165.667515 240.000000
v -15.708484 -165.269343 240.000000
v -15.375967 -164.936825 240.000000
v -14.977794 -164.686636 240.000000
v -14.533932 -164.531322 240.000000
v -14.066638 -164.478671 240.000000
v -13.599344 -164.531322 240.000000
v -13.155482 -164.686636 240.000000
v -12.757309 -164.936825 240.000000
v -12.424792 -165.269343 240.000000
v -12.174603 -165.667515 240.000000
v -12.019289 -166.111377 240.000000
v -7.898234 -104.397837 240.000000
v -7.950885 -104.865131 240.000000
v -8.106199 -105.308993 240.000000
v -8.356388 -105.707166 240.000000
v -8.688905 -106.039683 240.000000
v -9.087078 -106.289872 240.000000
v -9.530940 -106.445186 240.000000
v -9.998234 -106.497837 240.000000
v -10.465528 -106.445186 240.000000
v -10.909390 -106.289872 240.000000
v -11.307563 -106.039683 240.000000
v -11.640080 -105.707166 240.000000
v -11.890269 -105.308993 240.000000
v -12.045583 -104.865131 240.000000
v -12.098234 -104.397837 240.000000
v -12.045583 -103.930543 240.000000
v -11.890269 -103.486681 240.000000
v -11.640080 -103.088509 240.000000
v -11.307563 -102.755991 240.000000
v -10.909390 -102.505803 240.000000
v -10.465528 -102.350489 240.000000
v -9.998234 -102.297837 240.000000
v -9.530940 -102.350489 240.000000
v -9.087078 -102.505803 240.000000
v -8.688905 -102.755991 240.000000
v -8.356388 -103.088509 240.000000
v -8.106199 -103.486681 240.000000
v -7.950885 -103.930543 240.000000
v 12.100000 -114.399603 240.000000
v 12.047349 -114.866897 240.000000
v 11.892035 -115.310759 240.000000
v 11.641846 -115.708932 240.000000
v 11.309329 -116.041449 240.000000
v 10.911156 -116.291638 240.000000
v 10.467294 -116.446952 240.000000
v 10.000000 -116.499603 240.000000
v 9.532706 -116.446952 240.000000
v 9.088844 -116.291638 240.000000
v 8.690672 -116.041449 240.000000
v 8.358154 -115.708932 240.000000
v 8.107966 -115.310759 240.000000
v 7.952652 -114.866897 240.000000
v 7.900000 -114.399603 240.000000
v 7.952652 -113.932309 240.000000
v 8.107966 -113.488447 240.000000
v 8.358154 -113.090274 240.000000
v 8.690672 -112.757757 240.000000
v 9.088844 -112.507568 240.000000
v 9.532706 -112.352254 240.000000
v 10.000000 -112.299603 240.000000
v 10.467294 -112.352254 240.000000
v 10.911156 -112.507568 240.000000
v 11.309329 -112.757757 240.000000
v 11.641846 -113.090274 240.000000
v 11.892035 -113.488447 240.000000
v 12.047349 -113.932309 240.000000
v 12.100000 -104.399603 240.000000
v 12.047349 -104.866897 240.000000
v 11.892035 -105.310759 240.000000
v 11.641846 -105.708932 240.000000
v 11.309329 -106.041449 240.000000
v 10.911156 -106.291638 240.000000
v 10.467294 -106.446952 240.000000
v 10.000000 -106.499603 240.000000
v 9.532706 -106.446952 240.000000
v 9.088844 -106.291638 240.000000
v 8.690672 -106.041449 240.000000
v 8.358154 -105.708932 240.000000
v 8.107966 -105.310759 240.000000
v 7.952652 -104.866897 240.000000
v 7.900000 -104.399603 240.000000
v 7.952652 -103.932309 240.000000
v 8.107966 -103.488447 240.000000
v 8.358154 -103.090274 240.000000
v 8.690672 -102.757757 240.000000
v 9.088844 -102.507568 240.000000
v 9.532706 -102.352254 240.000000
v 10.000000 -102.299603 240.000000
v 10.467294 -102.352254 240.000000
v 10.911156 -102.507568 240.000000
v 11.309329 -102.757757 240.000000
v 11.641846 -103.090274 240.000000
v 11.892035 -103.488447 240.000000
v 12.047349 -103.932309 240.000000
v -11.966638 -138.578671 240.000000
v -12.019289 -139.045965 240.000000
v -12.174603 -139.489827 240.000000
v -12.424792 -139.888000 240.000000
v -12.757309 -140.220517 240.000000
v -13.155482 -140.470706 240.000000
v -13.599344 -140.626020 240.000000
v -14.066638 -140.678671 240.000000
v -14.533932 -140.626020 240.000000
v -14.977794 -140.470706 240.000000
v -15.375967 -140.220517 240.000000
v -15.708484 -139.888000 240.000000
v -15.958673 -139.489827 240.000000
v -16.113987 -139.045965 240.000000
v -16.166638 -138.578671 240.000000
v -16.113987 -138.111377 240.000000
v -15.958673 -137.667515 240.000000
v -15.708484 -137.269343 240.000000
v -15.375967 -136.936825 240.000000
v -14.977794 -136.686636 240.000000
v -14.533932 -136.531322 240.000000
v -14.066638 -136.478671 240.000000
v -13.599344 -136.531322 240.000000
v -13.155482 -136.686636 240.000000
v -12.757309 -136.936825 240.000000
v -12.424792 -137.269343 240.000000
v -12.174603 -137.667515 240.000000
v -12.019289 -138.111377 240.000000
v -7.900000 -114.397837 240.000000
v -7.952651 -114.865131 240.000000
v -8.107965 -115.308993 240.000000
v -8.358154 -115.707166 240.000000
v -8.690671 -116.039683 240.000000
v -9.088844 -116.289872 240.000000
v -9.532706 -116.445186 240.000000
v -10.000000 -116.497837 240.000000
v -10.467294 -116.445186 240.000000
v -10.911156 -116.289872 240.000000
v -11.309329 -116.039683 240.000000
v -11.641846 -115.707166 240.000000
v -11.892035 -115.308993 240.000000
v -12.047349 -114.865131 240.000000
v -12.100000 -114.397837 240.000000
v -12.047349 -113.930543 240.000000
v -11.892035 -113.486681 240.000000
v -11.641846 -113.088508 240.000000
v -11.309329 -112.755991 240.000000
v -10.911156 -112.505802 240.000000
v -10.467294 -112.350488 240.000000
v -10.000000 -112.297837 240.000000
v -9.532706 -112.350488 240.000000
v -9.088844 -112.505802 240.000000
v -8.690671 -112.755991 240.000000
v -8.358154 -113.088508 240.000000
v -8.107965 -113.486681 240.000000
v -7.952651 -113.930543 240.000000
v 16.033362 -138.578671 240.000000
v 15.980711 -139.045965 240.000000
v 15.825397 -139.489827 240.000000
v 15.575208 -139.888000 240.000000
v 15.242691 -140.220517 240.000000
v 14.844518 -140.470706 240.000000
v 14.400656 -140.626020 240.000000
v 13.933362 -140.678671 240.000000
v 13.466068 -140.626020 240.000000
v 13.022206 -140.470706 240.000000
v 12.624033 -140.220517 240.000000
v 12.291516 -139.888000 240.000000
v 12.041327 -139.489827 240.000000
v 11.886013 -139.045965 240.000000
v 11.833362 -138.578671 240.000000
v 11.886013 -138.111377 240.000000
v 12.041327 -137.667515 240.000000
v 12.291516 -137.269343 240.000000
v 12.624033 -136.936825 240.000000
v 13.022206 -136.686636 240.000000
v 13.466068 -136.531322 240.000000
v 13.933362 -136.478671 240.000000
v 14.400656 -136.531322 240.000000
v 14.844518 -136.686636 240.000000
v 15.242691 -136.936825 240.000000
v 15.575208 -137.269343 240.000000
v 15.825397 -137.667515 240.000000
v 15.980711 -138.111377 240.000000
vt -0.000000 0.314159 0.000000
vt -0.300000 0.314159 0.000000
vt -0.000000 0.251327 0.000000
vt -0.300000 0.251327 0.000000
vt -0.000000 0.188496 0.000000
vt -0.300000 0.188496 0.000000
vt -0.000000 0.125664 0.000000
vt -0.300000 0.125664 0.000000
vt -0.000000 0.062832 0.000000
vt -0.300000 0.062832 0.000000
vt -0.000000 0.000000 0.000000
vt -0.300000 0.000000 0.000000
vt -0.000000 -0.062832 0.000000
vt -0.300000 -0.062832 0.000000
vt -0.000000 -0.125664 0.000000
vt -0.300000 -0.125664 0.000000
vt -0.000000 -0.188496 0.000000
vt -0.300000 -0.188496 0.000000
vt -0.000000 -0.251327 0.000000
vt -0.300000 -0.251327 0.000000
vt -0.000000 -0.314159 0.000000
vt -0.300000 -0.314159 0.000000
vt -1.548071 0.454596 0.000000
vt -2.250000 3.350000 0.000000
vt -1.553336 0.407867 0.000000
vt -2.250000 -3.350000 0.000000
vt -1.548071 0.361138 0.000000
vt -1.532540 0.316751 0.000000
vt -1.507521 0.276934 0.000000
vt -1.154735 -1.963311 0.000000
vt -1.474269 0.243682 0.000000
vt -1.139203 -1.918924 0.000000
vt -1.434452 0.218663 0.000000
vt -1.114185 -1.879107 0.000000
vt -1.390066 0.203132 0.000000
vt -1.080933 -1.845855 0.000000
vt -1.343336 0.197867 0.000000
vt -1.041116 -1.820836 0.000000
vt -1.296607 0.203132 0.000000
vt -1.252221 0.218663 0.000000
vt -0.996729 -1.805305 0.000000
vt -0.950000 -1.800040 0.000000
vt -1.532540 0.498982 0.000000
vt -1.507521 0.538800 0.000000
vt -1.507521 3.076934 0.000000
vt -1.474269 3.043682 0.000000
vt -1.474269 0.572052 0.000000
vt -1.434452 3.018663 0.000000
vt -1.434452 0.597070 0.000000
vt -1.390066 3.003132 0.000000
vt -1.390066 0.612602 0.000000
vt -1.343336 2.997867 0.000000
vt -1.343336 0.617867 0.000000
vt -1.296607 0.612602 0.000000
vt -1.296607 3.003132 0.000000
vt -1.252221 0.597070 0.000000
vt -1.252221 3.018663 0.000000
vt -1.212403 0.572052 0.000000
vt -1.212403 3.043682 0.000000
vt -1.179152 0.538800 0.000000
vt -1.179152 3.076934 0.000000
vt -1.154133 0.498982 0.000000
vt -1.154133 3.116751 0.000000
vt 1.267460 0.498982 0.000000
vt 1.267460 3.116751 0.000000
vt 1.292479 3.076934 0.000000
vt 1.292479 0.538800 0.000000
vt 1.325731 3.043682 0.000000
vt 1.325731 0.572052 0.000000
vt 1.365548 3.018663 0.000000
vt 1.365548 0.597070 0.000000
vt 1.409934 3.003132 0.000000
vt 1.409934 0.612602 0.000000
vt 1.456664 2.997867 0.000000
vt 1.456664 0.617867 0.000000
vt 1.503393 0.612602 0.000000
vt 1.251929 0.454596 0.000000
vt -1.138601 0.454596 0.000000
vt 1.246664 0.407867 0.000000
vt -1.133336 0.407867 0.000000
vt 0.549905 -1.703440 0.000000
vt -0.450044 -1.703440 0.000000
vt -1.138601 0.361138 0.000000
vt -1.154133 0.316751 0.000000
vt -1.179152 0.276934 0.000000
vt -0.903271 -1.805305 0.000000
vt -0.858884 -1.820836 0.000000
vt -1.212403 0.243682 0.000000
vt 0.845265 -2.056946 0.000000
vt 0.840000 -2.010216 0.000000
vt 0.845265 -1.963487 0.000000
vt 0.860797 -1.919101 0.000000
vt 0.885815 -1.879284 0.000000
vt 0.919067 -1.846032 0.000000
vt 0.958884 -1.821013 0.000000
vt 1.003271 -1.805482 0.000000
vt 1.292479 0.276934 0.000000
vt 1.267460 0.316751 0.000000
vt 1.325731 0.243682 0.000000
vt 1.050000 -1.800216 0.000000
vt 1.096729 -1.805482 0.000000
vt 1.365548 0.218663 0.000000
vt 1.141116 -1.821013 0.000000
vt 1.409934 0.203132 0.000000
vt 1.180933 -1.846032 0.000000
vt 1.456664 0.197867 0.000000
vt 1.503393 0.203132 0.000000
vt 1.214185 -1.879284 0.000000
vt 1.547779 0.218663 0.000000
vt 1.239203 -1.919101 0.000000
vt 1.587597 0.243682 0.000000
vt 1.254735 -1.963487 0.000000
vt 1.620848 0.276934 0.000000
vt 2.250000 -3.350000 0.000000
vt 1.645867 0.316751 0.000000
vt 1.661399 0.361138 0.000000
vt 1.666664 0.407867 0.000000
vt 2.250000 3.350000 0.000000
vt 1.661399 0.454596 0.000000
vt 1.645867 0.498982 0.000000
vt 1.620848 0.538800 0.000000
vt 1.620848 3.076934 0.000000
vt 1.587597 3.043682 0.000000
vt 1.260000 -2.010216 0.000000
vt 1.254735 -2.056946 0.000000
vt 1.254558 -2.963487 0.000000
vt 1.239203 -2.101332 0.000000
vt 1.239027 -2.919101 0.000000
vt 1.214185 -2.141149 0.000000
vt 1.214008 -2.879284 0.000000
vt 1.180933 -2.174401 0.000000
vt 1.180756 -2.846032 0.000000
vt 1.141116 -2.199420 0.000000
vt 1.140939 -2.821013 0.000000
vt 1.096729 -2.214951 0.000000
vt 1.096553 -2.805482 0.000000
vt 1.050000 -2.220216 0.000000
vt 1.049823 -2.800216 0.000000
vt 1.003271 -2.214951 0.000000
vt 1.003094 -2.805482 0.000000
vt 0.958884 -2.199420 0.000000
vt 0.958708 -2.821013 0.000000
vt 0.919067 -2.174401 0.000000
vt 0.918891 -2.846032 0.000000
vt 0.885815 -2.141149 0.000000
vt 0.885639 -2.879284 0.000000
vt 0.860797 -2.101332 0.000000
vt 0.860620 -2.919101 0.000000
vt 0.549905 -3.303440 0.000000
vt 0.845089 -2.963487 0.000000
vt 0.839823 -3.010216 0.000000
vt 0.845089 -3.056946 0.000000
vt 0.860620 -3.101332 0.000000
vt 0.885639 -3.141149 0.000000
vt 0.918891 -3.174401 0.000000
vt 0.958708 -3.199420 0.000000
vt 1.003094 -3.214951 0.000000
vt 1.049823 -3.220216 0.000000
vt 1.850000 -3.750000 0.000000
vt 1.096553 -3.214951 0.000000
vt 1.140939 -3.199420 0.000000
vt 1.180756 -3.174401 0.000000
vt 1.214008 -3.141149 0.000000
vt 1.239027 -3.101332 0.000000
vt 1.254558 -3.056946 0.000000
vt 1.259823 -3.010216 0.000000
vt 1.503393 3.003132 0.000000
vt 1.547779 0.597070 0.000000
vt 1.547779 3.018663 0.000000
vt 1.587597 0.572052 0.000000
vt 1.251929 0.361138 0.000000
vt -1.154735 -3.056769 0.000000
vt -1.160000 -3.010040 0.000000
vt -1.850000 -3.750000 0.000000
vt -1.154735 -2.963311 0.000000
vt -1.154735 -2.056769 0.000000
vt -1.160000 -2.010040 0.000000
vt -1.139203 -2.918924 0.000000
vt -1.139203 -2.101155 0.000000
vt -1.114185 -2.879107 0.000000
vt -1.114185 -2.140973 0.000000
vt -1.080933 -2.845855 0.000000
vt -1.080933 -2.174225 0.000000
vt -1.041116 -2.820836 0.000000
vt -1.041116 -2.199243 0.000000
vt -0.996729 -2.214775 0.000000
vt -0.996729 -2.805305 0.000000
vt -0.950000 -2.220040 0.000000
vt -0.950000 -2.800040 0.000000
vt -0.903271 -2.805305 0.000000
vt -0.903271 -2.214775 0.000000
vt -0.858884 -2.820836 0.000000
vt -0.858884 -2.199243 0.000000
vt -0.819067 -2.845855 0.000000
vt -0.819067 -2.174225 0.000000
vt -0.785815 -2.879107 0.000000
vt -0.785815 -2.140973 0.000000
vt -0.760797 -2.101155 0.000000
vt -0.760797 -2.918924 0.000000
vt -0.450044 -3.303440 0.000000
vt -0.745265 -2.963311 0.000000
vt -0.740000 -3.010040 0.000000
vt -0.745265 -3.056769 0.000000
vt -0.760797 -3.101155 0.000000
vt -0.785815 -3.140973 0.000000
vt -0.819067 -3.174225 0.000000
vt -0.858884 -3.199243 0.000000
vt -0.903271 -3.214775 0.000000
vt -0.950000 -3.220040 0.000000
vt -0.996729 -3.214775 0.000000
vt -1.041116 -3.199243 0.000000
vt -1.080933 -3.174225 0.000000
vt -1.114185 -3.140973 0.000000
vt -1.139203 -3.101155 0.000000
vt -0.819067 -1.845855 0.000000
vt -0.785815 -1.879107 0.000000
vt -0.760797 -1.918924 0.000000
vt -0.745265 -1.963311 0.000000
vt -0.740000 -2.010040 0.000000
vt -0.745265 -2.056769 0.000000
vt 1.251929 3.254596 0.000000
vt -1.138601 3.254596 0.000000
vt 1.246664 3.207867 0.000000
vt -1.133336 3.207867 0.000000
vt 1.251929 3.161138 0.000000
vt -1.138601 3.161138 0.000000
vt -1.154133 3.298982 0.000000
vt 1.267460 3.298982 0.000000
vt -1.179152 3.338800 0.000000
vt 1.292479 3.338800 0.000000
vt -1.212403 3.372052 0.000000
vt 1.325731 3.372052 0.000000
vt -1.252221 3.397070 0.000000
vt 1.365548 3.397070 0.000000
vt 1.850000 3.750000 0.000000
vt 1.409934 3.412602 0.000000
vt 1.456664 3.417867 0.000000
vt 1.503393 3.412602 0.000000
vt 1.547779 3.397070 0.000000
vt 1.587597 3.372052 0.000000
vt 1.620848 3.338800 0.000000
vt 1.645867 3.298982 0.000000
vt 1.661399 3.254596 0.000000
vt 1.666664 3.207867 0.000000
vt 1.973607 3.730423 0.000000
vt 1.912574 3.745075 0.000000
vt 1.661399 3.161138 0.000000
vt 2.085114 3.673607 0.000000
vt 2.031596 3.706403 0.000000
vt 1.645867 3.116751 0.000000
vt -1.548071 3.254596 0.000000
vt -1.850000 3.750000 0.000000
vt -1.553336 3.207867 0.000000
vt -1.912574 3.745075 0.000000
vt -1.973607 3.730423 0.000000
vt -1.532540 3.298982 0.000000
vt -1.507521 3.338800 0.000000
vt -1.474269 3.372052 0.000000
vt -1.434452 3.397070 0.000000
vt -1.390066 3.412602 0.000000
vt -1.343336 3.417867 0.000000
vt -1.296607 3.412602 0.000000
vt -1.532540 3.116751 0.000000
vt -1.548071 3.161138 0.000000
vt 2.245075 3.412574 0.000000
vt 2.230423 3.473607 0.000000
vt 2.206403 3.531596 0.000000
vt 2.173607 3.585114 0.000000
vt 2.132843 3.632843 0.000000
vt -2.031596 3.706403 0.000000
vt -2.085114 3.673607 0.000000
vt -2.132843 3.632843 0.000000
vt -2.173607 3.585114 0.000000
vt -2.206403 3.531596 0.000000
vt -2.230423 3.473607 0.000000
vt -2.245075 3.412574 0.000000
vt -2.245075 -3.412574 0.000000
vt -2.230423 -3.473607 0.000000
vt -2.206403 -3.531596 0.000000
vt -2.173607 -3.585114 0.000000
vt -2.132843 -3.632843 0.000000
vt -2.085114 -3.673607 0.000000
vt -2.031596 -3.706403 0.000000
vt -1.973607 -3.730423 0.000000
vt -1.912574 -3.745075 0.000000
vt 1.912574 -3.745075 0.000000
vt 1.973607 -3.730423 0.000000
vt 2.031596 -3.706403 0.000000
vt 2.085114 -3.673607 0.000000
vt 2.132843 -3.632843 0.000000
vt 2.173607 -3.585114 0.000000
vt 2.206403 -3.531596 0.000000
vt 2.230423 -3.473607 0.000000
vt 2.245075 -3.412574 0.000000
vt 0.400000 0.000000 0.000000
vt 4.100000 0.000000 0.000000
vt 0.400000 0.300000 0.000000
vt 4.100000 0.300000 0.000000
vt -0.000000 0.314159 0.000000
vt -0.300000 0.314159 0.000000
vt -0.000000 0.251327 0.000000
vt -0.300000 0.251327 0.000000
vt -0.000000 0.188496 0.000000
vt -0.300000 0.188496 0.000000
vt -0.000000 0.125664 0.000000
vt -0.300000 0.125664 0.000000
vt -0.000000 0.062832 0.000000
vt -0.300000 0.062832 0.000000
vt -0.000000 -0.000000 0.000000
vt -0.300000 -0.000000 0.000000
vt -0.000000 -0.062832 0.000000
vt -0.300000 -0.062832 0.000000
vt -0.000000 -0.125664 0.000000
vt -0.300000 -0.125664 0.000000
vt -0.000000 -0.188496 0.000000
vt -0.300000 -0.188496 0.000000
vt -0.000000 -0.251327 0.000000
vt -0.300000 -0.251327 0.000000
vt -0.000000 -0.314159 0.000000
vt -0.300000 -0.314159 0.000000
vt -0.000000 0.314159 0.000000
vt -0.300000 0.314159 0.000000
vt -0.000000 0.251327 0.000000
vt -0.300000 0.251327 0.000000
vt -0.000000 0.188496 0.000000
vt -0.300000 0.188496 0.000000
vt -0.000000 0.125664 0.000000
vt -0.300000 0.125664 0.000000
vt -0.000000 0.062832 0.000000
vt -0.300000 0.062832 0.000000
vt -0.000000 -0.000000 0.000000
vt -0.300000 -0.000000 0.000000
vt -0.000000 -0.062832 0.000000
vt -0.300000 -0.062832 0.000000
vt -0.000000 -0.125664 0.000000
vt -0.300000 -0.125664 0.000000
vt -0.000000 -0.188496 0.000000
vt -0.300000 -0.188496 0.000000
vt -0.000000 -0.251327 0.000000
vt -0.300000 -0.251327 0.000000
vt -0.000000 -0.314159 0.000000
vt -0.300000 -0.314159 0.000000
vt 0.400000 -0.000000 0.000000
vt 4.100000 -0.000000 0.000000
vt 0.400000 0.300000 0.000000
vt 4.100000 0.300000 0.000000
vt -0.000000 0.314159 0.000000
vt -0.300000 0.314159 0.000000
vt -0.000000 0.251327 0.000000
vt -0.300000 0.251327 0.000000
vt -0.000000 0.188496 0.000000
vt -0.300000 0.188496 0.000000
vt -0.000000 0.125664 0.000000
vt -0.300000 0.125664 0.000000
vt -0.000000 0.062832 0.000000
vt -0.300000 0.062832 0.000000
vt -0.000000 -0.000000 0.000000
vt -0.300000 -0.000000 0.000000
vt -0.000000 -0.062832 0.000000
vt -0.300000 -0.062832 0.000000
vt -0.000000 -0.125664 0.000000
vt -0.300000 -0.125664 0.000000
vt -0.000000 -0.188496 0.000000
vt -0.300000 -0.188496 0.000000
vt -0.000000 -0.251327 0.000000
vt -0.300000 -0.251327 0.000000
vt -0.000000 -0.314159 0.000000
vt -0.300000 -0.314159 0.000000
vt -0.000000 -0.999948 0.000000
vt 0.300000 -0.999948 0.000000
vt -0.000000 0.000000 0.000000
vt 0.300000 0.000000 0.000000
vt -0.000000 0.999948 0.000000
vt -0.300000 0.999948 0.000000
vt -0.000000 0.000000 0.000000
vt -0.300000 0.000000 0.000000
vt -0.500000 -0.000000 0.000000
vt 1.100000 0.000000 0.000000
vt -0.500000 0.300000 0.000000
vt 1.100000 0.300000 0.000000
vt -0.500000 0.000000 0.000000
vt 1.100000 -0.000000 0.000000
vt -0.500000 0.300000 0.000000
vt 1.100000 0.300000 0.000000
vt 0.300000 -0.612611 0.000000
vt 0.000000 -0.612611 0.000000
vt 0.300000 -0.659734 0.000000
vt 0.000000 -0.659734 0.000000
vt 0.300000 0.659734 0.000000
vt 0.000000 0.659734 0.000000
vt 0.300000 0.612611 0.000000
vt 0.000000 0.612611 0.000000
vt 0.300000 0.565487 0.000000
vt -0.000000 0.565487 0.000000
vt 0.300000 0.518363 0.000000
vt -0.000000 0.518363 0.000000
vt 0.300000 0.471239 0.000000
vt -0.000000 0.471239 0.000000
vt 0.300000 0.424115 0.000000
vt 0.000000 0.424115 0.000000
vt 0.300000 0.376991 0.000000
vt -0.000000 0.376991 0.000000
vt 0.300000 0.329867 0.000000
vt -0.000000 0.329867 0.000000
vt 0.300000 0.282743 0.000000
vt -0.000000 0.282743 0.000000
vt 0.300000 0.235619 0.000000
vt 0.000000 0.235619 0.000000
vt 0.300000 0.188496 0.000000
vt -0.000000 0.188496 0.000000
vt 0.300000 0.141372 0.000000
vt -0.000000 0.141372 0.000000
vt 0.300000 0.094248 0.000000
vt -0.000000 0.094248 0.000000
vt 0.300000 0.047124 0.000000
vt 0.000000 0.047124 0.000000
vt 0.300000 -0.000000 0.000000
vt 0.000000 -0.000000 0.000000
vt 0.300000 -0.047124 0.000000
vt 0.000000 -0.047124 0.000000
vt 0.300000 -0.094248 0.000000
vt -0.000000 -0.094248 0.000000
vt 0.300000 -0.141372 0.000000
vt -0.000000 -0.141372 0.000000
vt 0.300000 -0.188496 0.000000
vt -0.000000 -0.188496 0.000000
vt 0.300000 -0.235619 0.000000
vt 0.000000 -0.235619 0.000000
vt 0.300000 -0.282743 0.000000
vt -0.000000 -0.282743 0.000000
vt 0.300000 -0.329867 0.000000
vt -0.000000 -0.329867 0.000000
vt 0.300000 -0.376991 0.000000
vt -0.000000 -0.376991 0.000000
vt 0.300000 -0.424115 0.000000
vt 0.000000 -0.424115 0.000000
vt 0.300000 -0.471239 0.000000
vt -0.000000 -0.471239 0.000000
vt 0.300000 -0.518363 0.000000
vt -0.000000 -0.518363 0.000000
vt 0.300000 -0.565487 0.000000
vt -0.000000 -0.565487 0.000000
vt 0.300000 -0.612611 0.000000
vt 0.000000 -0.612611 0.000000
vt 0.300000 -0.659734 0.000000
vt 0.000000 -0.659734 0.000000
vt 0.300000 0.659734 0.000000
vt 0.000000 0.659734 0.000000
vt 0.300000 0.612611 0.000000
vt 0.000000 0.612611 0.000000
vt 0.300000 0.565487 0.000000
vt -0.000000 0.565487 0.000000
vt 0.300000 0.518363 0.000000
vt -0.000000 0.518363 0.000000
vt 0.300000 0.471239 0.000000
vt -0.000000 0.471239 0.000000
vt 0.300000 0.424115 0.000000
vt 0.000000 0.424115 0.000000
vt 0.300000 0.376991 0.000000
vt -0.000000 0.376991 0.000000
vt 0.300000 0.329867 0.000000
vt -0.000000 0.329867 0.000000
vt 0.300000 0.282743 0.000000
vt -0.000000 0.282743 0.000000
vt 0.300000 0.235619 0.000000
vt 0.000000 0.235619 0.000000
vt 0.300000 0.188496 0.000000
vt -0.000000 0.188496 0.000000
vt 0.300000 0.141372 0.000000
vt -0.000000 0.141372 0.000000
vt 0.300000 0.094248 0.000000
vt -0.000000 0.094248 0.000000
vt 0.300000 0.047124 0.000000
vt 0.000000 0.047124 0.000000
vt 0.300000 -0.000000 0.000000
vt 0.000000 -0.000000 0.000000
vt 0.300000 -0.047124 0.000000
vt 0.000000 -0.047124 0.000000
vt 0.300000 -0.094248 0.000000
vt -0.000000 -0.094248 0.000000
vt 0.300000 -0.141372 0.000000
vt -0.000000 -0.141372 0.000000
vt 0.300000 -0.188496 0.000000
vt -0.000000 -0.188496 0.000000
vt 0.300000 -0.235619 0.000000
vt 0.000000 -0.235619 0.000000
vt 0.300000 -0.282743 0.000000
vt -0.000000 -0.282743 0.000000
vt 0.300000 -0.329867 0.000000
vt -0.000000 -0.329867 0.000000
vt 0.300000 -0.376991 0.000000
vt -0.000000 -0.376991 0.000000
vt 0.300000 -0.424115 0.000000
vt 0.000000 -0.424115 0.000000
vt 0.300000 -0.471239 0.000000
vt -0.000000 -0.471239 0.000000
vt 0.300000 -0.518363 0.000000
vt -0.000000 -0.518363 0.000000
vt 0.300000 -0.565487 0.000000
vt -0.000000 -0.565487 0.000000
vt 0.300000 -0.612611 0.000000
vt -0.000000 -0.612611 0.000000
vt 0.300000 -0.659734 0.000000
vt 0.000000 -0.659734 0.000000
vt 0.300000 0.659734 0.000000
vt 0.000000 0.659734 0.000000
vt 0.300000 0.612611 0.000000
vt -0.000000 0.612611 0.000000
vt 0.300000 0.565487 0.000000
vt -0.000000 0.565487 0.000000
vt 0.300000 0.518363 0.000000
vt -0.000000 0.518363 0.000000
vt 0.300000 0.471239 0.000000
vt 0.000000 0.471239 0.000000
vt 0.300000 0.424115 0.000000
vt -0.000000 0.424115 0.000000
vt 0.300000 0.376991 0.000000
vt -0.000000 0.376991 0.000000
vt 0.300000 0.329867 0.000000
vt -0.000000 0.329867 0.000000
vt 0.300000 0.282743 0.000000
vt -0.000000 0.282743 0.000000
vt 0.300000 0.235619 0.000000
vt -0.000000 0.235619 0.000000
vt 0.300000 0.188496 0.000000
vt 0.000000 0.188496 0.000000
vt 0.300000 0.141372 0.000000
vt -0.000000 0.141372 0.000000
vt 0.300000 0.094248 0.000000
vt -0.000000 0.094248 0.000000
vt 0.300000 0.047124 0.000000
vt -0.000000 0.047124 0.000000
vt 0.300000 -0.000000 0.000000
vt 0.000000 -0.000000 0.000000
vt 0.300000 -0.047124 0.000000
vt -0.000000 -0.047124 0.000000
vt 0.300000 -0.094248 0.000000
vt -0.000000 -0.094248 0.000000
vt 0.300000 -0.141372 0.000000
vt -0.000000 -0.141372 0.000000
vt 0.300000 -0.188496 0.000000
vt 0.000000 -0.188496 0.000000
vt 0.300000 -0.235619 0.000000
vt -0.000000 -0.235619 0.000000
vt 0.300000 -0.282743 0.000000
vt -0.000000 -0.282743 0.000000
vt 0.300000 -0.329867 0.000000
vt -0.000000 -0.329867 0.000000
vt 0.300000 -0.376991 0.000000
vt -0.000000 -0.376991 0.000000
vt 0.300000 -0.424115 0.000000
vt -0.000000 -0.424115 0.000000
vt 0.300000 -0.471239 0.000000
vt 0.000000 -0.471239 0.000000
vt 0.300000 -0.518363 0.000000
vt -0.000000 -0.518363 0.000000
vt 0.300000 -0.565487 0.000000
vt -0.000000 -0.565487 0.000000
vt 0.300000 -0.612611 0.000000
vt -0.000000 -0.612611 0.000000
vt 0.300000 -0.659734 0.000000
vt 0.000000 -0.659734 0.000000
vt 0.300000 0.659734 0.000000
vt 0.000000 0.659734 0.000000
vt 0.300000 0.612611 0.000000
vt -0.000000 0.612611 0.000000
vt 0.300000 0.565487 0.000000
vt -0.000000 0.565487 0.000000
vt 0.300000 0.518363 0.000000
vt -0.000000 0.518363 0.000000
vt 0.300000 0.471239 0.000000
vt -0.000000 0.471239 0.000000
vt 0.300000 0.424115 0.000000
vt 0.000000 0.424115 0.000000
vt 0.300000 0.376991 0.000000
vt -0.000000 0.376991 0.000000
vt 0.300000 0.329867 0.000000
vt -0.000000 0.329867 0.000000
vt 0.300000 0.282743 0.000000
vt -0.000000 0.282743 0.000000
vt 0.300000 0.235619 0.000000
vt 0.000000 0.235619 0.000000
vt 0.300000 0.188496 0.000000
vt -0.000000 0.188496 0.000000
vt 0.300000 0.141372 0.000000
vt -0.000000 0.141372 0.000000
vt 0.300000 0.094248 0.000000
vt -0.000000 0.094248 0.000000
vt 0.300000 0.047124 0.000000
vt -0.000000 0.047124 0.000000
vt 0.300000 -0.000000 0.000000
vt 0.000000 -0.000000 0.000000
vt 0.300000 -0.047124 0.000000
vt -0.000000 -0.047124 0.000000
vt 0.300000 -0.094248 0.000000
vt -0.000000 -0.094248 0.000000
vt 0.300000 -0.141372 0.000000
vt -0.000000 -0.141372 0.000000
vt 0.300000 -0.188496 0.000000
vt -0.000000 -0.188496 0.000000
vt 0.300000 -0.235619 0.000000
vt 0.000000 -0.235619 0.000000
vt 0.300000 -0.282743 0.000000
vt -0.000000 -0.282743 0.000000
vt 0.300000 -0.329867 0.000000
vt -0.000000 -0.329867 0.000000
vt 0.300000 -0.376991 0.000000
vt -0.000000 -0.376991 0.000000
vt 0.300000 -0.424115 0.000000
vt 0.000000 -0.424115 0.000000
vt 0.300000 -0.471239 0.000000
vt -0.000000 -0.471239 0.000000
vt 0.300000 -0.518363 0.000000
vt -0.000000 -0.518363 0.000000
vt 0.300000 -0.565487 0.000000
vt -0.000000 -0.565487 0.000000
vt 0.300000 -0.612611 0.000000
vt -0.000000 -0.612611 0.000000
vt 0.300000 -0.659734 0.000000
vt 0.000000 -0.659734 0.000000
vt 0.300000 0.659734 0.000000
vt 0.000000 0.659734 0.000000
vt 0.300000 0.612611 0.000000
vt -0.000000 0.612611 0.000000
vt 0.300000 0.565487 0.000000
vt -0.000000 0.565487 0.000000
vt 0.300000 0.518363 0.000000
vt -0.000000 0.518363 0.000000
vt 0.300000 0.471239 0.000000
vt 0.000000 0.471239 0.000000
vt 0.300000 0.424115 0.000000
vt -0.000000 0.424115 0.000000
vt 0.300000 0.376991 0.000000
vt -0.000000 0.376991 0.000000
vt 0.300000 0.329867 0.000000
vt -0.000000 0.329867 0.000000
vt 0.300000 0.282743 0.000000
vt -0.000000 0.282743 0.000000
vt 0.300000 0.235619 0.000000
vt -0.000000 0.235619 0.000000
vt 0.300000 0.188496 0.000000
vt 0.000000 0.188496 0.000000
vt 0.300000 0.141372 0.000000
vt -0.000000 0.141372 0.000000
vt 0.300000 0.094248 0.000000
vt -0.000000 0.094248 0.000000
vt 0.300000 0.047124 0.000000
vt -0.000000 0.047124 0.000000
vt 0.300000 -0.000000 0.000000
vt 0.000000 -0.000000 0.000000
vt 0.300000 -0.047124 0.000000
vt -0.000000 -0.047124 0.000000
vt 0.300000 -0.094248 0.000000
vt -0.000000 -0.094248 0.000000
vt 0.300000 -0.141372 0.000000
vt -0.000000 -0.141372 0.000000
vt 0.300000 -0.188496 0.000000
vt 0.000000 -0.188496 0.000000
vt 0.300000 -0.235619 0.000000
vt -0.000000 -0.235619 0.000000
vt 0.300000 -0.282743 0.000000
vt -0.000000 -0.282743 0.000000
vt 0.300000 -0.329867 0.000000
vt -0.000000 -0.329867 0.000000
vt 0.300000 -0.376991 0.000000
vt -0.000000 -0.376991 0.000000
vt 0.300000 -0.424115 0.000000
vt -0.000000 -0.424115 0.000000
vt 0.300000 -0.471239 0.000000
vt 0.000000 -0.471239 0.000000
vt 0.300000 -0.518363 0.000000
vt -0.000000 -0.518363 0.000000
vt 0.300000 -0.565487 0.000000
vt -0.000000 -0.565487 0.000000
vt 0.300000 -0.612611 0.000000
vt -0.000000 -0.612611 0.000000
vt 0.300000 -0.659734 0.000000
vt 0.000000 -0.659734 0.000000
vt 0.300000 0.659734 0.000000
vt 0.000000 0.659734 0.000000
vt 0.300000 0.612611 0.000000
vt -0.000000 0.612611 0.000000
vt 0.300000 0.565487 0.000000
vt -0.000000 0.565487 0.000000
vt 0.300000 0.518363 0.000000
vt -0.000000 0.518363 0.000000
vt 0.300000 0.471239 0.000000
vt 0.000000 0.471239 0.000000
vt 0.300000 0.424115 0.000000
vt -0.000000 0.424115 0.000000
vt 0.300000 0.376991 0.000000
vt -0.000000 0.376991 0.000000
vt 0.300000 0.329867 0.000000
vt -0.000000 0.329867 0.000000
vt 0.300000 0.282743 0.000000
vt -0.000000 0.282743 0.000000
vt 0.300000 0.235619 0.000000
vt -0.000000 0.235619 0.000000
vt 0.300000 0.188496 0.000000
vt 0.000000 0.188496 0.000000
vt 0.300000 0.141372 0.000000
vt -0.000000 0.141372 0.000000
vt 0.300000 0.094248 0.000000
vt -0.000000 0.094248 0.000000
vt 0.300000 0.047124 0.000000
vt -0.000000 0.047124 0.000000
vt 0.300000 -0.000000 0.000000
vt 0.000000 -0.000000 0.000000
vt 0.300000 -0.047124 0.000000
vt -0.000000 -0.047124 0.000000
vt 0.300000 -0.094248 0.000000
vt -0.000000 -0.094248 0.000000
vt 0.300000 -0.141372 0.000000
vt -0.000000 -0.141372 0.000000
vt 0.300000 -0.188496 0.000000
vt 0.000000 -0.188496 0.000000
vt 0.300000 -0.235619 0.000000
vt -0.000000 -0.235619 0.000000
vt 0.300000 -0.282743 0.000000
vt -0.000000 -0.282743 0.000000
vt 0.300000 -0.329867 0.000000
vt -0.000000 -0.329867 0.000000
vt 0.300000 -0.376991 0.000000
vt -0.000000 -0.376991 0.000000
vt 0.300000 -0.424115 0.000000
vt -0.000000 -0.424115 0.000000
vt 0.300000 -0.471239 0.000000
vt 0.000000 -0.471239 0.000000
vt 0.300000 -0.518363 0.000000
vt -0.000000 -0.518363 0.000000
vt 0.300000 -0.565487 0.000000
vt -0.000000 -0.565487 0.000000
vt 0.300000 -0.612611 0.000000
vt -0.000000 -0.612611 0.000000
vt 0.300000 -0.659734 0.000000
vt 0.000000 -0.659734 0.000000
vt 0.300000 0.659734 0.000000
vt 0.000000 0.659734 0.000000
vt 0.300000 0.612611 0.000000
vt -0.000000 0.612611 0.000000
vt 0.300000 0.565487 0.000000
vt -0.000000 0.565487 0.000000
vt 0.300000 0.518363 0.000000
vt -0.000000 0.518363 0.000000
vt 0.300000 0.471239 0.000000
vt -0.000000 0.471239 0.000000
vt 0.300000 0.424115 0.000000
vt 0.000000 0.424115 0.000000
vt 0.300000 0.376991 0.000000
vt -0.000000 0.376991 0.000000
vt 0.300000 0.329867 0.000000
vt -0.000000 0.329867 0.000000
vt 0.300000 0.282743 0.000000
vt -0.000000 0.282743 0.000000
vt 0.300000 0.235619 0.000000
vt 0.000000 0.235619 0.000000
vt 0.300000 0.188496 0.000000
vt -0.000000 0.188496 0.000000
vt 0.300000 0.141372 0.000000
vt -0.000000 0.141372 0.000000
vt 0.300000 0.094248 0.000000
vt -0.000000 0.094248 0.000000
vt 0.300000 0.047124 0.000000
vt -0.000000 0.047124 0.000000
vt 0.300000 -0.000000 0.000000
vt 0.000000 -0.000000 0.000000
vt 0.300000 -0.047124 0.000000
vt -0.000000 -0.047124 0.000000
vt 0.300000 -0.094248 0.000000
vt -0.000000 -0.094248 0.000000
vt 0.300000 -0.141372 0.000000
vt -0.000000 -0.141372 0.000000
vt 0.300000 -0.188496 0.000000
vt -0.000000 -0.188496 0.000000
vt 0.300000 -0.235619 0.000000
vt 0.000000 -0.235619 0.000000
vt 0.300000 -0.282743 0.000000
vt -0.000000 -0.282743 0.000000
vt 0.300000 -0.329867 0.000000
vt -0.000000 -0.329867 0.000000
vt 0.300000 -0.376991 0.000000
vt -0.000000 -0.376991 0.000000
vt 0.300000 -0.424115 0.000000
vt 0.000000 -0.424115 0.000000
vt 0.300000 -0.471239 0.000000
vt -0.000000 -0.471239 0.000000
vt 0.300000 -0.518363 0.000000
vt -0.000000 -0.518363 0.000000
vt 0.300000 -0.565487 0.000000
vt -0.000000 -0.565487 0.000000
vt 0.300000 -0.612611 0.000000
vt -0.000000 -0.612611 0.000000
vt 0.300000 -0.659734 0.000000
vt 0.000000 -0.659734 0.000000
vt 0.300000 0.659734 0.000000
vt 0.000000 0.659734 0.000000
vt 0.300000 0.612611 0.000000
vt -0.000000 0.612611 0.000000
vt 0.300000 0.565487 0.000000
vt -0.000000 0.565487 0.000000
vt 0.300000 0.518363 0.000000
vt -0.000000 0.518363 0.000000
vt 0.300000 0.471239 0.000000
vt 0.000000 0.471239 0.000000
vt 0.300000 0.424115 0.000000
vt -0.000000 0.424115 0.000000
vt 0.300000 0.376991 0.000000
vt -0.000000 0.376991 0.000000
vt 0.300000 0.329867 0.000000
vt -0.000000 0.329867 0.000000
vt 0.300000 0.282743 0.000000
vt -0.000000 0.282743 0.000000
vt 0.300000 0.235619 0.000000
vt -0.000000 0.235619 0.000000
vt 0.300000 0.188496 0.000000
vt 0.000000 0.188496 0.000000
vt 0.300000 0.141372 0.000000
vt -0.000000 0.141372 0.000000
vt 0.300000 0.094248 0.000000
vt -0.000000 0.094248 0.000000
vt 0.300000 0.047124 0.000000
vt -0.000000 0.047124 0.000000
vt 0.300000 -0.000000 0.000000
vt 0.000000 -0.000000 0.000000
vt 0.300000 -0.047124 0.000000
vt -0.000000 -0.047124 0.000000
vt 0.300000 -0.094248 0.000000
vt -0.000000 -0.094248 0.000000
vt 0.300000 -0.141372 0.000000
vt -0.000000 -0.141372 0.000000
vt 0.300000 -0.188496 0.000000
vt 0.000000 -0.188496 0.000000
vt 0.300000 -0.235619 0.000000
vt -0.000000 -0.235619 0.000000
vt 0.300000 -0.282743 0.000000
vt -0.000000 -0.282743 0.000000
vt 0.300000 -0.329867 0.000000
vt -0.000000 -0.329867 0.000000
vt 0.300000 -0.376991 0.000000
vt -0.000000 -0.376991 0.000000
vt 0.300000 -0.424115 0.000000
vt -0.000000 -0.424115 0.000000
vt 0.300000 -0.471239 0.000000
vt 0.000000 -0.471239 0.000000
vt 0.300000 -0.518363 0.000000
vt -0.000000 -0.518363 0.000000
vt 0.300000 -0.565487 0.000000
vt -0.000000 -0.565487 0.000000
vt 0.400000 0.000000 0.000000
vt 7.100000 0.000000 0.000000
vt 0.400000 0.300000 0.000000
vt 7.100000 0.300000 0.000000
vt 7.100000 0.300000 0.000000
vt 0.400000 0.300000 0.000000
vt 7.100000 -0.000000 0.000000
vt 0.400000 -0.000000 0.000000
vt -1.912574 3.745075 0.000000
vt -1.661399 3.254596 0.000000
vt -1.850000 3.750000 0.000000
vt -1.645867 3.298982 0.000000
vt -1.620848 3.338800 0.000000
vt -1.973607 3.730423 0.000000
vt -1.666664 3.207867 0.000000
vt -2.031596 3.706403 0.000000
vt -2.085114 3.673607 0.000000
vt -2.250000 3.350000 0.000000
vt -2.132843 3.632843 0.000000
vt -2.173607 3.585114 0.000000
vt -2.206403 3.531596 0.000000
vt -2.230423 3.473607 0.000000
vt -2.245075 3.412574 0.000000
vt -2.250000 -3.350000 0.000000
vt -1.666664 0.407867 0.000000
vt -1.661399 0.454596 0.000000
vt -1.645867 0.498982 0.000000
vt -2.245075 -3.412574 0.000000
vt -2.230423 -3.473607 0.000000
vt -2.206403 -3.531596 0.000000
vt -2.173607 -3.585114 0.000000
vt -2.132843 -3.632843 0.000000
vt -2.085114 -3.673607 0.000000
vt -2.031596 -3.706403 0.000000
vt -1.973607 -3.730423 0.000000
vt -1.912574 -3.745075 0.000000
vt -1.850000 -3.750000 0.000000
vt 1.850000 -3.750000 0.000000
vt 0.450044 -3.303440 0.000000
vt -0.549905 -3.303440 0.000000
vt -1.049823 -3.220216 0.000000
vt -1.003094 -3.214951 0.000000
vt -0.958708 -3.199420 0.000000
vt -0.918891 -3.174401 0.000000
vt -0.885639 -3.141149 0.000000
vt -0.860620 -3.101332 0.000000
vt -0.845089 -3.056946 0.000000
vt -0.839823 -3.010216 0.000000
vt -0.845089 -2.963487 0.000000
vt -0.860620 -2.919101 0.000000
vt -0.860797 -2.101332 0.000000
vt -0.885639 -2.879284 0.000000
vt -0.885815 -2.141149 0.000000
vt -0.918891 -2.846032 0.000000
vt -0.919067 -2.174401 0.000000
vt -0.958708 -2.821013 0.000000
vt -0.958884 -2.199420 0.000000
vt -1.003094 -2.805482 0.000000
vt -1.003271 -2.214951 0.000000
vt -1.049823 -2.800216 0.000000
vt -1.050000 -2.220216 0.000000
vt -1.096553 -2.805482 0.000000
vt -1.096729 -2.214951 0.000000
vt -1.140939 -2.821013 0.000000
vt -1.141116 -2.199420 0.000000
vt -1.180756 -2.846032 0.000000
vt -1.180933 -2.174401 0.000000
vt -1.214008 -2.879284 0.000000
vt -1.214185 -2.141149 0.000000
vt -1.239027 -2.919101 0.000000
vt -1.239203 -2.101332 0.000000
vt -1.254558 -2.963487 0.000000
vt -1.254735 -2.056946 0.000000
vt -1.260000 -2.010216 0.000000
vt -1.254735 -1.963487 0.000000
vt 1.912574 -3.745075 0.000000
vt 2.250000 -3.350000 0.000000
vt 1.154735 -2.963311 0.000000
vt 1.160000 -3.010040 0.000000
vt 1.973607 -3.730423 0.000000
vt 2.031596 -3.706403 0.000000
vt 2.085114 -3.673607 0.000000
vt 2.132843 -3.632843 0.000000
vt 2.173607 -3.585114 0.000000
vt 2.206403 -3.531596 0.000000
vt 2.230423 -3.473607 0.000000
vt 2.245075 -3.412574 0.000000
vt 2.250000 3.350000 0.000000
vt 1.553336 0.407867 0.000000
vt 1.548071 0.361138 0.000000
vt 1.532540 0.316751 0.000000
vt 2.245075 3.412574 0.000000
vt 2.230423 3.473607 0.000000
vt 2.206403 3.531596 0.000000
vt 2.173607 3.585114 0.000000
vt 2.132843 3.632843 0.000000
vt 2.085114 3.673607 0.000000
vt 2.031596 3.706403 0.000000
vt 1.973607 3.730423 0.000000
vt 1.553336 3.207867 0.000000
vt 1.548071 3.161138 0.000000
vt 1.912574 3.745075 0.000000
vt 1.850000 3.750000 0.000000
vt 1.548071 3.254596 0.000000
vt 1.532540 3.298982 0.000000
vt 1.507521 3.338800 0.000000
vt 1.474269 3.372052 0.000000
vt 1.434452 3.397070 0.000000
vt 1.390066 3.412602 0.000000
vt 1.343336 3.417867 0.000000
vt 1.296607 3.412602 0.000000
vt 1.252221 3.397070 0.000000
vt -1.365548 3.397070 0.000000
vt -1.409934 3.412602 0.000000
vt -1.456664 3.417867 0.000000
vt -1.503393 3.412602 0.000000
vt -1.547779 3.397070 0.000000
vt -1.587597 3.372052 0.000000
vt 0.760797 -2.101155 0.000000
vt 0.450044 -1.703440 0.000000
vt 0.745265 -2.056769 0.000000
vt 0.740000 -2.010040 0.000000
vt -0.549905 -1.703440 0.000000
vt -0.845265 -2.056946 0.000000
vt -0.840000 -2.010216 0.000000
vt -0.845265 -1.963487 0.000000
vt -0.860797 -1.919101 0.000000
vt -0.885815 -1.879284 0.000000
vt -0.919067 -1.846032 0.000000
vt -0.958884 -1.821013 0.000000
vt -1.003271 -1.805482 0.000000
vt -1.292479 0.276934 0.000000
vt -1.325731 0.243682 0.000000
vt 1.133336 0.407867 0.000000
vt -1.246664 0.407867 0.000000
vt -1.251929 0.361138 0.000000
vt 1.507521 0.276934 0.000000
vt 1.154735 -1.963311 0.000000
vt 1.160000 -2.010040 0.000000
vt 1.474269 0.243682 0.000000
vt 1.139203 -1.918924 0.000000
vt 1.434452 0.218663 0.000000
vt 1.114185 -1.879107 0.000000
vt 1.390066 0.203132 0.000000
vt 1.080933 -1.845855 0.000000
vt 1.343336 0.197867 0.000000
vt 1.041116 -1.820836 0.000000
vt 1.296607 0.203132 0.000000
vt 1.252221 0.218663 0.000000
vt 1.212403 0.243682 0.000000
vt 0.950000 -1.800040 0.000000
vt 0.996729 -1.805305 0.000000
vt 0.903271 -1.805305 0.000000
vt 1.179152 0.276934 0.000000
vt 1.154133 0.316751 0.000000
vt 1.138601 0.361138 0.000000
vt -1.251929 0.454596 0.000000
vt 1.138601 0.454596 0.000000
vt -1.267460 0.498982 0.000000
vt 1.154133 0.498982 0.000000
vt -1.267460 3.116751 0.000000
vt 1.154133 3.116751 0.000000
vt -1.251929 3.161138 0.000000
vt 1.138601 3.161138 0.000000
vt -1.246664 3.207867 0.000000
vt 1.133336 3.207867 0.000000
vt -1.251929 3.254596 0.000000
vt 1.138601 3.254596 0.000000
vt -1.267460 3.298982 0.000000
vt 1.154133 3.298982 0.000000
vt -1.292479 3.338800 0.000000
vt 1.179152 3.338800 0.000000
vt -1.325731 3.372052 0.000000
vt 1.212403 3.372052 0.000000
vt 1.179152 3.076934 0.000000
vt 1.179152 0.538800 0.000000
vt 1.212403 3.043682 0.000000
vt 1.212403 0.572052 0.000000
vt 1.252221 3.018663 0.000000
vt 1.252221 0.597070 0.000000
vt 1.296607 3.003132 0.000000
vt 1.296607 0.612602 0.000000
vt 1.343336 2.997867 0.000000
vt 1.343336 0.617867 0.000000
vt 1.390066 0.612602 0.000000
vt 1.390066 3.003132 0.000000
vt 1.434452 0.597070 0.000000
vt 1.434452 3.018663 0.000000
vt 1.474269 0.572052 0.000000
vt 1.474269 3.043682 0.000000
vt 1.507521 0.538800 0.000000
vt 1.507521 3.076934 0.000000
vt 1.532540 3.116751 0.000000
vt 1.532540 0.498982 0.000000
vt 1.548071 0.454596 0.000000
vt -1.239203 -1.919101 0.000000
vt -1.587597 0.243682 0.000000
vt -1.620848 0.276934 0.000000
vt -1.645867 0.316751 0.000000
vt -1.661399 0.361138 0.000000
vt -1.547779 0.218663 0.000000
vt -1.214185 -1.879284 0.000000
vt -1.503393 0.203132 0.000000
vt -1.180933 -1.846032 0.000000
vt -1.456664 0.197867 0.000000
vt -1.409934 0.203132 0.000000
vt -1.141116 -1.821013 0.000000
vt -1.365548 0.218663 0.000000
vt -1.096729 -1.805482 0.000000
vt -1.050000 -1.800216 0.000000
vt -1.267460 0.316751 0.000000
vt -1.620848 0.538800 0.000000
vt -1.620848 3.076934 0.000000
vt -1.645867 3.116751 0.000000
vt -1.587597 3.043682 0.000000
vt -1.587597 0.572052 0.000000
vt -1.547779 3.018663 0.000000
vt -1.547779 0.597070 0.000000
vt -1.503393 3.003132 0.000000
vt -1.503393 0.612602 0.000000
vt -1.456664 2.997867 0.000000
vt -1.456664 0.617867 0.000000
vt -1.409934 0.612602 0.000000
vt -1.409934 3.003132 0.000000
vt -1.365548 0.597070 0.000000
vt -1.365548 3.018663 0.000000
vt -1.325731 0.572052 0.000000
vt -1.325731 3.043682 0.000000
vt -1.292479 0.538800 0.000000
vt -1.292479 3.076934 0.000000
vt 1.154735 -3.056769 0.000000
vt 1.139203 -3.101155 0.000000
vt 1.114185 -3.140973 0.000000
vt 1.080933 -3.174225 0.000000
vt 1.041116 -3.199243 0.000000
vt 0.996729 -3.214775 0.000000
vt 0.950000 -3.220040 0.000000
vt 0.903271 -3.214775 0.000000
vt 0.858884 -3.199243 0.000000
vt 0.819067 -3.174225 0.000000
vt 0.785815 -3.140973 0.000000
vt 0.760797 -3.101155 0.000000
vt 0.745265 -3.056769 0.000000
vt 0.740000 -3.010040 0.000000
vt 0.745265 -2.963311 0.000000
vt 0.760797 -2.918924 0.000000
vt 0.785815 -2.879107 0.000000
vt 0.785815 -2.140973 0.000000
vt 0.819067 -2.174225 0.000000
vt 0.819067 -2.845855 0.000000
vt 0.858884 -2.199243 0.000000
vt 0.858884 -2.820836 0.000000
vt 0.903271 -2.214775 0.000000
vt 0.903271 -2.805305 0.000000
vt 0.950000 -2.220040 0.000000
vt 0.950000 -2.800040 0.000000
vt 0.996729 -2.805305 0.000000
vt 0.996729 -2.214775 0.000000
vt 1.041116 -2.820836 0.000000
vt 1.041116 -2.199243 0.000000
vt 1.080933 -2.174225 0.000000
vt 1.080933 -2.845855 0.000000
vt 1.114185 -2.140973 0.000000
vt 1.114185 -2.879107 0.000000
vt 1.139203 -2.101155 0.000000
vt 1.139203 -2.918924 0.000000
vt 1.154735 -2.056769 0.000000
vt 0.745265 -1.963311 0.000000
vt 0.760797 -1.918924 0.000000
vt 0.785815 -1.879107 0.000000
vt 0.819067 -1.845855 0.000000
vt 0.858884 -1.820836 0.000000
vt -1.096553 -3.214951 0.000000
vt -1.140939 -3.199420 0.000000
vt -1.180756 -3.174401 0.000000
vt -1.214008 -3.141149 0.000000
vt -1.239027 -3.101332 0.000000
vt -1.254558 -3.056946 0.000000
vt -1.259823 -3.010216 0.000000
vt -1.661399 3.161138 0.000000
vn -0.000000 -0.100000 0.000000
vn -0.000000 -0.100000 0.000000
vn -0.015643 -0.098769 0.000000
vn -0.015643 -0.098769 0.000000
vn -0.030902 -0.095106 0.000000
vn -0.030902 -0.095106 0.000000
vn -0.045399 -0.089101 0.000000
vn -0.045399 -0.089101 0.000000
vn -0.058779 -0.080902 0.000000
vn -0.058779 -0.080902 0.000000
vn -0.070711 -0.070711 0.000000
vn -0.070711 -0.070711 0.000000
vn -0.080902 -0.058779 0.000000
vn -0.080902 -0.058779 0.000000
vn -0.089101 -0.045399 0.000000
vn -0.089101 -0.045399 0.000000
vn -0.095106 -0.030902 0.000000
vn -0.095106 -0.030902 0.000000
vn -0.098769 -0.015643 0.000000
vn -0.098769 -0.015643 0.000000
vn -0.100000 -0.000000 0.000000
vn -0.100000 -0.000000 0.000000
vn 0.000000 0.000000 0.100000
vn 0.000000 0.000000 0.100000
vn 0.000000 0.000000 0.100000
vn 0.000000 0.000000 0.100000
vn 0.000000 0.000000 0.100000
vn 0.000000 0.000000 0.100000
vn 0.000000 0.000000 0.100000
vn 0.000000 0.000000 0.100000
vn 0.000000 0.000000 0.100000
vn 0.000000 0.000000 0.100000
vn 0.000000 0.000000 0.100000
vn 0.000000 0.000000 0.100000
vn 0.000000 0.000000 0.100000
vn 0.000000 0.000000 0.100000
vn 0.000000 0.000000 0.100000
vn 0.000000 0.000000 0.100000
vn 0.000000 0.000000 0.100000
vn 0.000000 0.000000 0.100000
vn 0.000000 0.000000 0.100000
vn 0.000000 0.000000 0.100000
vn 0.000000 0.000000 0.100000
vn 0.000000 0.000000 0.100000
vn 0.000000 0.000000 0.100000
vn 0.000000 0.000000 0.100000
vn 0.000000 0.000000 0.100000
vn 0.000000 0.000000 0.100000
vn 0.000000 0.000000 0.100000
vn 0.000000 0.000000 0.100000
vn 0.000000 0.000000 0.100000
vn 0.000000 0.000000 0.100000
vn 0.000000 0.000000 0.100000
vn 0.000000 0.000000 0.100000
vn 0.000000 0.000000 0.100000
vn 0.000000 0.000000 0.100000
vn 0.000000 0.000000 0.100000
vn 0.000000 0.000000 0.100000
vn 0.000000 0.000000 0.100000
vn 0.000000 0.000000 0.100000
vn 0.000000 0.000000 0.100000
vn 0.000000 0.000000 0.100000
vn 0.000000 0.000000 0.100000
vn 0.000000 0.000000 0.100000
vn 0.000000 0.000000 0.100000
vn 0.000000 0.000000 0.100000
vn 0.000000 0.000000 0.100000
vn 0.000000 0.000000 0.100000
vn 0.000000 0.000000 0.100000
vn 0.000000 0.000000 0.100000
vn 0.000000 0.000000 0.100000
vn 0.000000 0.000000 0.100000
vn 0.000000 0.000000 0.100000
vn 0.000000 0.000000 0.100000
vn 0.000000 0.000000 0.100000
vn 0.000000 0.000000 0.100000
vn 0.000000 0.000000 0.100000
vn 0.000000 0.000000 0.100000
vn 0.000000 0.000000 0.100000
vn 0.000000 0.000000 0.100000
vn 0.000000 0.000000 0.100000
vn 0.000000 0.000000 0.100000
vn 0.000000 0.000000 0.100000
vn 0.000000 0.000000 0.100000
vn 0.000000 0.000000 0.100000
vn 0.000000 0.000000 0.100000
vn 0.000000 0.000000 0.100000
vn 0.000000 0.000000 0.100000
vn 0.000000 0.000000 0.100000
vn 0.000000 0.000000 0.100000
vn 0.000000 0.000000 0.100000
vn 0.000000 0.000000 0.100000
vn 0.000000 0.000000 0.100000
vn 0.000000 0.000000 0.100000
vn 0.000000 0.000000 0.100000
vn 0.000000 0.000000 0.100000
vn 0.000000 0.000000 0.100000
vn 0.000000 0.000000 0.100000
vn 0.000000 0.000000 0.100000
vn 0.000000 0.000000 0.100000
vn 0.000000 0.000000 0.100000
vn 0.000000 0.000000 0.100000
vn 0.000000 0.000000 0.100000
vn 0.000000 0.000000 0.100000
vn 0.000000 0.000000 0.100000
vn 0.000000 0.000000 0.100000
vn 0.000000 0.000000 0.100000
vn 0.000000 0.000000 0.100000
vn 0.000000 0.000000 0.100000
vn 0.000000 0.000000 0.100000
vn 0.000000 0.000000 0.100000
vn 0.000000 0.000000 0.100000
vn 0.000000 0.000000 0.100000
vn 0.000000 0.000000 0.100000
vn 0.000000 0.000000 0.100000
vn 0.000000 0.000000 0.100000
vn 0.000000 0.000000 0.100000
vn 0.000000 0.000000 0.100000
vn 0.000000 0.000000 0.100000
vn 0.000000 0.000000 0.100000
vn 0.000000 0.000000 0.100000
vn 0.000000 0.000000 0.100000
vn 0.000000 0.000000 0.100000
vn 0.000000 0.000000 0.100000
vn 0.000000 0.000000 0.100000
vn 0.000000 0.000000 0.100000
vn 0.000000 0.000000 0.100000
vn 0.000000 0.000000 0.100000
vn 0.000000 0.000000 0.100000
vn 0.000000 0.000000 0.100000
vn 0.000000 0.000000 0.100000
vn 0.000000 0.000000 0.100000
vn 0.000000 0.000000 0.100000
vn 0.000000 0.000000 0.100000
vn 0.000000 0.000000 0.100000
vn 0.000000 0.000000 0.100000
vn 0.000000 0.000000 0.100000
vn 0.000000 0.000000 0.100000
vn 0.000000 0.000000 0.100000
vn 0.000000 0.000000 0.100000
vn 0.000000 0.000000 0.100000
vn 0.000000 0.000000 0.100000
vn 0.000000 0.000000 0.100000
vn 0.000000 0.000000 0.100000
vn 0.000000 0.000000 0.100000
vn 0.000000 0.000000 0.100000
vn 0.000000 0.000000 0.100000
vn 0.000000 0.000000 0.100000
vn 0.000000 0.000000 0.100000
vn 0.000000 0.000000 0.100000
vn 0.000000 0.000000 0.100000
vn 0.000000 0.000000 0.100000
vn 0.000000 0.000000 0.100000
vn 0.000000 0.000000 0.100000
vn 0.000000 0.000000 0.100000
vn 0.000000 0.000000 0.100000
vn 0.000000 0.000000 0.100000
vn 0.000000 0.000000 0.100000
vn 0.000000 0.000000 0.100000
vn 0.000000 0.000000 0.100000
vn 0.000000 0.000000 0.100000
vn 0.000000 0.000000 0.100000
vn 0.000000 0.000000 0.100000
vn 0.000000 0.000000 0.100000
vn 0.000000 0.000000 0.100000
vn 0.000000 0.000000 0.100000
vn 0.000000 0.000000 0.100000
vn 0.000000 0.000000 0.100000
vn 0.000000 0.000000 0.100000
vn 0.000000 0.000000 0.100000
vn 0.000000 0.000000 0.100000
vn 0.000000 0.000000 0.100000
vn 0.000000 0.000000 0.100000
vn 0.000000 0.000000 0.100000
vn 0.000000 0.000000 0.100000
vn 0.000000 0.000000 0.100000
vn 0.000000 0.000000 0.100000
vn 0.000000 0.000000 0.100000
vn 0.000000 0.000000 0.100000
vn 0.000000 0.000000 0.100000
vn 0.000000 0.000000 0.100000
vn 0.000000 0.000000 0.100000
vn 0.000000 0.000000 0.100000
vn 0.000000 0.000000 0.100000
vn 0.000000 0.000000 0.100000
vn 0.000000 0.000000 0.100000
vn 0.000000 0.000000 0.100000
vn 0.000000 0.000000 0.100000
vn 0.000000 0.000000 0.100000
vn 0.000000 0.000000 0.100000
vn 0.000000 0.000000 0.100000
vn 0.000000 0.000000 0.100000
vn 0.000000 0.000000 0.100000
vn 0.000000 0.000000 0.100000
vn 0.000000 0.000000 0.100000
vn 0.000000 0.000000 0.100000
vn 0.000000 0.000000 0.100000
vn 0.000000 0.000000 0.100000
vn 0.000000 0.000000 0.100000
vn 0.000000 0.000000 0.100000
vn 0.000000 0.000000 0.100000
vn 0.000000 0.000000 0.100000
vn 0.000000 0.000000 0.100000
vn 0.000000 0.000000 0.100000
vn 0.000000 0.000000 0.100000
vn 0.000000 0.000000 0.100000
vn 0.000000 0.000000 0.100000
vn 0.000000 0.000000 0.100000
vn 0.000000 0.000000 0.100000
vn 0.000000 0.000000 0.100000
vn 0.000000 0.000000 0.100000
vn 0.000000 0.000000 0.100000
vn 0.000000 0.000000 0.100000
vn 0.000000 0.000000 0.100000
vn 0.000000 0.000000 0.100000
vn 0.000000 0.000000 0.100000
vn 0.000000 0.000000 0.100000
vn 0.000000 0.000000 0.100000
vn 0.000000 0.000000 0.100000
vn 0.000000 0.000000 0.100000
vn 0.000000 0.000000 0.100000
vn 0.000000 0.000000 0.100000
vn 0.000000 0.000000 0.100000
vn 0.000000 0.000000 0.100000
vn 0.000000 0.000000 0.100000
vn 0.000000 0.000000 0.100000
vn 0.000000 0.000000 0.100000
vn 0.000000 0.000000 0.100000
vn 0.000000 0.000000 0.100000
vn 0.000000 0.000000 0.100000
vn 0.000000 0.000000 0.100000
vn 0.000000 0.000000 0.100000
vn 0.000000 0.000000 0.100000
vn 0.000000 0.000000 0.100000
vn 0.000000 0.000000 0.100000
vn 0.000000 0.000000 0.100000
vn 0.000000 0.000000 0.100000
vn 0.000000 0.000000 0.100000
vn 0.000000 0.000000 0.100000
vn 0.000000 0.000000 0.100000
vn 0.000000 0.000000 0.100000
vn 0.000000 0.000000 0.100000
vn 0.000000 0.000000 0.100000
vn 0.000000 0.000000 0.100000
vn 0.000000 0.000000 0.100000
vn 0.000000 0.000000 0.100000
vn 0.000000 0.000000 0.100000
vn 0.000000 0.000000 0.100000
vn 0.000000 0.000000 0.100000
vn 0.000000 0.000000 0.100000
vn 0.000000 0.000000 0.100000
vn 0.000000 0.000000 0.100000
vn 0.000000 0.000000 0.100000
vn 0.000000 0.000000 0.100000
vn 0.000000 0.000000 0.100000
vn 0.000000 0.000000 0.100000
vn 0.000000 0.000000 0.100000
vn 0.000000 0.000000 0.100000
vn 0.000000 0.000000 0.100000
vn 0.000000 0.000000 0.100000
vn 0.000000 0.000000 0.100000
vn 0.000000 0.000000 0.100000
vn 0.000000 0.000000 0.100000
vn 0.000000 0.000000 0.100000
vn 0.000000 0.000000 0.100000
vn 0.000000 0.000000 0.100000
vn 0.000000 0.000000 0.100000
vn 0.000000 0.000000 0.100000
vn 0.000000 0.000000 0.100000
vn 0.000000 0.000000 0.100000
vn 0.000000 0.000000 0.100000
vn 0.000000 0.000000 0.100000
vn 0.000000 0.000000 0.100000
vn 0.000000 0.000000 0.100000
vn 0.000000 0.000000 0.100000
vn 0.000000 0.000000 0.100000
vn 0.000000 0.000000 0.100000
vn 0.000000 0.000000 0.100000
vn 0.000000 0.000000 0.100000
vn 0.000000 0.000000 0.100000
vn 0.000000 0.000000 0.100000
vn 0.000000 0.000000 0.100000
vn 0.000000 0.000000 0.100000
vn 0.000000 0.000000 0.100000
vn 0.000000 0.000000 0.100000
vn 0.000000 0.000000 0.100000
vn 0.000000 0.000000 0.100000
vn 0.000000 0.000000 0.100000
vn 0.000000 0.000000 0.100000
vn 0.000000 0.000000 0.100000
vn 0.000000 0.000000 0.100000
vn 0.000000 0.000000 0.100000
vn 0.000000 0.000000 0.100000
vn 0.000000 0.000000 0.100000
vn 0.000000 -0.100000 0.000000
vn 0.000000 -0.100000 0.000000
vn 0.100000 -0.000000 0.000000
vn 0.100000 -0.000000 0.000000
vn 0.098769 -0.015643 0.000000
vn 0.098769 -0.015643 0.000000
vn 0.095106 -0.030902 0.000000
vn 0.095106 -0.030902 0.000000
vn 0.089101 -0.045399 0.000000
vn 0.089101 -0.045399 0.000000
vn 0.080902 -0.058779 0.000000
vn 0.080902 -0.058779 0.000000
vn 0.070711 -0.070711 0.000000
vn 0.070711 -0.070711 0.000000
vn 0.058779 -0.080902 0.000000
vn 0.058779 -0.080902 0.000000
vn 0.045399 -0.089101 0.000000
vn 0.045399 -0.089101 0.000000
vn 0.030902 -0.095106 0.000000
vn 0.030902 -0.095106 0.000000
vn 0.015643 -0.098769 0.000000
vn 0.015643 -0.098769 0.000000
vn 0.000000 0.100000 0.000000
vn 0.000000 0.100000 0.000000
vn 0.015643 0.098769 0.000000
vn 0.015643 0.098769 0.000000
vn 0.030902 0.095106 0.000000
vn 0.030902 0.095106 0.000000
vn 0.045399 0.089101 0.000000
vn 0.045399 0.089101 0.000000
vn 0.058779 0.080902 0.000000
vn 0.058779 0.080902 0.000000
vn 0.070711 0.070711 0.000000
vn 0.070711 0.070711 0.000000
vn 0.080902 0.058779 0.000000
vn 0.080902 0.058779 0.000000
vn 0.089101 0.045399 0.000000
vn 0.089101 0.045399 0.000000
vn 0.095106 0.030902 0.000000
vn 0.095106 0.030902 0.000000
vn 0.098769 0.015643 0.000000
vn 0.098769 0.015643 0.000000
vn 0.100000 0.000000 0.000000
vn 0.100000 0.000000 0.000000
vn -0.000000 0.100000 0.000000
vn -0.000000 0.100000 0.000000
vn -0.100000 0.000000 -0.000000
vn -0.100000 0.000000 -0.000000
vn -0.098769 0.015643 -0.000000
vn -0.098769 0.015643 -0.000000
vn -0.095106 0.030902 -0.000000
vn -0.095106 0.030902 -0.000000
vn -0.089101 0.045399 -0.000000
vn -0.089101 0.045399 -0.000000
vn -0.080902 0.058779 -0.000000
vn -0.080902 0.058779 -0.000000
vn -0.070711 0.070711 -0.000000
vn -0.070711 0.070711 -0.000000
vn -0.058779 0.080902 -0.000000
vn -0.058779 0.080902 -0.000000
vn -0.045399 0.089101 -0.000000
vn -0.045399 0.089101 -0.000000
vn -0.030902 0.095106 -0.000000
vn -0.030902 0.095106 -0.000000
vn -0.015643 0.098769 -0.000000
vn -0.015643 0.098769 -0.000000
vn -0.000000 0.100000 -0.000000
vn -0.000000 0.100000 -0.000000
vn -0.000000 0.100000 -0.000000
vn -0.000000 0.100000 -0.000000
vn 0.000000 -0.100000 0.000000
vn 0.000000 -0.100000 0.000000
vn 0.000000 -0.100000 0.000000
vn 0.000000 -0.100000 0.000000
vn 0.100000 0.000000 0.000000
vn 0.100000 0.000000 0.000000
vn 0.100000 0.000000 0.000000
vn 0.100000 0.000000 0.000000
vn -0.100000 -0.000000 0.000000
vn -0.100000 -0.000000 0.000000
vn -0.100000 -0.000000 0.000000
vn -0.100000 -0.000000 0.000000
vn -0.097493 -0.022252 0.000000
vn -0.097493 -0.022252 0.000000
vn -0.100000 -0.000000 0.000000
vn -0.100000 -0.000000 0.000000
vn -0.097493 0.022252 0.000000
vn -0.097493 0.022252 0.000000
vn -0.090097 0.043388 0.000000
vn -0.090097 0.043388 0.000000
vn -0.078183 0.062349 0.000000
vn -0.078183 0.062349 0.000000
vn -0.062349 0.078183 0.000000
vn -0.062349 0.078183 0.000000
vn -0.043388 0.090097 0.000000
vn -0.043388 0.090097 0.000000
vn -0.022252 0.097493 0.000000
vn -0.022252 0.097493 0.000000
vn 0.000000 0.100000 0.000000
vn 0.000000 0.100000 0.000000
vn 0.022252 0.097493 0.000000
vn 0.022252 0.097493 0.000000
vn 0.043388 0.090097 0.000000
vn 0.043388 0.090097 0.000000
vn 0.062349 0.078183 0.000000
vn 0.062349 0.078183 0.000000
vn 0.078183 0.062349 0.000000
vn 0.078183 0.062349 0.000000
vn 0.090097 0.043388 0.000000
vn 0.090097 0.043388 0.000000
vn 0.097493 0.022252 0.000000
vn 0.097493 0.022252 0.000000
vn 0.100000 0.000000 0.000000
vn 0.100000 0.000000 0.000000
vn 0.097493 -0.022252 0.000000
vn 0.097493 -0.022252 0.000000
vn 0.090097 -0.043388 0.000000
vn 0.090097 -0.043388 0.000000
vn 0.078183 -0.062349 0.000000
vn 0.078183 -0.062349 0.000000
vn 0.062349 -0.078183 0.000000
vn 0.062349 -0.078183 0.000000
vn 0.043388 -0.090097 0.000000
vn 0.043388 -0.090097 0.000000
vn 0.022252 -0.097493 0.000000
vn 0.022252 -0.097493 0.000000
vn 0.000000 -0.100000 0.000000
vn 0.000000 -0.100000 0.000000
vn -0.022252 -0.097493 0.000000
vn -0.022252 -0.097493 0.000000
vn -0.043388 -0.090097 0.000000
vn -0.043388 -0.090097 0.000000
vn -0.062349 -0.078183 0.000000
vn -0.062349 -0.078183 0.000000
vn -0.078183 -0.062349 0.000000
vn -0.078183 -0.062349 0.000000
vn -0.090097 -0.043388 0.000000
vn -0.090097 -0.043388 0.000000
vn -0.097493 -0.022252 0.000000
vn -0.097493 -0.022252 0.000000
vn -0.100000 -0.000000 0.000000
vn -0.100000 -0.000000 0.000000
vn -0.097493 0.022252 0.000000
vn -0.097493 0.022252 0.000000
vn -0.090097 0.043388 0.000000
vn -0.090097 0.043388 0.000000
vn -0.078183 0.062349 0.000000
vn -0.078183 0.062349 0.000000
vn -0.062349 0.078183 0.000000
vn -0.062349 0.078183 0.000000
vn -0.043388 0.090097 0.000000
vn -0.043388 0.090097 0.000000
vn -0.022252 0.097493 0.000000
vn -0.022252 0.097493 0.000000
vn 0.000000 0.100000 0.000000
vn 0.000000 0.100000 0.000000
vn 0.022252 0.097493 0.000000
vn 0.022252 0.097493 0.000000
vn 0.043388 0.090097 0.000000
vn 0.043388 0.090097 0.000000
vn 0.062349 0.078183 0.000000
vn 0.062349 0.078183 0.000000
vn 0.078183 0.062349 0.000000
vn 0.078183 0.062349 0.000000
vn 0.090097 0.043388 0.000000
vn 0.090097 0.043388 0.000000
vn 0.097493 0.022252 0.000000
vn 0.097493 0.022252 0.000000
vn 0.100000 0.000000 0.000000
vn 0.100000 0.000000 0.000000
vn 0.097493 -0.022252 0.000000
vn 0.097493 -0.022252 0.000000
vn 0.090097 -0.043388 0.000000
vn 0.090097 -0.043388 0.000000
vn 0.078183 -0.062349 0.000000
vn 0.078183 -0.062349 0.000000
vn 0.062349 -0.078183 0.000000
vn 0.062349 -0.078183 0.000000
vn 0.043388 -0.090097 0.000000
vn 0.043388 -0.090097 0.000000
vn 0.022252 -0.097493 0.000000
vn 0.022252 -0.097493 0.000000
vn 0.000000 -0.100000 0.000000
vn 0.000000 -0.100000 0.000000
vn -0.022252 -0.097493 0.000000
vn -0.022252 -0.097493 0.000000
vn -0.043388 -0.090097 0.000000
vn -0.043388 -0.090097 0.000000
vn -0.062349 -0.078183 0.000000
vn -0.062349 -0.078183 0.000000
vn -0.078183 -0.062349 0.000000
vn -0.078183 -0.062349 0.000000
vn -0.090097 -0.043388 0.000000
vn -0.090097 -0.043388 0.000000
vn -0.097493 -0.022252 0.000000
vn -0.097493 -0.022252 0.000000
vn -0.100000 -0.000000 0.000000
vn -0.100000 -0.000000 0.000000
vn -0.097493 0.022252 0.000000
vn -0.097493 0.022252 0.000000
vn -0.090097 0.043388 0.000000
vn -0.090097 0.043388 0.000000
vn -0.078183 0.062349 0.000000
vn -0.078183 0.062349 0.000000
vn -0.062349 0.078183 0.000000
vn -0.062349 0.078183 0.000000
vn -0.043388 0.090097 0.000000
vn -0.043388 0.090097 0.000000
vn -0.022252 0.097493 0.000000
vn -0.022252 0.097493 0.000000
vn 0.000000 0.100000 0.000000
vn 0.000000 0.100000 0.000000
vn 0.022252 0.097493 0.000000
vn 0.022252 0.097493 0.000000
vn 0.043388 0.090097 0.000000
vn 0.043388 0.090097 0.000000
vn 0.062349 0.078183 0.000000
vn 0.062349 0.078183 0.000000
vn 0.078183 0.062349 0.000000
vn 0.078183 0.062349 0.000000
vn 0.090097 0.043388 0.000000
vn 0.090097 0.043388 0.000000
vn 0.097493 0.022252 0.000000
vn 0.097493 0.022252 0.000000
vn 0.100000 0.000000 0.000000
vn 0.100000 0.000000 0.000000
vn 0.097493 -0.022252 0.000000
vn 0.097493 -0.022252 0.000000
vn 0.090097 -0.043388 0.000000
vn 0.090097 -0.043388 0.000000
vn 0.078183 -0.062349 0.000000
vn 0.078183 -0.062349 0.000000
vn 0.062349 -0.078183 0.000000
vn 0.062349 -0.078183 0.000000
vn 0.043388 -0.090097 0.000000
vn 0.043388 -0.090097 0.000000
vn 0.022252 -0.097493 0.000000
vn 0.022252 -0.097493 0.000000
vn 0.000000 -0.100000 0.000000
vn 0.000000 -0.100000 0.000000
vn -0.022252 -0.097493 0.000000
vn -0.022252 -0.097493 0.000000
vn -0.043388 -0.090097 0.000000
vn -0.043388 -0.090097 0.000000
vn -0.062349 -0.078183 0.000000
vn -0.062349 -0.078183 0.000000
vn -0.078183 -0.062349 0.000000
vn -0.078183 -0.062349 0.000000
vn -0.090097 -0.043388 0.000000
vn -0.090097 -0.043388 0.000000
vn -0.097493 -0.022252 0.000000
vn -0.097493 -0.022252 0.000000
vn -0.100000 -0.000000 0.000000
vn -0.100000 -0.000000 0.000000
vn -0.097493 0.022252 0.000000
vn -0.097493 0.022252 0.000000
vn -0.090097 0.043388 0.000000
vn -0.090097 0.043388 0.000000
vn -0.078183 0.062349 0.000000
vn -0.078183 0.062349 0.000000
vn -0.062349 0.078183 0.000000
vn -0.062349 0.078183 0.000000
vn -0.043388 0.090097 0.000000
vn -0.043388 0.090097 0.000000
vn -0.022252 0.097493 0.000000
vn -0.022252 0.097493 0.000000
vn 0.000000 0.100000 0.000000
vn 0.000000 0.100000 0.000000
vn 0.022252 0.097493 0.000000
vn 0.022252 0.097493 0.000000
vn 0.043388 0.090097 0.000000
vn 0.043388 0.090097 0.000000
vn 0.062349 0.078183 0.000000
vn 0.062349 0.078183 0.000000
vn 0.078183 0.062349 0.000000
vn 0.078183 0.062349 0.000000
vn 0.090097 0.043388 0.000000
vn 0.090097 0.043388 0.000000
vn 0.097493 0.022252 0.000000
vn 0.097493 0.022252 0.000000
vn 0.100000 0.000000 0.000000
vn 0.100000 0.000000 0.000000
vn 0.097493 -0.022252 0.000000
vn 0.097493 -0.022252 0.000000
vn 0.090097 -0.043388 0.000000
vn 0.090097 -0.043388 0.000000
vn 0.078183 -0.062349 0.000000
vn 0.078183 -0.062349 0.000000
vn 0.062349 -0.078183 0.000000
vn 0.062349 -0.078183 0.000000
vn 0.043388 -0.090097 0.000000
vn 0.043388 -0.090097 0.000000
vn 0.022252 -0.097493 0.000000
vn 0.022252 -0.097493 0.000000
vn 0.000000 -0.100000 0.000000
vn 0.000000 -0.100000 0.000000
vn -0.022252 -0.097493 0.000000
vn -0.022252 -0.097493 0.000000
vn -0.043388 -0.090097 0.000000
vn -0.043388 -0.090097 0.000000
vn -0.062349 -0.078183 0.000000
vn -0.062349 -0.078183 0.000000
vn -0.078183 -0.062349 0.000000
vn -0.078183 -0.062349 0.000000
vn -0.090097 -0.043388 0.000000
vn -0.090097 -0.043388 0.000000
vn -0.097493 -0.022252 0.000000
vn -0.097493 -0.022252 0.000000
vn -0.100000 -0.000000 0.000000
vn -0.100000 -0.000000 0.000000
vn -0.097493 0.022252 0.000000
vn -0.097493 0.022252 0.000000
vn -0.090097 0.043388 0.000000
vn -0.090097 0.043388 0.000000
vn -0.078183 0.062349 0.000000
vn -0.078183 0.062349 0.000000
vn -0.062349 0.078183 0.000000
vn -0.062349 0.078183 0.000000
vn -0.043388 0.090097 0.000000
vn -0.043388 0.090097 0.000000
vn -0.022252 0.097493 0.000000
vn -0.022252 0.097493 0.000000
vn 0.000000 0.100000 0.000000
vn 0.000000 0.100000 0.000000
vn 0.022252 0.097493 0.000000
vn 0.022252 0.097493 0.000000
vn 0.043388 0.090097 0.000000
vn 0.043388 0.090097 0.000000
vn 0.062349 0.078183 0.000000
vn 0.062349 0.078183 0.000000
vn 0.078183 0.062349 0.000000
vn 0.078183 0.062349 0.000000
vn 0.090097 0.043388 0.000000
vn 0.090097 0.043388 0.000000
vn 0.097493 0.022252 0.000000
vn 0.097493 0.022252 0.000000
vn 0.100000 0.000000 0.000000
vn 0.100000 0.000000 0.000000
vn 0.097493 -0.022252 0.000000
vn 0.097493 -0.022252 0.000000
vn 0.090097 -0.043388 0.000000
vn 0.090097 -0.043388 0.000000
vn 0.078183 -0.062349 0.000000
vn 0.078183 -0.062349 0.000000
vn 0.062349 -0.078183 0.000000
vn 0.062349 -0.078183 0.000000
vn 0.043388 -0.090097 0.000000
vn 0.043388 -0.090097 0.000000
vn 0.022252 -0.097493 0.000000
vn 0.022252 -0.097493 0.000000
vn 0.000000 -0.100000 0.000000
vn 0.000000 -0.100000 0.000000
vn -0.022252 -0.097493 0.000000
vn -0.022252 -0.097493 0.000000
vn -0.043388 -0.090097 0.000000
vn -0.043388 -0.090097 0.000000
vn -0.062349 -0.078183 0.000000
vn -0.062349 -0.078183 0.000000
vn -0.078183 -0.062349 0.000000
vn -0.078183 -0.062349 0.000000
vn -0.090097 -0.043388 0.000000
vn -0.090097 -0.043388 0.000000
vn -0.097493 -0.022252 0.000000
vn -0.097493 -0.022252 0.000000
vn -0.100000 -0.000000 0.000000
vn -0.100000 -0.000000 0.000000
vn -0.097493 0.022252 0.000000
vn -0.097493 0.022252 0.000000
vn -0.090097 0.043388 0.000000
vn -0.090097 0.043388 0.000000
vn -0.078183 0.062349 0.000000
vn -0.078183 0.062349 0.000000
vn -0.062349 0.078183 0.000000
vn -0.062349 0.078183 0.000000
vn -0.043388 0.090097 0.000000
vn -0.043388 0.090097 0.000000
vn -0.022252 0.097493 0.000000
vn -0.022252 0.097493 0.000000
vn 0.000000 0.100000 0.000000
vn 0.000000 0.100000 0.000000
vn 0.022252 0.097493 0.000000
vn 0.022252 0.097493 0.000000
vn 0.043388 0.090097 0.000000
vn 0.043388 0.090097 0.000000
vn 0.062349 0.078183 0.000000
vn 0.062349 0.078183 0.000000
vn 0.078183 0.062349 0.000000
vn 0.078183 0.062349 0.000000
vn 0.090097 0.043388 0.000000
vn 0.090097 0.043388 0.000000
vn 0.097493 0.022252 0.000000
vn 0.097493 0.022252 0.000000
vn 0.100000 0.000000 0.000000
vn 0.100000 0.000000 0.000000
vn 0.097493 -0.022252 0.000000
vn 0.097493 -0.022252 0.000000
vn 0.090097 -0.043388 0.000000
vn 0.090097 -0.043388 0.000000
vn 0.078183 -0.062349 0.000000
vn 0.078183 -0.062349 0.000000
vn 0.062349 -0.078183 0.000000
vn 0.062349 -0.078183 0.000000
vn 0.043388 -0.090097 0.000000
vn 0.043388 -0.090097 0.000000
vn 0.022252 -0.097493 0.000000
vn 0.022252 -0.097493 0.000000
vn 0.000000 -0.100000 0.000000
vn 0.000000 -0.100000 0.000000
vn -0.022252 -0.097493 0.000000
vn -0.022252 -0.097493 0.000000
vn -0.043388 -0.090097 0.000000
vn -0.043388 -0.090097 0.000000
vn -0.062349 -0.078183 0.000000
vn -0.062349 -0.078183 0.000000
vn -0.078183 -0.062349 0.000000
vn -0.078183 -0.062349 0.000000
vn -0.090097 -0.043388 0.000000
vn -0.090097 -0.043388 0.000000
vn -0.097493 -0.022252 0.000000
vn -0.097493 -0.022252 0.000000
vn -0.100000 -0.000000 0.000000
vn -0.100000 -0.000000 0.000000
vn -0.097493 0.022252 0.000000
vn -0.097493 0.022252 0.000000
vn -0.090097 0.043388 0.000000
vn -0.090097 0.043388 0.000000
vn -0.078183 0.062349 0.000000
vn -0.078183 0.062349 0.000000
vn -0.062349 0.078183 0.000000
vn -0.062349 0.078183 0.000000
vn -0.043388 0.090097 0.000000
vn -0.043388 0.090097 0.000000
vn -0.022252 0.097493 0.000000
vn -0.022252 0.097493 0.000000
vn 0.000000 0.100000 0.000000
vn 0.000000 0.100000 0.000000
vn 0.022252 0.097493 0.000000
vn 0.022252 0.097493 0.000000
vn 0.043388 0.090097 0.000000
vn 0.043388 0.090097 0.000000
vn 0.062349 0.078183 0.000000
vn 0.062349 0.078183 0.000000
vn 0.078183 0.062349 0.000000
vn 0.078183 0.062349 0.000000
vn 0.090097 0.043388 0.000000
vn 0.090097 0.043388 0.000000
vn 0.097493 0.022252 0.000000
vn 0.097493 0.022252 0.000000
vn 0.100000 0.000000 0.000000
vn 0.100000 0.000000 0.000000
vn 0.097493 -0.022252 0.000000
vn 0.097493 -0.022252 0.000000
vn 0.090097 -0.043388 0.000000
vn 0.090097 -0.043388 0.000000
vn 0.078183 -0.062349 0.000000
vn 0.078183 -0.062349 0.000000
vn 0.062349 -0.078183 0.000000
vn 0.062349 -0.078183 0.000000
vn 0.043388 -0.090097 0.000000
vn 0.043388 -0.090097 0.000000
vn 0.022252 -0.097493 0.000000
vn 0.022252 -0.097493 0.000000
vn 0.000000 -0.100000 0.000000
vn 0.000000 -0.100000 0.000000
vn -0.022252 -0.097493 0.000000
vn -0.022252 -0.097493 0.000000
vn -0.043388 -0.090097 0.000000
vn -0.043388 -0.090097 0.000000
vn -0.062349 -0.078183 0.000000
vn -0.062349 -0.078183 0.000000
vn -0.078183 -0.062349 0.000000
vn -0.078183 -0.062349 0.000000
vn -0.090097 -0.043388 0.000000
vn -0.090097 -0.043388 0.000000
vn -0.097493 -0.022252 0.000000
vn -0.097493 -0.022252 0.000000
vn -0.100000 -0.000000 0.000000
vn -0.100000 -0.000000 0.000000
vn -0.097493 0.022252 0.000000
vn -0.097493 0.022252 0.000000
vn -0.090097 0.043388 0.000000
vn -0.090097 0.043388 0.000000
vn -0.078183 0.062349 0.000000
vn -0.078183 0.062349 0.000000
vn -0.062349 0.078183 0.000000
vn -0.062349 0.078183 0.000000
vn -0.043388 0.090097 0.000000
vn -0.043388 0.090097 0.000000
vn -0.022252 0.097493 0.000000
vn -0.022252 0.097493 0.000000
vn 0.000000 0.100000 0.000000
vn 0.000000 0.100000 0.000000
vn 0.022252 0.097493 0.000000
vn 0.022252 0.097493 0.000000
vn 0.043388 0.090097 0.000000
vn 0.043388 0.090097 0.000000
vn 0.062349 0.078183 0.000000
vn 0.062349 0.078183 0.000000
vn 0.078183 0.062349 0.000000
vn 0.078183 0.062349 0.000000
vn 0.090097 0.043388 0.000000
vn 0.090097 0.043388 0.000000
vn 0.097493 0.022252 0.000000
vn 0.097493 0.022252 0.000000
vn 0.100000 0.000000 0.000000
vn 0.100000 0.000000 0.000000
vn 0.097493 -0.022252 0.000000
vn 0.097493 -0.022252 0.000000
vn 0.090097 -0.043388 0.000000
vn 0.090097 -0.043388 0.000000
vn 0.078183 -0.062349 0.000000
vn 0.078183 -0.062349 0.000000
vn 0.062349 -0.078183 0.000000
vn 0.062349 -0.078183 0.000000
vn 0.043388 -0.090097 0.000000
vn 0.043388 -0.090097 0.000000
vn 0.022252 -0.097493 0.000000
vn 0.022252 -0.097493 0.000000
vn 0.000000 -0.100000 0.000000
vn 0.000000 -0.100000 0.000000
vn -0.022252 -0.097493 0.000000
vn -0.022252 -0.097493 0.000000
vn -0.043388 -0.090097 0.000000
vn -0.043388 -0.090097 0.000000
vn -0.062349 -0.078183 0.000000
vn -0.062349 -0.078183 0.000000
vn -0.078183 -0.062349 0.000000
vn -0.078183 -0.062349 0.000000
vn -0.090097 -0.043388 0.000000
vn -0.090097 -0.043388 0.000000
vn -0.000000 -0.000000 -0.100000
vn -0.000000 -0.000000 -0.100000
vn -0.000000 -0.000000 -0.100000
vn -0.000000 -0.000000 -0.100000
vn -0.000000 -0.000000 -0.100000
vn -0.000000 -0.000000 -0.100000
vn -0.000000 -0.000000 -0.100000
vn -0.000000 -0.000000 -0.100000
vn -0.000000 -0.000000 -0.100000
vn -0.000000 -0.000000 -0.100000
vn -0.000000 -0.000000 -0.100000
vn -0.000000 -0.000000 -0.100000
vn -0.000000 -0.000000 -0.100000
vn -0.000000 -0.000000 -0.100000
vn -0.000000 -0.000000 -0.100000
vn -0.000000 -0.000000 -0.100000
vn -0.000000 -0.000000 -0.100000
vn -0.000000 -0.000000 -0.100000
vn -0.000000 -0.000000 -0.100000
vn -0.000000 -0.000000 -0.100000
vn -0.000000 -0.000000 -0.100000
vn -0.000000 -0.000000 -0.100000
vn -0.000000 -0.000000 -0.100000
vn -0.000000 -0.000000 -0.100000
vn -0.000000 -0.000000 -0.100000
vn -0.000000 -0.000000 -0.100000
vn -0.000000 -0.000000 -0.100000
vn -0.000000 -0.000000 -0.100000
vn -0.000000 -0.000000 -0.100000
vn -0.000000 -0.000000 -0.100000
vn -0.000000 -0.000000 -0.100000
vn -0.000000 -0.000000 -0.100000
vn -0.000000 -0.000000 -0.100000
vn -0.000000 -0.000000 -0.100000
vn -0.000000 -0.000000 -0.100000
vn -0.000000 -0.000000 -0.100000
vn -0.000000 -0.000000 -0.100000
vn -0.000000 -0.000000 -0.100000
vn -0.000000 -0.000000 -0.100000
vn -0.000000 -0.000000 -0.100000
vn -0.000000 -0.000000 -0.100000
vn -0.000000 -0.000000 -0.100000
vn -0.000000 -0.000000 -0.100000
vn -0.000000 -0.000000 -0.100000
vn -0.000000 -0.000000 -0.100000
vn -0.000000 -0.000000 -0.100000
vn -0.000000 -0.000000 -0.100000
vn -0.000000 -0.000000 -0.100000
vn -0.000000 -0.000000 -0.100000
vn -0.000000 -0.000000 -0.100000
vn -0.000000 -0.000000 -0.100000
vn -0.000000 -0.000000 -0.100000
vn -0.000000 -0.000000 -0.100000
vn -0.000000 -0.000000 -0.100000
vn -0.000000 -0.000000 -0.100000
vn -0.000000 -0.000000 -0.100000
vn -0.000000 -0.000000 -0.100000
vn -0.000000 -0.000000 -0.100000
vn -0.000000 -0.000000 -0.100000
vn -0.000000 -0.000000 -0.100000
vn -0.000000 -0.000000 -0.100000
vn -0.000000 -0.000000 -0.100000
vn -0.000000 -0.000000 -0.100000
vn -0.000000 -0.000000 -0.100000
vn -0.000000 -0.000000 -0.100000
vn -0.000000 -0.000000 -0.100000
vn -0.000000 -0.000000 -0.100000
vn -0.000000 -0.000000 -0.100000
vn -0.000000 -0.000000 -0.100000
vn -0.000000 -0.000000 -0.100000
vn -0.000000 -0.000000 -0.100000
vn -0.000000 -0.000000 -0.100000
vn -0.000000 -0.000000 -0.100000
vn -0.000000 -0.000000 -0.100000
vn -0.000000 -0.000000 -0.100000
vn -0.000000 -0.000000 -0.100000
vn -0.000000 -0.000000 -0.100000
vn -0.000000 -0.000000 -0.100000
vn -0.000000 -0.000000 -0.100000
vn -0.000000 -0.000000 -0.100000
vn -0.000000 -0.000000 -0.100000
vn -0.000000 -0.000000 -0.100000
vn -0.000000 -0.000000 -0.100000
vn -0.000000 -0.000000 -0.100000
vn -0.000000 -0.000000 -0.100000
vn -0.000000 -0.000000 -0.100000
vn -0.000000 -0.000000 -0.100000
vn -0.000000 -0.000000 -0.100000
vn -0.000000 -0.000000 -0.100000
vn -0.000000 -0.000000 -0.100000
vn -0.000000 -0.000000 -0.100000
vn -0.000000 -0.000000 -0.100000
vn -0.000000 -0.000000 -0.100000
vn -0.000000 -0.000000 -0.100000
vn -0.000000 -0.000000 -0.100000
vn -0.000000 -0.000000 -0.100000
vn -0.000000 -0.000000 -0.100000
vn -0.000000 -0.000000 -0.100000
vn -0.000000 -0.000000 -0.100000
vn -0.000000 -0.000000 -0.100000
vn -0.000000 -0.000000 -0.100000
vn -0.000000 -0.000000 -0.100000
vn -0.000000 -0.000000 -0.100000
vn -0.000000 -0.000000 -0.100000
vn -0.000000 -0.000000 -0.100000
vn -0.000000 -0.000000 -0.100000
vn -0.000000 -0.000000 -0.100000
vn -0.000000 -0.000000 -0.100000
vn -0.000000 -0.000000 -0.100000
vn -0.000000 -0.000000 -0.100000
vn -0.000000 -0.000000 -0.100000
vn -0.000000 -0.000000 -0.100000
vn -0.000000 -0.000000 -0.100000
vn -0.000000 -0.000000 -0.100000
vn -0.000000 -0.000000 -0.100000
vn -0.000000 -0.000000 -0.100000
vn -0.000000 -0.000000 -0.100000
vn -0.000000 -0.000000 -0.100000
vn -0.000000 -0.000000 -0.100000
vn -0.000000 -0.000000 -0.100000
vn -0.000000 -0.000000 -0.100000
vn -0.000000 -0.000000 -0.100000
vn -0.000000 -0.000000 -0.100000
vn -0.000000 -0.000000 -0.100000
vn -0.000000 -0.000000 -0.100000
vn -0.000000 -0.000000 -0.100000
vn -0.000000 -0.000000 -0.100000
vn -0.000000 -0.000000 -0.100000
vn -0.000000 -0.000000 -0.100000
vn -0.000000 -0.000000 -0.100000
vn -0.000000 -0.000000 -0.100000
vn -0.000000 -0.000000 -0.100000
vn -0.000000 -0.000000 -0.100000
vn -0.000000 -0.000000 -0.100000
vn -0.000000 -0.000000 -0.100000
vn -0.000000 -0.000000 -0.100000
vn -0.000000 -0.000000 -0.100000
vn -0.000000 -0.000000 -0.100000
vn -0.000000 -0.000000 -0.100000
vn -0.000000 -0.000000 -0.100000
vn -0.000000 -0.000000 -0.100000
vn -0.000000 -0.000000 -0.100000
vn -0.000000 -0.000000 -0.100000
vn -0.000000 -0.000000 -0.100000
vn -0.000000 -0.000000 -0.100000
vn -0.000000 -0.000000 -0.100000
vn -0.000000 -0.000000 -0.100000
vn -0.000000 -0.000000 -0.100000
vn -0.000000 -0.000000 -0.100000
vn -0.000000 -0.000000 -0.100000
vn -0.000000 -0.000000 -0.100000
vn -0.000000 -0.000000 -0.100000
vn -0.000000 -0.000000 -0.100000
vn -0.000000 -0.000000 -0.100000
vn -0.000000 -0.000000 -0.100000
vn -0.000000 -0.000000 -0.100000
vn -0.000000 -0.000000 -0.100000
vn -0.000000 -0.000000 -0.100000
vn -0.000000 -0.000000 -0.100000
vn -0.000000 -0.000000 -0.100000
vn -0.000000 -0.000000 -0.100000
vn -0.000000 -0.000000 -0.100000
vn -0.000000 -0.000000 -0.100000
vn -0.000000 -0.000000 -0.100000
vn -0.000000 -0.000000 -0.100000
vn -0.000000 -0.000000 -0.100000
vn -0.000000 -0.000000 -0.100000
vn -0.000000 -0.000000 -0.100000
vn -0.000000 -0.000000 -0.100000
vn -0.000000 -0.000000 -0.100000
vn -0.000000 -0.000000 -0.100000
vn -0.000000 -0.000000 -0.100000
vn -0.000000 -0.000000 -0.100000
vn -0.000000 -0.000000 -0.100000
vn -0.000000 -0.000000 -0.100000
vn -0.000000 -0.000000 -0.100000
vn -0.000000 -0.000000 -0.100000
vn -0.000000 -0.000000 -0.100000
vn -0.000000 -0.000000 -0.100000
vn -0.000000 -0.000000 -0.100000
vn -0.000000 -0.000000 -0.100000
vn -0.000000 -0.000000 -0.100000
vn -0.000000 -0.000000 -0.100000
vn -0.000000 -0.000000 -0.100000
vn -0.000000 -0.000000 -0.100000
vn -0.000000 -0.000000 -0.100000
vn -0.000000 -0.000000 -0.100000
vn -0.000000 -0.000000 -0.100000
vn -0.000000 -0.000000 -0.100000
vn -0.000000 -0.000000 -0.100000
vn -0.000000 -0.000000 -0.100000
vn -0.000000 -0.000000 -0.100000
vn -0.000000 -0.000000 -0.100000
vn -0.000000 -0.000000 -0.100000
vn -0.000000 -0.000000 -0.100000
vn -0.000000 -0.000000 -0.100000
vn -0.000000 -0.000000 -0.100000
vn -0.000000 -0.000000 -0.100000
vn -0.000000 -0.000000 -0.100000
vn -0.000000 -0.000000 -0.100000
vn -0.000000 -0.000000 -0.100000
vn -0.000000 -0.000000 -0.100000
vn -0.000000 -0.000000 -0.100000
vn -0.000000 -0.000000 -0.100000
vn -0.000000 -0.000000 -0.100000
vn -0.000000 -0.000000 -0.100000
vn -0.000000 -0.000000 -0.100000
vn -0.000000 -0.000000 -0.100000
vn -0.000000 -0.000000 -0.100000
vn -0.000000 -0.000000 -0.100000
vn -0.000000 -0.000000 -0.100000
vn -0.000000 -0.000000 -0.100000
vn -0.000000 -0.000000 -0.100000
vn -0.000000 -0.000000 -0.100000
vn -0.000000 -0.000000 -0.100000
vn -0.000000 -0.000000 -0.100000
vn -0.000000 -0.000000 -0.100000
vn -0.000000 -0.000000 -0.100000
vn -0.000000 -0.000000 -0.100000
vn -0.000000 -0.000000 -0.100000
vn -0.000000 -0.000000 -0.100000
vn -0.000000 -0.000000 -0.100000
vn -0.000000 -0.000000 -0.100000
vn -0.000000 -0.000000 -0.100000
vn -0.000000 -0.000000 -0.100000
vn -0.000000 -0.000000 -0.100000
vn -0.000000 -0.000000 -0.100000
vn -0.000000 -0.000000 -0.100000
vn -0.000000 -0.000000 -0.100000
vn -0.000000 -0.000000 -0.100000
vn -0.000000 -0.000000 -0.100000
vn -0.000000 -0.000000 -0.100000
vn -0.000000 -0.000000 -0.100000
vn -0.000000 -0.000000 -0.100000
vn -0.000000 -0.000000 -0.100000
vn -0.000000 -0.000000 -0.100000
vn -0.000000 -0.000000 -0.100000
vn -0.000000 -0.000000 -0.100000
vn -0.000000 -0.000000 -0.100000
vn -0.000000 -0.000000 -0.100000
vn -0.000000 -0.000000 -0.100000
vn -0.000000 -0.000000 -0.100000
vn -0.000000 -0.000000 -0.100000
vn -0.000000 -0.000000 -0.100000
vn -0.000000 -0.000000 -0.100000
vn -0.000000 -0.000000 -0.100000
vn -0.000000 -0.000000 -0.100000
vn -0.000000 -0.000000 -0.100000
vn -0.000000 -0.000000 -0.100000
vn -0.000000 -0.000000 -0.100000
vn -0.000000 -0.000000 -0.100000
vn -0.000000 -0.000000 -0.100000
vn -0.000000 -0.000000 -0.100000
vn -0.000000 -0.000000 -0.100000
vn -0.000000 -0.000000 -0.100000
vn -0.000000 -0.000000 -0.100000
vn -0.000000 -0.000000 -0.100000
vn -0.000000 -0.000000 -0.100000
vn -0.000000 -0.000000 -0.100000
vn -0.000000 -0.000000 -0.100000
vn -0.000000 -0.000000 -0.100000
vn -0.000000 -0.000000 -0.100000
vn -0.000000 -0.000000 -0.100000
vn -0.000000 -0.000000 -0.100000
vn -0.000000 -0.000000 -0.100000
vn -0.000000 -0.000000 -0.100000
vn -0.000000 -0.000000 -0.100000
vn -0.000000 -0.000000 -0.100000
vn -0.000000 -0.000000 -0.100000
vn -0.000000 -0.000000 -0.100000
vn -0.000000 -0.000000 -0.100000
vn -0.000000 -0.000000 -0.100000
usemtl Steel_-_Satin
f 22/1/1 1/2/2 21/3/3
f 21/3/3 1/2/2 2/4/4
f 21/3/3 2/4/4 20/5/5
f 20/5/5 2/4/4 3/6/6
f 20/5/5 3/6/6 19/7/7
f 19/7/7 3/6/6 4/8/8
f 19/7/7 4/8/8 18/9/9
f 18/9/9 4/8/8 5/10/10
f 18/9/9 5/10/10 17/11/11
f 17/11/11 5/10/10 6/12/12
f 17/11/11 6/12/12 16/13/13
f 16/13/13 6/12/12 7/14/14
f 16/13/13 7/14/14 15/15/15
f 15/15/15 7/14/14 8/16/16
f 15/15/15 8/16/16 14/17/17
f 14/17/17 8/16/16 9/18/18
f 14/17/17 9/18/18 13/19/19
f 13/19/19 9/18/18 10/20/20
f 13/19/19 10/20/20 12/21/21
f 12/21/21 10/20/20 11/22/22
f 24/23/23 261/24/24 23/25/25
f 23/25/25 261/24/24 262/26/26
f 23/25/25 262/26/26 50/27/27
f 50/27/27 262/26/26 49/28/28
f 49/28/28 262/26/26 48/29/29
f 48/29/29 262/26/26 136/30/30
f 48/29/29 136/30/30 47/31/31
f 47/31/31 136/30/30 137/32/32
f 47/31/31 137/32/32 46/33/33
f 46/33/33 137/32/32 138/34/34
f 46/33/33 138/34/34 45/35/35
f 45/35/35 138/34/34 139/36/36
f 45/35/35 139/36/36 44/37/37
f 44/37/37 139/36/36 140/38/38
f 44/37/37 140/38/38 43/39/39
f 43/39/39 140/38/38 42/40/40
f 42/40/40 140/38/38 141/41/41
f 42/40/40 141/41/41 142/42/42
f 24/23/23 25/43/43 261/24/24
f 261/24/24 25/43/43 26/44/44
f 261/24/24 26/44/44 244/45/45
f 244/45/45 26/44/44 243/46/46
f 243/46/46 26/44/44 27/47/47
f 243/46/46 27/47/47 242/48/48
f 242/48/48 27/47/47 28/49/49
f 242/48/48 28/49/49 241/50/50
f 241/50/50 28/49/49 29/51/51
f 241/50/50 29/51/51 240/52/52
f 240/52/52 29/51/51 30/53/53
f 240/52/52 30/53/53 31/54/54
f 240/52/52 31/54/54 239/55/55
f 239/55/55 31/54/54 32/56/56
f 239/55/55 32/56/56 238/57/57
f 238/57/57 32/56/56 33/58/58
f 238/57/57 33/58/58 237/59/59
f 237/59/59 33/58/58 34/60/60
f 237/59/59 34/60/60 236/61/61
f 236/61/61 34/60/60 35/62/62
f 236/61/61 35/62/62 235/63/63
f 235/63/63 35/62/62 81/64/64
f 235/63/63 81/64/64 217/65/65
f 217/65/65 81/64/64 216/66/66
f 216/66/66 81/64/64 82/67/67
f 216/66/66 82/67/67 215/68/68
f 215/68/68 82/67/67 83/69/69
f 215/68/68 83/69/69 214/70/70
f 214/70/70 83/69/69 84/71/71
f 214/70/70 84/71/71 213/72/72
f 213/72/72 84/71/71 85/73/73
f 213/72/72 85/73/73 212/74/74
f 212/74/74 85/73/73 86/75/75
f 212/74/74 86/75/75 87/76/76
f 81/64/64 35/62/62 80/77/77
f 80/77/77 35/62/62 36/78/78
f 80/77/77 36/78/78 79/79/79
f 79/79/79 36/78/78 37/80/80
f 79/79/79 37/80/80 249/81/81
f 249/81/81 37/80/80 248/82/82
f 248/82/82 37/80/80 38/83/83
f 248/82/82 38/83/83 39/84/84
f 39/84/84 40/85/85 248/82/82
f 248/82/82 40/85/85 143/86/86
f 248/82/82 143/86/86 144/87/87
f 40/85/85 41/88/88 143/86/86
f 143/86/86 41/88/88 142/42/42
f 142/42/42 41/88/88 42/40/40
f 78/89/89 51/90/90 249/81/81
f 249/81/81 51/90/90 52/91/91
f 249/81/81 52/91/91 53/92/92
f 53/92/92 54/93/93 249/81/81
f 249/81/81 54/93/93 55/94/94
f 249/81/81 55/94/94 56/95/95
f 56/95/95 57/96/96 249/81/81
f 249/81/81 57/96/96 104/97/97
f 249/81/81 104/97/97 105/98/98
f 104/97/97 57/96/96 103/99/99
f 103/99/99 57/96/96 58/100/100
f 103/99/99 58/100/100 59/101/101
f 103/99/99 59/101/101 102/102/102
f 102/102/102 59/101/101 60/103/103
f 102/102/102 60/103/103 101/104/104
f 101/104/104 60/103/103 61/105/105
f 101/104/104 61/105/105 100/106/106
f 100/106/106 61/105/105 99/107/107
f 99/107/107 61/105/105 62/108/108
f 99/107/107 62/108/108 98/109/109
f 98/109/109 62/108/108 63/110/110
f 98/109/109 63/110/110 97/111/111
f 97/111/111 63/110/110 64/112/112
f 97/111/111 64/112/112 96/113/113
f 96/113/113 64/112/112 283/114/114
f 96/113/113 283/114/114 95/115/115
f 95/115/115 283/114/114 94/116/116
f 94/116/116 283/114/114 93/117/117
f 93/117/117 283/114/114 11/118/118
f 93/117/117 11/118/118 92/119/119
f 92/119/119 11/118/118 91/120/120
f 91/120/120 11/118/118 90/121/121
f 90/121/121 11/118/118 208/122/122
f 90/121/121 208/122/122 209/123/123
f 64/112/112 65/124/124 283/114/114
f 283/114/114 65/124/124 66/125/125
f 283/114/114 66/125/125 176/126/126
f 176/126/126 66/125/125 67/127/127
f 176/126/126 67/127/127 175/128/128
f 175/128/128 67/127/127 68/129/129
f 175/128/128 68/129/129 174/130/130
f 174/130/130 68/129/129 69/131/131
f 174/130/130 69/131/131 173/132/132
f 173/132/132 69/131/131 70/133/133
f 173/132/132 70/133/133 172/134/134
f 172/134/134 70/133/133 71/135/135
f 172/134/134 71/135/135 171/136/136
f 171/136/136 71/135/135 72/137/137
f 171/136/136 72/137/137 170/138/138
f 170/138/138 72/137/137 73/139/139
f 170/138/138 73/139/139 169/140/140
f 169/140/140 73/139/139 74/141/141
f 169/140/140 74/141/141 168/142/142
f 168/142/142 74/141/141 75/143/143
f 168/142/142 75/143/143 167/144/144
f 167/144/144 75/143/143 76/145/145
f 167/144/144 76/145/145 166/146/146
f 166/146/146 76/145/145 77/147/147
f 166/146/146 77/147/147 165/148/148
f 165/148/148 77/147/147 250/149/149
f 165/148/148 250/149/149 164/150/150
f 164/150/150 250/149/149 163/151/151
f 163/151/151 250/149/149 190/152/152
f 190/152/152 250/149/149 189/153/153
f 189/153/153 250/149/149 188/154/154
f 188/154/154 250/149/149 187/155/155
f 187/155/155 250/149/149 186/156/156
f 186/156/156 250/149/149 185/157/157
f 185/157/157 250/149/149 184/158/158
f 184/158/158 250/149/149 273/159/159
f 184/158/158 273/159/159 183/160/160
f 183/160/160 273/159/159 182/161/161
f 182/161/161 273/159/159 181/162/162
f 181/162/162 273/159/159 180/163/163
f 180/163/163 273/159/159 179/164/164
f 179/164/164 273/159/159 178/165/165
f 178/165/165 273/159/159 177/166/166
f 177/166/166 273/159/159 283/114/114
f 177/166/166 283/114/114 176/126/126
f 250/149/149 77/147/147 249/81/81
f 249/81/81 77/147/147 78/89/89
f 212/74/74 87/76/76 211/167/167
f 211/167/167 87/76/76 88/168/168
f 211/167/167 88/168/168 210/169/169
f 210/169/169 88/168/168 89/170/170
f 210/169/169 89/170/170 209/123/123
f 209/123/123 89/170/170 90/121/121
f 105/98/98 106/171/171 249/81/81
f 249/81/81 106/171/171 79/79/79
f 134/172/172 107/173/173 272/174/174
f 272/174/174 107/173/173 108/175/175
f 272/174/174 108/175/175 262/26/26
f 262/26/26 108/175/175 162/176/176
f 262/26/26 162/176/176 135/177/177
f 108/175/175 109/178/178 162/176/176
f 162/176/176 109/178/178 161/179/179
f 161/179/179 109/178/178 110/180/180
f 161/179/179 110/180/180 160/181/181
f 160/181/181 110/180/180 111/182/182
f 160/181/181 111/182/182 159/183/183
f 159/183/183 111/182/182 112/184/184
f 159/183/183 112/184/184 158/185/185
f 158/185/185 112/184/184 157/186/186
f 157/186/186 112/184/184 113/187/187
f 157/186/186 113/187/187 156/188/188
f 156/188/188 113/187/187 114/189/189
f 156/188/188 114/189/189 115/190/190
f 156/188/188 115/190/190 155/191/191
f 155/191/191 115/190/190 116/192/192
f 155/191/191 116/192/192 154/193/193
f 154/193/193 116/192/192 117/194/194
f 154/193/193 117/194/194 153/195/195
f 153/195/195 117/194/194 118/196/196
f 153/195/195 118/196/196 152/197/197
f 152/197/197 118/196/196 151/198/198
f 151/198/198 118/196/196 119/199/199
f 151/198/198 119/199/199 247/200/200
f 247/200/200 119/199/199 120/201/201
f 247/200/200 120/201/201 121/202/202
f 121/202/202 122/203/203 247/200/200
f 247/200/200 122/203/203 123/204/204
f 247/200/200 123/204/204 124/205/205
f 124/205/205 125/206/206 247/200/200
f 247/200/200 125/206/206 126/207/207
f 247/200/200 126/207/207 127/208/208
f 127/208/208 128/209/209 247/200/200
f 247/200/200 128/209/209 272/174/174
f 247/200/200 272/174/174 273/159/159
f 128/209/209 129/210/210 272/174/174
f 272/174/174 129/210/210 130/211/211
f 272/174/174 130/211/211 131/212/212
f 131/212/212 132/213/213 272/174/174
f 272/174/174 132/213/213 133/214/214
f 272/174/174 133/214/214 134/172/172
f 135/177/177 136/30/30 262/26/26
f 144/87/87 145/215/215 248/82/82
f 248/82/82 145/215/215 146/216/216
f 248/82/82 146/216/216 147/217/217
f 147/217/217 148/218/218 248/82/82
f 248/82/82 148/218/218 149/219/219
f 248/82/82 149/219/219 150/220/220
f 150/220/220 151/198/198 248/82/82
f 248/82/82 151/198/198 247/200/200
f 192/221/221 232/222/222 191/223/223
f 191/223/223 232/222/222 233/224/224
f 191/223/223 233/224/224 218/225/225
f 218/225/225 233/224/224 234/226/226
f 218/225/225 234/226/226 217/65/65
f 217/65/65 234/226/226 235/63/63
f 232/222/222 192/221/221 231/227/227
f 231/227/227 192/221/221 193/228/228
f 231/227/227 193/228/228 230/229/229
f 230/229/229 193/228/228 194/230/230
f 230/229/229 194/230/230 229/231/231
f 229/231/231 194/230/230 195/232/232
f 229/231/231 195/232/232 228/233/233
f 228/233/233 195/232/232 196/234/234
f 228/233/233 196/234/234 1/235/235
f 1/235/235 196/234/234 197/236/236
f 1/235/235 197/236/236 198/237/237
f 198/237/237 199/238/238 1/235/235
f 1/235/235 199/238/238 200/239/239
f 1/235/235 200/239/239 201/240/240
f 201/240/240 202/241/241 1/235/235
f 1/235/235 202/241/241 203/242/242
f 1/235/235 203/242/242 204/243/243
f 205/244/244 3/245/245 204/243/243
f 204/243/243 3/245/245 2/246/246
f 204/243/243 2/246/246 1/235/235
f 206/247/247 11/118/118 205/244/244
f 205/244/244 11/118/118 5/248/248
f 205/244/244 5/248/248 4/249/249
f 206/247/247 207/250/250 11/118/118
f 11/118/118 207/250/250 208/122/122
f 220/251/251 251/252/252 219/253/253
f 219/253/253 251/252/252 252/254/254
f 219/253/253 252/254/254 253/255/255
f 220/251/251 221/256/256 251/252/252
f 251/252/252 221/256/256 222/257/257
f 251/252/252 222/257/257 223/258/258
f 223/258/258 224/259/259 251/252/252
f 251/252/252 224/259/259 225/260/260
f 251/252/252 225/260/260 226/261/261
f 226/261/261 227/262/262 251/252/252
f 251/252/252 227/262/262 228/233/233
f 251/252/252 228/233/233 1/235/235
f 244/45/45 245/263/263 261/24/24
f 261/24/24 245/263/263 246/264/264
f 261/24/24 246/264/264 219/253/253
f 250/149/149 247/200/200 273/159/159
f 10/265/265 9/266/266 11/118/118
f 11/118/118 9/266/266 8/267/267
f 11/118/118 8/267/267 7/268/268
f 7/268/268 6/269/269 11/118/118
f 11/118/118 6/269/269 5/248/248
f 4/249/249 3/245/245 205/244/244
f 219/253/253 253/255/255 261/24/24
f 261/24/24 253/255/255 254/270/270
f 261/24/24 254/270/270 255/271/271
f 255/271/271 256/272/272 261/24/24
f 261/24/24 256/272/272 257/273/273
f 261/24/24 257/273/273 258/274/274
f 258/274/274 259/275/275 261/24/24
f 261/24/24 259/275/275 260/276/276
f 263/277/277 264/278/278 262/26/26
f 262/26/26 264/278/278 265/279/279
f 262/26/26 265/279/279 266/280/280
f 266/280/280 267/281/281 262/26/26
f 262/26/26 267/281/281 268/282/282
f 262/26/26 268/282/282 269/283/283
f 269/283/283 270/284/284 262/26/26
f 262/26/26 270/284/284 271/285/285
f 262/26/26 271/285/285 272/174/174
f 273/159/159 274/286/286 283/114/114
f 283/114/114 274/286/286 275/287/287
f 283/114/114 275/287/287 276/288/288
f 276/288/288 277/289/289 283/114/114
f 283/114/114 277/289/289 278/290/290
f 283/114/114 278/290/290 279/291/291
f 279/291/291 280/292/292 283/114/114
f 283/114/114 280/292/292 281/293/293
f 283/114/114 281/293/293 282/294/294
f 22/295/1 284/296/295 1/297/2
f 1/297/2 284/296/295 251/298/296
f 294/299/297 261/300/298 293/301/299
f 293/301/299 261/300/298 260/302/300
f 293/301/299 260/302/300 292/303/301
f 292/303/301 260/302/300 259/304/302
f 292/303/301 259/304/302 291/305/303
f 291/305/303 259/304/302 258/306/304
f 291/305/303 258/306/304 290/307/305
f 290/307/305 258/306/304 257/308/306
f 290/307/305 257/308/306 289/309/307
f 289/309/307 257/308/306 256/310/308
f 289/309/307 256/310/308 288/311/309
f 288/311/309 256/310/308 255/312/310
f 288/311/309 255/312/310 287/313/311
f 287/313/311 255/312/310 254/314/312
f 287/313/311 254/314/312 286/315/313
f 286/315/313 254/314/312 253/316/314
f 286/315/313 253/316/314 285/317/315
f 285/317/315 253/316/314 252/318/316
f 285/317/315 252/318/316 284/319/295
f 284/319/295 252/318/316 251/320/296
f 305/321/317 272/322/318 304/323/319
f 304/323/319 272/322/318 271/324/320
f 304/323/319 271/324/320 303/325/321
f 303/325/321 271/324/320 270/326/322
f 303/325/321 270/326/322 302/327/323
f 302/327/323 270/326/322 269/328/324
f 302/327/323 269/328/324 301/329/325
f 301/329/325 269/328/324 268/330/326
f 301/329/325 268/330/326 300/331/327
f 300/331/327 268/330/326 267/332/328
f 300/331/327 267/332/328 299/333/329
f 299/333/329 267/332/328 266/334/330
f 299/333/329 266/334/330 298/335/331
f 298/335/331 266/334/330 265/336/332
f 298/335/331 265/336/332 297/337/333
f 297/337/333 265/336/332 264/338/334
f 297/337/333 264/338/334 296/339/335
f 296/339/335 264/338/334 263/340/336
f 296/339/335 263/340/336 295/341/337
f 295/341/337 263/340/336 262/342/338
f 305/343/317 306/344/339 272/345/318
f 272/345/318 306/344/339 273/346/340
f 316/347/341 283/348/342 315/349/343
f 315/349/343 283/348/342 282/350/344
f 315/349/343 282/350/344 314/351/345
f 314/351/345 282/350/344 281/352/346
f 314/351/345 281/352/346 313/353/347
f 313/353/347 281/352/346 280/354/348
f 313/353/347 280/354/348 312/355/349
f 312/355/349 280/354/348 279/356/350
f 312/355/349 279/356/350 311/357/351
f 311/357/351 279/356/350 278/358/352
f 311/357/351 278/358/352 310/359/353
f 310/359/353 278/358/352 277/360/354
f 310/359/353 277/360/354 309/361/355
f 309/361/355 277/360/354 276/362/356
f 309/361/355 276/362/356 308/363/357
f 308/363/357 276/362/356 275/364/358
f 308/363/357 275/364/358 307/365/359
f 307/365/359 275/364/358 274/366/360
f 307/365/359 274/366/360 306/367/339
f 306/367/339 274/366/360 273/368/340
f 318/369/361 249/370/362 317/371/363
f 317/371/363 249/370/362 248/372/364
f 320/373/365 247/374/366 319/375/367
f 319/375/367 247/374/366 250/376/368
f 318/377/369 319/378/370 249/379/371
f 249/379/371 319/378/370 250/380/372
f 320/381/373 317/382/374 247/383/375
f 247/383/375 317/382/374 248/384/376
f 246/385/377 348/386/378 219/387/379
f 219/387/379 348/386/378 321/388/380
f 219/389/379 321/390/380 220/391/381
f 220/391/381 321/390/380 322/392/382
f 220/391/381 322/392/382 221/393/383
f 221/393/383 322/392/382 323/394/384
f 221/393/383 323/394/384 222/395/385
f 222/395/385 323/394/384 324/396/386
f 222/395/385 324/396/386 223/397/387
f 223/397/387 324/396/386 325/398/388
f 223/397/387 325/398/388 224/399/389
f 224/399/389 325/398/388 326/400/390
f 224/399/389 326/400/390 225/401/391
f 225/401/391 326/400/390 327/402/392
f 225/401/391 327/402/392 226/403/393
f 226/403/393 327/402/392 328/404/394
f 226/403/393 328/404/394 227/405/395
f 227/405/395 328/404/394 329/406/396
f 227/405/395 329/406/396 228/407/397
f 228/407/397 329/406/396 330/408/398
f 228/407/397 330/408/398 229/409/399
f 229/409/399 330/408/398 331/410/400
f 229/409/399 331/410/400 230/411/401
f 230/411/401 331/410/400 332/412/402
f 230/411/401 332/412/402 231/413/403
f 231/413/403 332/412/402 333/414/404
f 231/413/403 333/414/404 232/415/405
f 232/415/405 333/414/404 334/416/406
f 232/415/405 334/416/406 233/417/407
f 233/417/407 334/416/406 335/418/408
f 233/417/407 335/418/408 234/419/409
f 234/419/409 335/418/408 336/420/410
f 234/419/409 336/420/410 235/421/411
f 235/421/411 336/420/410 337/422/412
f 235/421/411 337/422/412 236/423/413
f 236/423/413 337/422/412 338/424/414
f 236/423/413 338/424/414 237/425/415
f 237/425/415 338/424/414 339/426/416
f 237/425/415 339/426/416 238/427/417
f 238/427/417 339/426/416 340/428/418
f 238/427/417 340/428/418 239/429/419
f 239/429/419 340/428/418 341/430/420
f 239/429/419 341/430/420 240/431/421
f 240/431/421 341/430/420 342/432/422
f 240/431/421 342/432/422 241/433/423
f 241/433/423 342/432/422 343/434/424
f 241/433/423 343/434/424 242/435/425
f 242/435/425 343/434/424 344/436/426
f 242/435/425 344/436/426 243/437/427
f 243/437/427 344/436/426 345/438/428
f 243/437/427 345/438/428 244/439/429
f 244/439/429 345/438/428 346/440/430
f 244/439/429 346/440/430 245/441/431
f 245/441/431 346/440/430 347/442/432
f 245/441/431 347/442/432 246/385/377
f 246/385/377 347/442/432 348/386/378
f 218/443/433 376/444/434 191/445/435
f 191/445/435 376/444/434 349/446/436
f 191/447/435 349/448/436 192/449/437
f 192/449/437 349/448/436 350/450/438
f 192/449/437 350/450/438 193/451/439
f 193/451/439 350/450/438 351/452/440
f 193/451/439 351/452/440 194/453/441
f 194/453/441 351/452/440 352/454/442
f 194/453/441 352/454/442 195/455/443
f 195/455/443 352/454/442 353/456/444
f 195/455/443 353/456/444 196/457/445
f 196/457/445 353/456/444 354/458/446
f 196/457/445 354/458/446 197/459/447
f 197/459/447 354/458/446 355/460/448
f 197/459/447 355/460/448 198/461/449
f 198/461/449 355/460/448 356/462/450
f 198/461/449 356/462/450 199/463/451
f 199/463/451 356/462/450 357/464/452
f 199/463/451 357/464/452 200/465/453
f 200/465/453 357/464/452 358/466/454
f 200/465/453 358/466/454 201/467/455
f 201/467/455 358/466/454 359/468/456
f 201/467/455 359/468/456 202/469/457
f 202/469/457 359/468/456 360/470/458
f 202/469/457 360/470/458 203/471/459
f 203/471/459 360/470/458 361/472/460
f 203/471/459 361/472/460 204/473/461
f 204/473/461 361/472/460 362/474/462
f 204/473/461 362/474/462 205/475/463
f 205/475/463 362/474/462 363/476/464
f 205/475/463 363/476/464 206/477/465
f 206/477/465 363/476/464 364/478/466
f 206/477/465 364/478/466 207/479/467
f 207/479/467 364/478/466 365/480/468
f 207/479/467 365/480/468 208/481/469
f 208/481/469 365/480/468 366/482/470
f 208/481/469 366/482/470 209/483/471
f 209/483/471 366/482/470 367/484/472
f 209/483/471 367/484/472 210/485/473
f 210/485/473 367/484/472 368/486/474
f 210/485/473 368/486/474 211/487/475
f 211/487/475 368/486/474 369/488/476
f 211/487/475 369/488/476 212/489/477
f 212/489/477 369/488/476 370/490/478
f 212/489/477 370/490/478 213/491/479
f 213/491/479 370/490/478 371/492/480
f 213/491/479 371/492/480 214/493/481
f 214/493/481 371/492/480 372/494/482
f 214/493/481 372/494/482 215/495/483
f 215/495/483 372/494/482 373/496/484
f 215/495/483 373/496/484 216/497/485
f 216/497/485 373/496/484 374/498/486
f 216/497/485 374/498/486 217/499/487
f 217/499/487 374/498/486 375/500/488
f 217/499/487 375/500/488 218/443/433
f 218/443/433 375/500/488 376/444/434
f 190/501/489 404/502/490 163/503/491
f 163/503/491 404/502/490 377/504/492
f 163/505/491 377/506/492 164/507/493
f 164/507/493 377/506/492 378/508/494
f 164/507/493 378/508/494 165/509/495
f 165/509/495 378/508/494 379/510/496
f 165/509/495 379/510/496 166/511/497
f 166/511/497 379/510/496 380/512/498
f 166/511/497 380/512/498 167/513/499
f 167/513/499 380/512/498 381/514/500
f 167/513/499 381/514/500 168/515/501
f 168/515/501 381/514/500 382/516/502
f 168/515/501 382/516/502 169/517/503
f 169/517/503 382/516/502 383/518/504
f 169/517/503 383/518/504 170/519/505
f 170/519/505 383/518/504 384/520/506
f 170/519/505 384/520/506 171/521/507
f 171/521/507 384/520/506 385/522/508
f 171/521/507 385/522/508 172/523/509
f 172/523/509 385/522/508 386/524/510
f 172/523/509 386/524/510 173/525/511
f 173/525/511 386/524/510 387/526/512
f 173/525/511 387/526/512 174/527/513
f 174/527/513 387/526/512 388/528/514
f 174/527/513 388/528/514 175/529/515
f 175/529/515 388/528/514 389/530/516
f 175/529/515 389/530/516 176/531/517
f 176/531/517 389/530/516 390/532/518
f 176/531/517 390/532/518 177/533/519
f 177/533/519 390/532/518 391/534/520
f 177/533/519 391/534/520 178/535/521
f 178/535/521 391/534/520 392/536/522
f 178/535/521 392/536/522 179/537/523
f 179/537/523 392/536/522 393/538/524
f 179/537/523 393/538/524 180/539/525
f 180/539/525 393/538/524 394/540/526
f 180/539/525 394/540/526 181/541/527
f 181/541/527 394/540/526 395/542/528
f 181/541/527 395/542/528 182/543/529
f 182/543/529 395/542/528 396/544/530
f 182/543/529 396/544/530 183/545/531
f 183/545/531 396/544/530 397/546/532
f 183/545/531 397/546/532 184/547/533
f 184/547/533 397/546/532 398/548/534
f 184/547/533 398/548/534 185/549/535
f 185/549/535 398/548/534 399/550/536
f 185/549/535 399/550/536 186/551/537
f 186/551/537 399/550/536 400/552/538
f 186/551/537 400/552/538 187/553/539
f 187/553/539 400/552/538 401/554/540
f 187/553/539 401/554/540 188/555/541
f 188/555/541 401/554/540 402/556/542
f 188/555/541 402/556/542 189/557/543
f 189/557/543 402/556/542 403/558/544
f 189/557/543 403/558/544 190/501/489
f 190/501/489 403/558/544 404/502/490
f 162/559/545 432/560/546 135/561/547
f 135/561/547 432/560/546 405/562/548
f 135/563/547 405/564/548 136/565/549
f 136/565/549 405/564/548 406/566/550
f 136/565/549 406/566/550 137/567/551
f 137/567/551 406/566/550 407/568/552
f 137/567/551 407/568/552 138/569/553
f 138/569/553 407/568/552 408/570/554
f 138/569/553 408/570/554 139/571/555
f 139/571/555 408/570/554 409/572/556
f 139/571/555 409/572/556 140/573/557
f 140/573/557 409/572/556 410/574/558
f 140/573/557 410/574/558 141/575/559
f 141/575/559 410/574/558 411/576/560
f 141/575/559 411/576/560 142/577/561
f 142/577/561 411/576/560 412/578/562
f 142/577/561 412/578/562 143/579/563
f 143/579/563 412/578/562 413/580/564
f 143/579/563 413/580/564 144/581/565
f 144/581/565 413/580/564 414/582/566
f 144/581/565 414/582/566 145/583/567
f 145/583/567 414/582/566 415/584/568
f 145/583/567 415/584/568 146/585/569
f 146/585/569 415/584/568 416/586/570
f 146/585/569 416/586/570 147/587/571
f 147/587/571 416/586/570 417/588/572
f 147/587/571 417/588/572 148/589/573
f 148/589/573 417/588/572 418/590/574
f 148/589/573 418/590/574 149/591/575
f 149/591/575 418/590/574 419/592/576
f 149/591/575 419/592/576 150/593/577
f 150/593/577 419/592/576 420/594/578
f 150/593/577 420/594/578 151/595/579
f 151/595/579 420/594/578 421/596/580
f 151/595/579 421/596/580 152/597/581
f 152/597/581 421/596/580 422/598/582
f 152/597/581 422/598/582 153/599/583
f 153/599/583 422/598/582 423/600/584
f 153/599/583 423/600/584 154/601/585
f 154/601/585 423/600/584 424/602/586
f 154/601/585 424/602/586 155/603/587
f 155/603/587 424/602/586 425/604/588
f 155/603/587 425/604/588 156/605/589
f 156/605/589 425/604/588 426/606/590
f 156/605/589 426/606/590 157/607/591
f 157/607/591 426/606/590 427/608/592
f 157/607/591 427/608/592 158/609/593
f 158/609/593 427/608/592 428/610/594
f 158/609/593 428/610/594 159/611/595
f 159/611/595 428/610/594 429/612/596
f 159/611/595 429/612/596 160/613/597
f 160/613/597 429/612/596 430/614/598
f 160/613/597 430/614/598 161/615/599
f 161/615/599 430/614/598 431/616/600
f 161/615/599 431/616/600 162/559/545
f 162/559/545 431/616/600 432/560/546
f 134/617/601 460/618/602 107/619/603
f 107/619/603 460/618/602 433/620/604
f 107/621/603 433/622/604 108/623/605
f 108/623/605 433/622/604 434/624/606
f 108/623/605 434/624/606 109/625/607
f 109/625/607 434/624/606 435/626/608
f 109/625/607 435/626/608 110/627/609
f 110/627/609 435/626/608 436/628/610
f 110/627/609 436/628/610 111/629/611
f 111/629/611 436/628/610 437/630/612
f 111/629/611 437/630/612 112/631/613
f 112/631/613 437/630/612 438/632/614
f 112/631/613 438/632/614 113/633/615
f 113/633/615 438/632/614 439/634/616
f 113/633/615 439/634/616 114/635/617
f 114/635/617 439/634/616 440/636/618
f 114/635/617 440/636/618 115/637/619
f 115/637/619 440/636/618 441/638/620
f 115/637/619 441/638/620 116/639/621
f 116/639/621 441/638/620 442/640/622
f 116/639/621 442/640/622 117/641/623
f 117/641/623 442/640/622 443/642/624
f 117/641/623 443/642/624 118/643/625
f 118/643/625 443/642/624 444/644/626
f 118/643/625 444/644/626 119/645/627
f 119/645/627 444/644/626 445/646/628
f 119/645/627 445/646/628 120/647/629
f 120/647/629 445/646/628 446/648/630
f 120/647/629 446/648/630 121/649/631
f 121/649/631 446/648/630 447/650/632
f 121/649/631 447/650/632 122/651/633
f 122/651/633 447/650/632 448/652/634
f 122/651/633 448/652/634 123/653/635
f 123/653/635 448/652/634 449/654/636
f 123/653/635 449/654/636 124/655/637
f 124/655/637 449/654/636 450/656/638
f 124/655/637 450/656/638 125/657/639
f 125/657/639 450/656/638 451/658/640
f 125/657/639 451/658/640 126/659/641
f 126/659/641 451/658/640 452/660/642
f 126/659/641 452/660/642 127/661/643
f 127/661/643 452/660/642 453/662/644
f 127/661/643 453/662/644 128/663/645
f 128/663/645 453/662/644 454/664/646
f 128/663/645 454/664/646 129/665/647
f 129/665/647 454/664/646 455/666/648
f 129/665/647 455/666/648 130/667/649
f 130/667/649 455/666/648 456/668/650
f 130/667/649 456/668/650 131/669/651
f 131/669/651 456/668/650 457/670/652
f 131/669/651 457/670/652 132/671/653
f 132/671/653 457/670/652 458/672/654
f 132/671/653 458/672/654 133/673/655
f 133/673/655 458/672/654 459/674/656
f 133/673/655 459/674/656 134/617/601
f 134/617/601 459/674/656 460/618/602
f 106/675/657 488/676/658 79/677/659
f 79/677/659 488/676/658 461/678/660
f 79/679/659 461/680/660 80/681/661
f 80/681/661 461/680/660 462/682/662
f 80/681/661 462/682/662 81/683/663
f 81/683/663 462/682/662 463/684/664
f 81/683/663 463/684/664 82/685/665
f 82/685/665 463/684/664 464/686/666
f 82/685/665 464/686/666 83/687/667
f 83/687/667 464/686/666 465/688/668
f 83/687/667 465/688/668 84/689/669
f 84/689/669 465/688/668 466/690/670
f 84/689/669 466/690/670 85/691/671
f 85/691/671 466/690/670 467/692/672
f 85/691/671 467/692/672 86/693/673
f 86/693/673 467/692/672 468/694/674
f 86/693/673 468/694/674 87/695/675
f 87/695/675 468/694/674 469/696/676
f 87/695/675 469/696/676 88/697/677
f 88/697/677 469/696/676 470/698/678
f 88/697/677 470/698/678 89/699/679
f 89/699/679 470/698/678 471/700/680
f 89/699/679 471/700/680 90/701/681
f 90/701/681 471/700/680 472/702/682
f 90/701/681 472/702/682 91/703/683
f 91/703/683 472/702/682 473/704/684
f 91/703/683 473/704/684 92/705/685
f 92/705/685 473/704/684 474/706/686
f 92/705/685 474/706/686 93/707/687
f 93/707/687 474/706/686 475/708/688
f 93/707/687 475/708/688 94/709/689
f 94/709/689 475/708/688 476/710/690
f 94/709/689 476/710/690 95/711/691
f 95/711/691 476/710/690 477/712/692
f 95/711/691 477/712/692 96/713/693
f 96/713/693 477/712/692 478/714/694
f 96/713/693 478/714/694 97/715/695
f 97/715/695 478/714/694 479/716/696
f 97/715/695 479/716/696 98/717/697
f 98/717/697 479/716/696 480/718/698
f 98/717/697 480/718/698 99/719/699
f 99/719/699 480/718/698 481/720/700
f 99/719/699 481/720/700 100/721/701
f 100/721/701 481/720/700 482/722/702
f 100/721/701 482/722/702 101/723/703
f 101/723/703 482/722/702 483/724/704
f 101/723/703 483/724/704 102/725/705
f 102/725/705 483/724/704 484/726/706
f 102/725/705 484/726/706 103/727/707
f 103/727/707 484/726/706 485/728/708
f 103/727/707 485/728/708 104/729/709
f 104/729/709 485/728/708 486/730/710
f 104/729/709 486/730/710 105/731/711
f 105/731/711 486/730/710 487/732/712
f 105/731/711 487/732/712 106/675/657
f 106/675/657 487/732/712 488/676/658
f 78/733/713 516/734/714 51/735/715
f 51/735/715 516/734/714 489/736/716
f 51/737/715 489/738/716 52/739/717
f 52/739/717 489/738/716 490/740/718
f 52/739/717 490/740/718 53/741/719
f 53/741/719 490/740/718 491/742/720
f 53/741/719 491/742/720 54/743/721
f 54/743/721 491/742/720 492/744/722
f 54/743/721 492/744/722 55/745/723
f 55/745/723 492/744/722 493/746/724
f 55/745/723 493/746/724 56/747/725
f 56/747/725 493/746/724 494/748/726
f 56/747/725 494/748/726 57/749/727
f 57/749/727 494/748/726 495/750/728
f 57/749/727 495/750/728 58/751/729
f 58/751/729 495/750/728 496/752/730
f 58/751/729 496/752/730 59/753/731
f 59/753/731 496/752/730 497/754/732
f 59/753/731 497/754/732 60/755/733
f 60/755/733 497/754/732 498/756/734
f 60/755/733 498/756/734 61/757/735
f 61/757/735 498/756/734 499/758/736
f 61/757/735 499/758/736 62/759/737
f 62/759/737 499/758/736 500/760/738
f 62/759/737 500/760/738 63/761/739
f 63/761/739 500/760/738 501/762/740
f 63/761/739 501/762/740 64/763/741
f 64/763/741 501/762/740 502/764/742
f 64/763/741 502/764/742 65/765/743
f 65/765/743 502/764/742 503/766/744
f 65/765/743 503/766/744 66/767/745
f 66/767/745 503/766/744 504/768/746
f 66/767/745 504/768/746 67/769/747
f 67/769/747 504/768/746 505/770/748
f 67/769/747 505/770/748 68/771/749
f 68/771/749 505/770/748 506/772/750
f 68/771/749 506/772/750 69/773/751
f 69/773/751 506/772/750 507/774/752
f 69/773/751 507/774/752 70/775/753
f 70/775/753 507/774/752 508/776/754
f 70/775/753 508/776/754 71/777/755
f 71/777/755 508/776/754 509/778/756
f 71/777/755 509/778/756 72/779/757
f 72/779/757 509/778/756 510/780/758
f 72/779/757 510/780/758 73/781/759
f 73/781/759 510/780/758 511/782/760
f 73/781/759 511/782/760 74/783/761
f 74/783/761 511/782/760 512/784/762
f 74/783/761 512/784/762 75/785/763
f 75/785/763 512/784/762 513/786/764
f 75/785/763 513/786/764 76/787/765
f 76/787/765 513/786/764 514/788/766
f 76/787/765 514/788/766 77/789/767
f 77/789/767 514/788/766 515/790/768
f 77/789/767 515/790/768 78/733/713
f 78/733/713 515/790/768 516/734/714
f 50/791/769 544/792/770 23/793/771
f 23/793/771 544/792/770 517/794/772
f 23/795/771 517/796/772 24/797/773
f 24/797/773 517/796/772 518/798/774
f 24/797/773 518/798/774 25/799/775
f 25/799/775 518/798/774 519/800/776
f 25/799/775 519/800/776 26/801/777
f 26/801/777 519/800/776 520/802/778
f 26/801/777 520/802/778 27/803/779
f 27/803/779 520/802/778 521/804/780
f 27/803/779 521/804/780 28/805/781
f 28/805/781 521/804/780 522/806/782
f 28/805/781 522/806/782 29/807/783
f 29/807/783 522/806/782 523/808/784
f 29/807/783 523/808/784 30/809/785
f 30/809/785 523/808/784 524/810/786
f 30/809/785 524/810/786 31/811/787
f 31/811/787 524/810/786 525/812/788
f 31/811/787 525/812/788 32/813/789
f 32/813/789 525/812/788 526/814/790
f 32/813/789 526/814/790 33/815/791
f 33/815/791 526/814/790 527/816/792
f 33/815/791 527/816/792 34/817/793
f 34/817/793 527/816/792 528/818/794
f 34/817/793 528/818/794 35/819/795
f 35/819/795 528/818/794 529/820/796
f 35/819/795 529/820/796 36/821/797
f 36/821/797 529/820/796 530/822/798
f 36/821/797 530/822/798 37/823/799
f 37/823/799 530/822/798 531/824/800
f 37/823/799 531/824/800 38/825/801
f 38/825/801 531/824/800 532/826/802
f 38/825/801 532/826/802 39/827/803
f 39/827/803 532/826/802 533/828/804
f 39/827/803 533/828/804 40/829/805
f 40/829/805 533/828/804 534/830/806
f 40/829/805 534/830/806 41/831/807
f 41/831/807 534/830/806 535/832/808
f 41/831/807 535/832/808 42/833/809
f 42/833/809 535/832/808 536/834/810
f 42/833/809 536/834/810 43/835/811
f 43/835/811 536/834/810 537/836/812
f 43/835/811 537/836/812 44/837/813
f 44/837/813 537/836/812 538/838/814
f 44/837/813 538/838/814 45/839/815
f 45/839/815 538/838/814 539/840/816
f 45/839/815 539/840/816 46/841/817
f 46/841/817 539/840/816 540/842/818
f 46/841/817 540/842/818 47/843/819
f 47/843/819 540/842/818 541/844/820
f 47/843/819 541/844/820 48/845/821
f 48/845/821 541/844/820 542/846/822
f 48/845/821 542/846/822 49/847/823
f 49/847/823 542/846/822 543/848/824
f 49/847/823 543/848/824 50/791/769
f 50/791/769 543/848/824 544/792/770
f 294/849/297 295/850/337 261/851/298
f 261/851/298 295/850/337 262/852/338
f 11/853/22 283/854/342 12/855/21
f 12/855/21 283/854/342 316/856/341
f 21/857/825 362/858/826 22/859/827
f 22/859/827 362/858/826 361/860/828
f 22/859/827 361/860/828 360/861/829
f 21/857/825 20/862/830 362/858/826
f 362/858/826 20/862/830 363/863/831
f 363/863/831 20/862/830 19/864/832
f 363/863/831 19/864/832 18/865/833
f 363/863/831 18/865/833 12/866/834
f 12/866/834 18/865/833 17/867/835
f 12/866/834 17/867/835 16/868/836
f 16/868/836 15/869/837 12/866/834
f 12/866/834 15/869/837 14/870/838
f 12/866/834 14/870/838 13/871/839
f 316/872/840 475/873/841 12/866/834
f 12/866/834 475/873/841 474/874/842
f 12/866/834 474/874/842 473/875/843
f 315/876/844 314/877/845 316/872/840
f 316/872/840 314/877/845 313/878/846
f 316/872/840 313/878/846 312/879/847
f 312/879/847 311/880/848 316/872/840
f 316/872/840 311/880/848 310/881/849
f 316/872/840 310/881/849 309/882/850
f 309/882/850 308/883/851 316/872/840
f 316/872/840 308/883/851 307/884/852
f 316/872/840 307/884/852 306/885/853
f 305/886/854 320/887/855 306/885/853
f 306/885/853 320/887/855 319/888/856
f 306/885/853 319/888/856 398/889/857
f 398/889/857 319/888/856 399/890/858
f 399/890/858 319/888/856 400/891/859
f 400/891/859 319/888/856 401/892/860
f 401/892/860 319/888/856 402/893/861
f 402/893/861 319/888/856 403/894/862
f 403/894/862 319/888/856 404/895/863
f 404/895/863 319/888/856 377/896/864
f 377/896/864 319/888/856 378/897/865
f 378/897/865 319/888/856 379/898/866
f 379/898/866 319/888/856 515/899/867
f 379/898/866 515/899/867 380/900/868
f 380/900/868 515/899/867 514/901/869
f 380/900/868 514/901/869 381/902/870
f 381/902/870 514/901/869 513/903/871
f 381/902/870 513/903/871 382/904/872
f 382/904/872 513/903/871 512/905/873
f 382/904/872 512/905/873 383/906/874
f 383/906/874 512/905/873 511/907/875
f 383/906/874 511/907/875 384/908/876
f 384/908/876 511/907/875 510/909/877
f 384/908/876 510/909/877 385/910/878
f 385/910/878 510/909/877 509/911/879
f 385/910/878 509/911/879 386/912/880
f 386/912/880 509/911/879 508/913/881
f 386/912/880 508/913/881 387/914/882
f 387/914/882 508/913/881 507/915/883
f 387/914/882 507/915/883 388/916/884
f 388/916/884 507/915/883 506/917/885
f 388/916/884 506/917/885 389/918/886
f 389/918/886 506/917/885 505/919/887
f 389/918/886 505/919/887 390/920/888
f 390/920/888 505/919/887 504/921/889
f 390/920/888 504/921/889 316/872/840
f 316/872/840 504/921/889 503/922/890
f 316/872/840 503/922/890 502/923/891
f 304/924/892 295/925/893 305/886/854
f 305/886/854 295/925/893 434/926/894
f 305/886/854 434/926/894 433/927/895
f 304/924/892 303/928/896 295/925/893
f 295/925/893 303/928/896 302/929/897
f 295/925/893 302/929/897 301/930/898
f 301/930/898 300/931/899 295/925/893
f 295/925/893 300/931/899 299/932/900
f 295/925/893 299/932/900 298/933/901
f 298/933/901 297/934/902 295/925/893
f 295/925/893 297/934/902 296/935/903
f 294/936/904 517/937/905 295/925/893
f 295/925/893 517/937/905 544/938/906
f 295/925/893 544/938/906 543/939/907
f 293/940/908 292/941/909 294/936/904
f 294/936/904 292/941/909 291/942/910
f 294/936/904 291/942/910 290/943/911
f 290/943/911 289/944/912 294/936/904
f 294/936/904 289/944/912 288/945/913
f 294/936/904 288/945/913 287/946/914
f 287/946/914 286/947/915 294/936/904
f 294/936/904 286/947/915 321/948/916
f 294/936/904 321/948/916 348/949/917
f 286/947/915 285/950/918 321/948/916
f 321/948/916 285/950/918 284/951/919
f 321/948/916 284/951/919 322/952/920
f 322/952/920 284/951/919 323/953/921
f 323/953/921 284/951/919 324/954/922
f 324/954/922 284/951/919 325/955/923
f 325/955/923 284/951/919 326/956/924
f 326/956/924 284/951/919 327/957/925
f 327/957/925 284/951/919 328/958/926
f 328/958/926 284/951/919 329/959/927
f 329/959/927 284/951/919 330/960/928
f 330/960/928 284/951/919 22/859/827
f 330/960/928 22/859/827 354/961/929
f 354/961/929 22/859/827 355/962/930
f 355/962/930 22/859/827 356/963/931
f 356/963/931 22/859/827 357/964/932
f 357/964/932 22/859/827 358/965/933
f 358/965/933 22/859/827 359/966/934
f 359/966/934 22/859/827 360/861/829
f 320/887/855 421/967/935 317/968/936
f 317/968/936 421/967/935 420/969/937
f 317/968/936 420/969/937 419/970/938
f 319/888/856 318/971/939 515/899/867
f 515/899/867 318/971/939 516/972/940
f 516/972/940 318/971/939 489/973/941
f 489/973/941 318/971/939 490/974/942
f 490/974/942 318/971/939 491/975/943
f 491/975/943 318/971/939 492/976/944
f 492/976/944 318/971/939 493/977/945
f 493/977/945 318/971/939 494/978/946
f 494/978/946 318/971/939 495/979/947
f 495/979/947 318/971/939 486/980/948
f 495/979/947 486/980/948 485/981/949
f 317/968/936 531/982/950 318/971/939
f 318/971/939 531/982/950 461/983/951
f 318/971/939 461/983/951 488/984/952
f 543/939/907 542/985/953 295/925/893
f 295/925/893 542/985/953 406/986/954
f 295/925/893 406/986/954 405/987/955
f 542/985/953 541/988/956 406/986/954
f 406/986/954 541/988/956 407/989/957
f 407/989/957 541/988/956 540/990/958
f 407/989/957 540/990/958 408/991/959
f 408/991/959 540/990/958 539/992/960
f 408/991/959 539/992/960 409/993/961
f 409/993/961 539/992/960 538/994/962
f 409/993/961 538/994/962 410/995/963
f 410/995/963 538/994/962 537/996/964
f 410/995/963 537/996/964 536/997/965
f 535/998/966 412/999/967 536/997/965
f 536/997/965 412/999/967 411/1000/968
f 536/997/965 411/1000/968 410/995/963
f 412/999/967 535/998/966 413/1001/969
f 413/1001/969 535/998/966 534/1002/970
f 413/1001/969 534/1002/970 317/968/936
f 317/968/936 534/1002/970 533/1003/971
f 317/968/936 533/1003/971 532/1004/972
f 532/1004/972 531/982/950 317/968/936
f 461/983/951 531/982/950 462/1005/973
f 462/1005/973 531/982/950 530/1006/974
f 462/1005/973 530/1006/974 463/1007/975
f 463/1007/975 530/1006/974 529/1008/976
f 463/1007/975 529/1008/976 375/1009/977
f 375/1009/977 529/1008/976 337/1010/978
f 375/1009/977 337/1010/978 376/1011/979
f 376/1011/979 337/1010/978 336/1012/980
f 376/1011/979 336/1012/980 349/1013/981
f 349/1013/981 336/1012/980 335/1014/982
f 349/1013/981 335/1014/982 350/1015/983
f 350/1015/983 335/1014/982 334/1016/984
f 350/1015/983 334/1016/984 351/1017/985
f 351/1017/985 334/1016/984 333/1018/986
f 351/1017/985 333/1018/986 352/1019/987
f 352/1019/987 333/1018/986 332/1020/988
f 352/1019/987 332/1020/988 353/1021/989
f 353/1021/989 332/1020/988 331/1022/990
f 353/1021/989 331/1022/990 354/961/929
f 354/961/929 331/1022/990 330/960/928
f 337/1010/978 529/1008/976 338/1023/991
f 338/1023/991 529/1008/976 528/1024/992
f 338/1023/991 528/1024/992 339/1025/993
f 339/1025/993 528/1024/992 527/1026/994
f 339/1025/993 527/1026/994 340/1027/995
f 340/1027/995 527/1026/994 526/1028/996
f 340/1027/995 526/1028/996 341/1029/997
f 341/1029/997 526/1028/996 525/1030/998
f 341/1029/997 525/1030/998 342/1031/999
f 342/1031/999 525/1030/998 524/1032/1000
f 342/1031/999 524/1032/1000 523/1033/1001
f 342/1031/999 523/1033/1001 343/1034/1002
f 343/1034/1002 523/1033/1001 522/1035/1003
f 343/1034/1002 522/1035/1003 344/1036/1004
f 344/1036/1004 522/1035/1003 521/1037/1005
f 344/1036/1004 521/1037/1005 345/1038/1006
f 345/1038/1006 521/1037/1005 520/1039/1007
f 345/1038/1006 520/1039/1007 346/1040/1008
f 346/1040/1008 520/1039/1007 294/936/904
f 346/1040/1008 294/936/904 347/1041/1009
f 347/1041/1009 294/936/904 348/949/917
f 520/1039/1007 519/1042/1010 294/936/904
f 294/936/904 519/1042/1010 518/1043/1011
f 294/936/904 518/1043/1011 517/937/905
f 501/1044/1012 479/1045/1013 502/923/891
f 502/923/891 479/1045/1013 478/1046/1014
f 502/923/891 478/1046/1014 316/872/840
f 316/872/840 478/1046/1014 477/1047/1015
f 316/872/840 477/1047/1015 476/1048/1016
f 479/1045/1013 501/1044/1012 480/1049/1017
f 480/1049/1017 501/1044/1012 500/1050/1018
f 480/1049/1017 500/1050/1018 481/1051/1019
f 481/1051/1019 500/1050/1018 499/1052/1020
f 481/1051/1019 499/1052/1020 482/1053/1021
f 482/1053/1021 499/1052/1020 483/1054/1022
f 483/1054/1022 499/1052/1020 498/1055/1023
f 483/1054/1022 498/1055/1023 484/1056/1024
f 484/1056/1024 498/1055/1023 497/1057/1025
f 484/1056/1024 497/1057/1025 485/981/949
f 485/981/949 497/1057/1025 496/1058/1026
f 485/981/949 496/1058/1026 495/979/947
f 488/984/952 487/1059/1027 318/971/939
f 318/971/939 487/1059/1027 486/980/948
f 476/1048/1016 475/873/841 316/872/840
f 473/875/843 472/1060/1028 12/866/834
f 12/866/834 472/1060/1028 366/1061/1029
f 12/866/834 366/1061/1029 365/1062/1030
f 366/1061/1029 472/1060/1028 367/1063/1031
f 367/1063/1031 472/1060/1028 471/1064/1032
f 367/1063/1031 471/1064/1032 368/1065/1033
f 368/1065/1033 471/1064/1032 470/1066/1034
f 368/1065/1033 470/1066/1034 369/1067/1035
f 369/1067/1035 470/1066/1034 469/1068/1036
f 369/1067/1035 469/1068/1036 370/1069/1037
f 370/1069/1037 469/1068/1036 468/1070/1038
f 370/1069/1037 468/1070/1038 467/1071/1039
f 370/1069/1037 467/1071/1039 371/1072/1040
f 371/1072/1040 467/1071/1039 466/1073/1041
f 371/1072/1040 466/1073/1041 372/1074/1042
f 372/1074/1042 466/1073/1041 465/1075/1043
f 372/1074/1042 465/1075/1043 373/1076/1044
f 373/1076/1044 465/1075/1043 464/1077/1045
f 373/1076/1044 464/1077/1045 374/1078/1046
f 374/1078/1046 464/1077/1045 463/1007/975
f 374/1078/1046 463/1007/975 375/1009/977
f 433/927/895 460/1079/1047 305/886/854
f 305/886/854 460/1079/1047 459/1080/1048
f 305/886/854 459/1080/1048 458/1081/1049
f 458/1081/1049 457/1082/1050 305/886/854
f 305/886/854 457/1082/1050 456/1083/1051
f 305/886/854 456/1083/1051 455/1084/1052
f 455/1084/1052 454/1085/1053 305/886/854
f 305/886/854 454/1085/1053 320/887/855
f 454/1085/1053 453/1086/1054 320/887/855
f 320/887/855 453/1086/1054 452/1087/1055
f 320/887/855 452/1087/1055 451/1088/1056
f 451/1088/1056 450/1089/1057 320/887/855
f 320/887/855 450/1089/1057 449/1090/1058
f 320/887/855 449/1090/1058 448/1091/1059
f 448/1091/1059 447/1092/1060 320/887/855
f 320/887/855 447/1092/1060 446/1093/1061
f 320/887/855 446/1093/1061 445/1094/1062
f 320/887/855 445/1094/1062 421/967/935
f 421/967/935 445/1094/1062 444/1095/1063
f 421/967/935 444/1095/1063 422/1096/1064
f 422/1096/1064 444/1095/1063 423/1097/1065
f 423/1097/1065 444/1095/1063 443/1098/1066
f 423/1097/1065 443/1098/1066 424/1099/1067
f 424/1099/1067 443/1098/1066 442/1100/1068
f 424/1099/1067 442/1100/1068 425/1101/1069
f 425/1101/1069 442/1100/1068 441/1102/1070
f 425/1101/1069 441/1102/1070 426/1103/1071
f 426/1103/1071 441/1102/1070 440/1104/1072
f 426/1103/1071 440/1104/1072 439/1105/1073
f 426/1103/1071 439/1105/1073 427/1106/1074
f 427/1106/1074 439/1105/1073 438/1107/1075
f 427/1106/1074 438/1107/1075 428/1108/1076
f 428/1108/1076 438/1107/1075 429/1109/1077
f 429/1109/1077 438/1107/1075 437/1110/1078
f 429/1109/1077 437/1110/1078 430/1111/1079
f 430/1111/1079 437/1110/1078 436/1112/1080
f 430/1111/1079 436/1112/1080 431/1113/1081
f 431/1113/1081 436/1112/1080 435/1114/1082
f 431/1113/1081 435/1114/1082 432/1115/1083
f 432/1115/1083 435/1114/1082 434/926/894
f 432/1115/1083 434/926/894 295/925/893
f 405/987/955 432/1115/1083 295/925/893
f 419/970/938 418/1116/1084 317/968/936
f 317/968/936 418/1116/1084 417/1117/1085
f 317/968/936 417/1117/1085 416/1118/1086
f 416/1118/1086 415/1119/1087 317/968/936
f 317/968/936 415/1119/1087 414/1120/1088
f 317/968/936 414/1120/1088 413/1001/969
f 398/889/857 397/1121/1089 306/885/853
f 306/885/853 397/1121/1089 396/1122/1090
f 306/885/853 396/1122/1090 395/1123/1091
f 395/1123/1091 394/1124/1092 306/885/853
f 306/885/853 394/1124/1092 393/1125/1093
f 306/885/853 393/1125/1093 392/1126/1094
f 392/1126/1094 391/1127/1095 306/885/853
f 306/885/853 391/1127/1095 316/872/840
f 391/1127/1095 390/920/888 316/872/840
f 365/1062/1030 364/1128/1096 12/866/834
f 12/866/834 364/1128/1096 363/863/831
# 544 vertices
# 1128 texture params
# 1096 normals
# 1120 facets

# 1 groups
