# WaveFront *.obj file (generated by Autodesk ATF)

mtllib Leg Joint 1.mtl

g Body1

v 29.440817 8.998431 1.865270
v 29.440817 8.985112 1.820784
v 29.440817 8.961894 1.780568
v 29.440817 8.930027 1.746791
v 29.440817 8.891229 1.721273
v 29.440817 8.847592 1.705391
v 29.440817 8.801469 1.700000
v 35.000000 8.801469 1.700000
v 35.000000 8.847592 1.705391
v 35.000000 8.891229 1.721273
v 35.000000 8.930027 1.746791
v 35.000000 8.961894 1.780568
v 35.000000 8.985112 1.820784
v 35.000000 8.998431 1.865270
v 30.367348 8.985112 1.820784
v 31.293878 8.985112 1.820784
v 32.220409 8.985112 1.820784
v 33.146939 8.985112 1.820784
v 34.073470 8.985112 1.820784
v 30.367348 8.961894 1.780568
v 31.293878 8.961894 1.780568
v 32.220409 8.961894 1.780568
v 33.146939 8.961894 1.780568
v 34.073470 8.961894 1.780568
v 30.367348 8.930027 1.746791
v 31.293878 8.930027 1.746791
v 32.220409 8.930027 1.746791
v 33.146939 8.930027 1.746791
v 34.073470 8.930027 1.746791
v 30.367348 8.891229 1.721273
v 31.293878 8.891229 1.721273
v 32.220409 8.891229 1.721273
v 33.146939 8.891229 1.721273
v 34.073470 8.891229 1.721273
v 30.367348 8.847592 1.705391
v 31.293878 8.847592 1.705391
v 32.220409 8.847592 1.705391
v 33.146939 8.847592 1.705391
v 34.073470 8.847592 1.705391
v 29.243856 8.801469 1.865270
v 29.251822 8.851512 1.857851
v 29.272181 8.898274 1.853196
v 29.303598 8.938689 1.851609
v 29.344012 8.970105 1.853196
v 29.390774 8.990464 1.857851
v 29.152571 9.286678 3.500000
v 29.101219 9.280019 3.500000
v 29.053636 9.260481 3.500000
v 29.012942 9.229344 3.500000
v 28.981805 9.188650 3.500000
v 28.962267 9.141068 3.500000
v 28.955609 9.089716 3.500000
v 29.106494 8.996840 2.682047
v 29.126854 9.043602 2.677391
v 29.158270 9.084017 2.675805
v 29.198684 9.115433 2.677391
v 29.245446 9.135792 2.682047
v 29.257174 8.801469 1.820784
v 29.280393 8.801469 1.780568
v 29.312260 8.801469 1.746791
v 29.351058 8.801469 1.721273
v 29.394694 8.801469 1.705391
v 29.315864 8.848443 1.751071
v 29.356935 8.846931 1.724224
v 29.368012 8.891153 1.736733
v 29.383156 8.930365 1.758363
v 29.401522 8.962375 1.787905
v 29.422083 8.985396 1.823711
v 29.387984 8.986652 1.845999
v 29.362256 8.963821 1.813571
v 29.340917 8.931920 1.785972
v 29.325160 8.892731 1.764743
v 29.329755 8.959163 1.847106
v 29.305955 8.926909 1.822046
v 29.289689 8.887647 1.801341
v 29.281867 8.843571 1.786148
v 29.263936 8.876236 1.844118
v 29.257184 8.832634 1.827148
v 29.402380 8.839132 1.707376
v 29.415427 8.883016 1.719154
v 29.429892 8.922344 1.741035
v 29.440817 -8.801469 1.700000
v 35.000000 -8.801469 1.700000
v 29.243856 -8.801469 1.865270
v 29.257174 -8.801469 1.820784
v 29.280393 -8.801469 1.780568
v 29.312260 -8.801469 1.746791
v 29.351058 -8.801469 1.721273
v 29.394694 -8.801469 1.705391
v 29.394694 7.823528 1.705391
v 29.394694 6.845587 1.705391
v 29.394694 5.867646 1.705391
v 29.394694 4.889705 1.705391
v 29.394694 3.911764 1.705391
v 29.394694 2.933823 1.705391
v 29.394694 1.955882 1.705391
v 29.394694 0.977941 1.705391
v 29.394694 -0.000000 1.705391
v 29.394694 -0.977941 1.705391
v 29.394694 -1.955882 1.705391
v 29.394694 -2.933823 1.705391
v 29.394694 -3.911764 1.705391
v 29.394694 -4.889705 1.705391
v 29.394694 -5.867646 1.705391
v 29.394694 -6.845587 1.705391
v 29.394694 -7.823528 1.705391
v 29.351058 7.823528 1.721273
v 29.351058 6.845587 1.721273
v 29.351058 5.867646 1.721273
v 29.351058 4.889705 1.721273
v 29.351058 3.911764 1.721273
v 29.351058 2.933823 1.721273
v 29.351058 1.955882 1.721273
v 29.351058 0.977941 1.721273
v 29.351058 -0.000000 1.721273
v 29.351058 -0.977941 1.721273
v 29.351058 -1.955882 1.721273
v 29.351058 -2.933823 1.721273
v 29.351058 -3.911764 1.721273
v 29.351058 -4.889705 1.721273
v 29.351058 -5.867646 1.721273
v 29.351058 -6.845587 1.721273
v 29.351058 -7.823528 1.721273
v 29.312260 7.823528 1.746791
v 29.312260 6.845587 1.746791
v 29.312260 5.867646 1.746791
v 29.312260 4.889705 1.746791
v 29.312260 3.911764 1.746791
v 29.312260 2.933823 1.746791
v 29.312260 1.955882 1.746791
v 29.312260 0.977941 1.746791
v 29.312260 -0.000000 1.746791
v 29.312260 -0.977941 1.746791
v 29.312260 -1.955882 1.746791
v 29.312260 -2.933823 1.746791
v 29.312260 -3.911764 1.746791
v 29.312260 -4.889705 1.746791
v 29.312260 -5.867646 1.746791
v 29.312260 -6.845587 1.746791
v 29.312260 -7.823528 1.746791
v 29.280393 7.823528 1.780568
v 29.280393 6.845587 1.780568
v 29.280393 5.867646 1.780568
v 29.280393 4.889705 1.780568
v 29.280393 3.911764 1.780568
v 29.280393 2.933823 1.780568
v 29.280393 1.955882 1.780568
v 29.280393 0.977941 1.780568
v 29.280393 -0.000000 1.780568
v 29.280393 -0.977941 1.780568
v 29.280393 -1.955882 1.780568
v 29.280393 -2.933823 1.780568
v 29.280393 -3.911764 1.780568
v 29.280393 -4.889705 1.780568
v 29.280393 -5.867646 1.780568
v 29.280393 -6.845587 1.780568
v 29.280393 -7.823528 1.780568
v 29.257174 7.823528 1.820784
v 29.257174 6.845587 1.820784
v 29.257174 5.867646 1.820784
v 29.257174 4.889705 1.820784
v 29.257174 3.911764 1.820784
v 29.257174 2.933823 1.820784
v 29.257174 1.955882 1.820784
v 29.257174 0.977941 1.820784
v 29.257174 -0.000000 1.820784
v 29.257174 -0.977941 1.820784
v 29.257174 -1.955882 1.820784
v 29.257174 -2.933823 1.820784
v 29.257174 -3.911764 1.820784
v 29.257174 -4.889705 1.820784
v 29.257174 -5.867646 1.820784
v 29.257174 -6.845587 1.820784
v 29.257174 -7.823528 1.820784
v 28.955609 -9.089716 3.500000
v -1.000000 4.000000 3.500000
v 15.000000 4.000000 3.500000
v 15.000000 -4.000000 3.500000
v -1.000000 -4.000000 3.500000
v 24.750000 10.250000 3.500000
v 24.784074 10.508819 3.500000
v 24.883975 10.750000 3.500000
v 25.042893 10.957107 3.500000
v 25.250000 11.116025 3.500000
v 25.491181 11.215926 3.500000
v 25.750000 11.250000 3.500000
v 26.008819 11.215926 3.500000
v 26.250000 11.116025 3.500000
v 26.457107 10.957107 3.500000
v 26.616025 10.750000 3.500000
v 26.715926 10.508819 3.500000
v 26.750000 10.250000 3.500000
v 26.715926 9.991181 3.500000
v 26.616025 9.750000 3.500000
v 26.457107 9.542893 3.500000
v 26.250000 9.383975 3.500000
v 26.008819 9.284074 3.500000
v 25.750000 9.250000 3.500000
v 25.491181 9.284074 3.500000
v 25.250000 9.383975 3.500000
v 25.042893 9.542893 3.500000
v 24.883975 9.750000 3.500000
v 24.784074 9.991181 3.500000
v 24.750000 -10.250000 3.500000
v 24.784074 -9.991181 3.500000
v 24.883975 -9.750000 3.500000
v 25.042893 -9.542893 3.500000
v 25.250000 -9.383975 3.500000
v 25.491181 -9.284074 3.500000
v 25.750000 -9.250000 3.500000
v 26.008819 -9.284074 3.500000
v 26.250000 -9.383975 3.500000
v 26.457107 -9.542893 3.500000
v 26.616025 -9.750000 3.500000
v 26.715926 -9.991181 3.500000
v 26.750000 -10.250000 3.500000
v 26.715926 -10.508819 3.500000
v 26.616025 -10.750000 3.500000
v 26.457107 -10.957107 3.500000
v 26.250000 -11.116025 3.500000
v 26.008819 -11.215926 3.500000
v 25.750000 -11.250000 3.500000
v 25.491181 -11.215926 3.500000
v 25.250000 -11.116025 3.500000
v 25.042893 -10.957107 3.500000
v 24.883975 -10.750000 3.500000
v 24.784074 -10.508819 3.500000
v -23.548394 8.054964 3.500000
v -23.514320 8.313783 3.500000
v -23.414419 8.554964 3.500000
v -23.255501 8.762070 3.500000
v -23.048394 8.920989 3.500000
v -22.807213 9.020889 3.500000
v -22.548394 9.054964 3.500000
v -22.289575 9.020889 3.500000
v -22.048394 8.920989 3.500000
v -21.841287 8.762070 3.500000
v -21.682368 8.554964 3.500000
v -21.582468 8.313783 3.500000
v -21.548394 8.054964 3.500000
v -21.582468 7.796145 3.500000
v -21.682368 7.554964 3.500000
v -21.841287 7.347857 3.500000
v -22.048394 7.188938 3.500000
v -22.289575 7.089038 3.500000
v -22.548394 7.054964 3.500000
v -22.807213 7.089038 3.500000
v -23.048394 7.188938 3.500000
v -23.255501 7.347857 3.500000
v -23.414419 7.554964 3.500000
v -23.514320 7.796145 3.500000
v -13.298394 -9.698557 3.500000
v -13.264320 -9.439738 3.500000
v -13.164419 -9.198557 3.500000
v -13.005501 -8.991450 3.500000
v -12.798394 -8.832532 3.500000
v -12.557213 -8.732631 3.500000
v -12.298394 -8.698557 3.500000
v -12.039575 -8.732631 3.500000
v -11.798394 -8.832532 3.500000
v -11.591287 -8.991450 3.500000
v -11.432368 -9.198557 3.500000
v -11.332468 -9.439738 3.500000
v -11.298394 -9.698557 3.500000
v -11.332468 -9.957376 3.500000
v -11.432368 -10.198557 3.500000
v -11.591287 -10.405664 3.500000
v -11.798394 -10.564583 3.500000
v -12.039575 -10.664483 3.500000
v -12.298394 -10.698557 3.500000
v -12.557213 -10.664483 3.500000
v -12.798394 -10.564583 3.500000
v -13.005501 -10.405664 3.500000
v -13.164419 -10.198557 3.500000
v -13.264320 -9.957376 3.500000
v 34.000000 9.286678 3.500000
v 34.000000 14.000000 3.500000
v -19.732051 14.000000 3.500000
v -30.758330 7.633975 3.500000
v -27.258765 1.572550 3.500000
v -16.550244 7.755118 3.500000
v -16.499685 7.776739 3.500000
v -16.446281 7.785359 3.500000
v -16.393519 7.780414 3.500000
v -16.344844 7.762229 3.500000
v -16.303435 7.731989 3.500000
v -16.271996 7.691671 3.500000
v -9.474816 -4.081391 3.500000
v -9.455619 -4.128777 3.500000
v -9.450135 -4.179758 3.500000
v -9.458723 -4.231004 3.500000
v -9.480822 -4.279170 3.500000
v -9.514989 -4.321109 3.500000
v -9.558993 -4.354084 3.500000
v -20.267514 -10.536652 3.500000
v -16.758322 -16.614751 3.500000
v -12.229441 -14.000000 3.500000
v 34.000000 -14.000000 3.500000
v 34.000000 -9.286678 3.500000
v 29.152571 -9.286678 3.500000
v 29.101219 -9.280019 3.500000
v 29.053636 -9.260481 3.500000
v 29.012942 -9.229344 3.500000
v 28.981805 -9.188650 3.500000
v 28.962267 -9.141068 3.500000
v 35.000000 9.110351 2.500000
v 34.965926 9.155988 2.758819
v 34.866025 9.198514 3.000000
v 34.707107 9.235033 3.207107
v 34.500000 9.263054 3.366025
v 34.258819 9.280670 3.465926
v 29.440817 -8.998431 1.865270
v 29.390774 -8.990464 1.857851
v 29.344012 -8.970105 1.853196
v 29.303598 -8.938689 1.851609
v 29.272181 -8.898274 1.853196
v 29.251822 -8.851512 1.857851
v 29.245446 -9.135792 2.682047
v 29.198684 -9.115433 2.677391
v 29.158270 -9.084017 2.675805
v 29.126854 -9.043602 2.677391
v 29.106494 -8.996840 2.682047
v 29.440817 -8.847592 1.705391
v 29.440817 -8.891229 1.721273
v 29.440817 -8.930027 1.746791
v 29.440817 -8.961894 1.780568
v 29.440817 -8.985112 1.820784
v 35.000000 -8.998431 1.865270
v 35.000000 -8.985112 1.820784
v 35.000000 -8.961894 1.780568
v 35.000000 -8.930027 1.746791
v 35.000000 -8.891229 1.721273
v 35.000000 -8.847592 1.705391
v 30.367348 -8.847592 1.705391
v 31.293878 -8.847592 1.705391
v 32.220409 -8.847592 1.705391
v 33.146939 -8.847592 1.705391
v 34.073470 -8.847592 1.705391
v 30.367348 -8.891229 1.721273
v 31.293878 -8.891229 1.721273
v 32.220409 -8.891229 1.721273
v 33.146939 -8.891229 1.721273
v 34.073470 -8.891229 1.721273
v 30.367348 -8.930027 1.746791
v 31.293878 -8.930027 1.746791
v 32.220409 -8.930027 1.746791
v 33.146939 -8.930027 1.746791
v 34.073470 -8.930027 1.746791
v 30.367348 -8.961894 1.780568
v 31.293878 -8.961894 1.780568
v 32.220409 -8.961894 1.780568
v 33.146939 -8.961894 1.780568
v 34.073470 -8.961894 1.780568
v 30.367348 -8.985112 1.820784
v 31.293878 -8.985112 1.820784
v 32.220409 -8.985112 1.820784
v 33.146939 -8.985112 1.820784
v 34.073470 -8.985112 1.820784
v 29.315864 -8.848443 1.751071
v 29.325160 -8.892731 1.764743
v 29.340917 -8.931920 1.785972
v 29.362256 -8.963821 1.813571
v 29.387984 -8.986652 1.845999
v 29.422083 -8.985396 1.823711
v 29.401522 -8.962375 1.787905
v 29.383156 -8.930365 1.758363
v 29.368012 -8.891153 1.736733
v 29.356935 -8.846931 1.724224
v 29.429892 -8.922344 1.741035
v 29.415427 -8.883016 1.719154
v 29.402380 -8.839132 1.707376
v 29.281867 -8.843571 1.786148
v 29.289689 -8.887647 1.801341
v 29.305955 -8.926909 1.822046
v 29.329755 -8.959163 1.847106
v 29.257184 -8.832634 1.827148
v 29.263936 -8.876236 1.844118
v 35.000000 -9.110351 2.500000
v 35.000000 -14.000000 2.500000
v 35.000000 -14.000000 1.000000
v 35.000000 14.000000 1.000000
v 35.000000 14.000000 2.500000
v 34.258819 -9.280670 3.465926
v 34.500000 -9.263054 3.366025
v 34.707107 -9.235033 3.207107
v 34.866025 -9.198514 3.000000
v 34.965926 -9.155988 2.758819
v -13.298394 -9.698557 0.000000
v -13.264320 -9.439738 0.000000
v -13.164419 -9.198557 0.000000
v -13.005501 -8.991450 0.000000
v -12.798394 -8.832532 0.000000
v -12.557213 -8.732631 0.000000
v -12.298394 -8.698557 0.000000
v -12.039575 -8.732631 0.000000
v -11.798394 -8.832532 0.000000
v -11.591287 -8.991450 0.000000
v -11.432368 -9.198557 0.000000
v -11.332468 -9.439738 0.000000
v -11.298394 -9.698557 0.000000
v -11.332468 -9.957376 0.000000
v -11.432368 -10.198557 0.000000
v -11.591287 -10.405664 0.000000
v -11.798394 -10.564583 0.000000
v -12.039575 -10.664483 0.000000
v -12.298394 -10.698557 0.000000
v -12.557213 -10.664483 0.000000
v -12.798394 -10.564583 0.000000
v -13.005501 -10.405664 0.000000
v -13.164419 -10.198557 0.000000
v -13.264320 -9.957376 0.000000
v -23.548394 8.054964 0.000000
v -23.514320 8.313783 0.000000
v -23.414419 8.554964 0.000000
v -23.255501 8.762070 0.000000
v -23.048394 8.920989 0.000000
v -22.807213 9.020889 0.000000
v -22.548394 9.054964 0.000000
v -22.289575 9.020889 0.000000
v -22.048394 8.920989 0.000000
v -21.841287 8.762070 0.000000
v -21.682368 8.554964 0.000000
v -21.582468 8.313783 0.000000
v -21.548394 8.054964 0.000000
v -21.582468 7.796145 0.000000
v -21.682368 7.554964 0.000000
v -21.841287 7.347857 0.000000
v -22.048394 7.188938 0.000000
v -22.289575 7.089038 0.000000
v -22.548394 7.054964 0.000000
v -22.807213 7.089038 0.000000
v -23.048394 7.188938 0.000000
v -23.255501 7.347857 0.000000
v -23.414419 7.554964 0.000000
v -23.514320 7.796145 0.000000
v -1.000000 4.000000 0.000000
v 15.000000 4.000000 0.000000
v 14.804910 3.804910 0.019215
v 14.617317 3.617317 0.076120
v 14.444430 3.444430 0.168530
v 14.292893 3.292893 0.292893
v 14.168531 3.168530 0.444430
v 14.076121 3.076121 0.617317
v 14.019215 3.019215 0.804910
v 14.004815 3.004815 0.901983
v 14.000000 3.000000 1.000000
v 0.000000 3.000000 1.000000
v -0.004815 3.004815 0.901983
v -0.019215 3.019215 0.804910
v -0.076120 3.076121 0.617317
v -0.168530 3.168530 0.444430
v -0.292893 3.292893 0.292893
v -0.444430 3.444430 0.168530
v -0.617317 3.617317 0.076120
v -0.804910 3.804910 0.019215
v 9.666667 3.741181 0.034074
v 4.333333 3.741181 0.034074
v 9.666667 3.500000 0.133975
v 4.333333 3.500000 0.133975
v 9.666667 3.292893 0.292893
v 4.333333 3.292893 0.292893
v 9.666667 3.133975 0.500000
v 4.333333 3.133975 0.500000
v 9.666667 3.034074 0.741181
v 4.333333 3.034074 0.741181
v 15.000000 -4.000000 0.000000
v 14.804910 -3.804910 0.019215
v 14.617317 -3.617317 0.076120
v 14.444430 -3.444430 0.168530
v 14.292893 -3.292893 0.292893
v 14.168531 -3.168530 0.444430
v 14.076121 -3.076121 0.617317
v 14.019215 -3.019215 0.804910
v 14.004815 -3.004815 0.901983
v 14.000000 -3.000000 1.000000
v 14.500000 -0.000000 0.133975
v 14.741181 -0.000000 0.034074
v 14.292893 -0.000000 0.292893
v 14.133975 -0.000000 0.500000
v 14.034074 -0.000000 0.741181
v -1.000000 -4.000000 0.000000
v -0.804910 -3.804910 0.019215
v -0.617317 -3.617317 0.076120
v -0.444430 -3.444430 0.168530
v -0.292893 -3.292893 0.292893
v -0.168530 -3.168530 0.444430
v -0.076120 -3.076121 0.617317
v -0.019215 -3.019215 0.804910
v -0.004815 -3.004815 0.901983
v 0.000000 -3.000000 1.000000
v 4.333333 -3.741181 0.034074
v 9.666667 -3.741181 0.034074
v 4.333333 -3.500000 0.133975
v 9.666667 -3.500000 0.133975
v 4.333333 -3.292893 0.292893
v 9.666667 -3.292893 0.292893
v 4.333333 -3.133975 0.500000
v 9.666667 -3.133975 0.500000
v 4.333333 -3.034074 0.741181
v 9.666667 -3.034074 0.741181
v -0.034074 0.000000 0.741181
v -0.133975 0.000000 0.500000
v -0.292893 0.000000 0.292893
v -0.500000 0.000000 0.133975
v -0.741181 0.000000 0.034074
v 0.000000 3.000000 2.500000
v 0.000000 -3.000000 2.500000
v 14.000000 3.000000 2.500000
v 34.000000 14.000000 0.000000
v 34.000000 -14.000000 0.000000
v -12.229441 -14.000000 0.000000
v -16.758322 -16.614751 0.000000
v -30.758330 7.633975 0.000000
v -19.732051 14.000000 0.000000
v 24.750000 10.250000 0.000000
v 24.784074 9.991181 0.000000
v 24.883975 9.750000 0.000000
v 25.042893 9.542893 0.000000
v 25.250000 9.383975 0.000000
v 25.491181 9.284074 0.000000
v 25.750000 9.250000 0.000000
v 26.008819 9.284074 0.000000
v 26.250000 9.383975 0.000000
v 26.457107 9.542893 0.000000
v 26.616025 9.750000 0.000000
v 26.715926 9.991181 0.000000
v 26.750000 10.250000 0.000000
v 26.715926 10.508819 0.000000
v 26.616025 10.750000 0.000000
v 26.457107 10.957107 0.000000
v 26.250000 11.116025 0.000000
v 26.008819 11.215926 0.000000
v 25.750000 11.250000 0.000000
v 25.491181 11.215926 0.000000
v 25.250000 11.116025 0.000000
v 25.042893 10.957107 0.000000
v 24.883975 10.750000 0.000000
v 24.784074 10.508819 0.000000
v 24.750000 -10.250000 0.000000
v 24.784074 -10.508819 0.000000
v 24.883975 -10.750000 0.000000
v 25.042893 -10.957107 0.000000
v 25.250000 -11.116025 0.000000
v 25.491181 -11.215926 0.000000
v 25.750000 -11.250000 0.000000
v 26.008819 -11.215926 0.000000
v 26.250000 -11.116025 0.000000
v 26.457107 -10.957107 0.000000
v 26.616025 -10.750000 0.000000
v 26.715926 -10.508819 0.000000
v 26.750000 -10.250000 0.000000
v 26.715926 -9.991181 0.000000
v 26.616025 -9.750000 0.000000
v 26.457107 -9.542893 0.000000
v 26.250000 -9.383975 0.000000
v 26.008819 -9.284074 0.000000
v 25.750000 -9.250000 0.000000
v 25.491181 -9.284074 0.000000
v 25.250000 -9.383975 0.000000
v 25.042893 -9.542893 0.000000
v 24.883975 -9.750000 0.000000
v 24.784074 -9.991181 0.000000
v -0.804910 3.804910 3.480785
v -0.617317 3.617317 3.423880
v -0.444430 3.444430 3.331470
v -0.292893 3.292893 3.207107
v -0.168530 3.168530 3.055570
v -0.076120 3.076121 2.882683
v -0.019215 3.019215 2.695090
v -0.004815 3.004815 2.598017
v 14.004815 3.004815 2.598017
v 14.019215 3.019215 2.695090
v 14.076121 3.076121 2.882683
v 14.168531 3.168530 3.055570
v 14.292893 3.292893 3.207107
v 14.444430 3.444430 3.331470
v 14.617317 3.617317 3.423880
v 14.804910 3.804910 3.480785
v 4.333333 3.741181 3.465926
v 9.666667 3.741181 3.465926
v 4.333333 3.500000 3.366025
v 9.666667 3.500000 3.366025
v 4.333333 3.292893 3.207107
v 9.666667 3.292893 3.207107
v 4.333333 3.133975 3.000000
v 9.666667 3.133975 3.000000
v 4.333333 3.034074 2.758819
v 9.666667 3.034074 2.758819
v 14.000000 -3.000000 2.500000
v 14.004815 -3.004815 2.598017
v 14.019215 -3.019215 2.695090
v 14.076121 -3.076121 2.882683
v 14.168531 -3.168530 3.055570
v 14.292893 -3.292893 3.207107
v 14.444430 -3.444430 3.331470
v 14.617317 -3.617317 3.423880
v 14.804910 -3.804910 3.480785
v 14.034074 0.000000 2.758819
v 14.133975 0.000000 3.000000
v 14.292893 0.000000 3.207107
v 14.500000 0.000000 3.366025
v 14.741181 0.000000 3.465926
v -0.004815 -3.004815 2.598017
v -0.019215 -3.019215 2.695090
v -0.076120 -3.076121 2.882683
v -0.168530 -3.168530 3.055570
v -0.292893 -3.292893 3.207107
v -0.444430 -3.444430 3.331470
v -0.617317 -3.617317 3.423880
v -0.804910 -3.804910 3.480785
v 9.666667 -3.741181 3.465926
v 4.333333 -3.741181 3.465926
v 9.666667 -3.500000 3.366025
v 4.333333 -3.500000 3.366025
v 9.666667 -3.292893 3.207107
v 4.333333 -3.292893 3.207107
v 9.666667 -3.133975 3.000000
v 4.333333 -3.133975 3.000000
v 9.666667 -3.034074 2.758819
v 4.333333 -3.034074 2.758819
v -0.500000 -0.000000 3.366025
v -0.741181 -0.000000 3.465926
v -0.292893 -0.000000 3.207107
v -0.133975 -0.000000 3.000000
v -0.034074 -0.000000 2.758819
v 34.965926 14.000000 2.758819
v 34.866025 14.000000 3.000000
v 34.707107 14.000000 3.207107
v 34.500000 14.000000 3.366025
v 34.258819 14.000000 3.465926
v 34.965926 -14.000000 0.741181
v 34.866025 -14.000000 0.500000
v 34.707107 -14.000000 0.292893
v 34.500000 -14.000000 0.133975
v 34.258819 -14.000000 0.034074
v 34.258819 14.000000 0.034074
v 34.500000 14.000000 0.133975
v 34.707107 14.000000 0.292893
v 34.866025 14.000000 0.500000
v 34.965926 14.000000 0.741181
v 34.965926 -8.400000 0.741181
v 34.965926 -2.800000 0.741181
v 34.965926 2.800000 0.741181
v 34.965926 8.400000 0.741181
v 34.866025 -8.400000 0.500000
v 34.866025 -2.800000 0.500000
v 34.866025 2.800000 0.500000
v 34.866025 8.400000 0.500000
v 34.707107 -8.400000 0.292893
v 34.707107 -2.800000 0.292893
v 34.707107 2.800000 0.292893
v 34.707107 8.400000 0.292893
v 34.500000 -8.400000 0.133975
v 34.500000 -2.800000 0.133975
v 34.500000 2.800000 0.133975
v 34.500000 8.400000 0.133975
v 34.258819 -8.400000 0.034074
v 34.258819 -2.800000 0.034074
v 34.258819 2.800000 0.034074
v 34.258819 8.400000 0.034074
v 34.965926 14.258819 1.000000
v 34.866025 14.500000 1.000000
v 34.707107 14.707107 1.000000
v 34.500000 14.866025 1.000000
v 34.258819 14.965926 1.000000
v 34.000000 15.000000 1.000000
v 34.000000 15.000000 2.500000
v 34.258819 14.965926 2.500000
v 34.500000 14.866025 2.500000
v 34.707107 14.707107 2.500000
v 34.866025 14.500000 2.500000
v 34.965926 14.258819 2.500000
v 34.258819 -14.000000 3.465926
v 34.500000 -14.000000 3.366025
v 34.707107 -14.000000 3.207107
v 34.866025 -14.000000 3.000000
v 34.965926 -14.000000 2.758819
v 34.000000 -15.000000 1.000000
v 34.258819 -14.965926 1.000000
v 34.500000 -14.866025 1.000000
v 34.707107 -14.707107 1.000000
v 34.866025 -14.500000 1.000000
v 34.965926 -14.258819 1.000000
v 34.965926 -14.258819 2.500000
v 34.866025 -14.500000 2.500000
v 34.707107 -14.707107 2.500000
v 34.500000 -14.866025 2.500000
v 34.258819 -14.965926 2.500000
v 34.000000 -15.000000 2.500000
v 34.000000 -14.258819 3.465926
v 34.000000 -14.500000 3.366025
v 34.000000 -14.707107 3.207107
v 34.000000 -14.866025 3.000000
v 34.000000 -14.965926 2.758819
v 34.153913 -14.185744 3.470469
v 34.388644 -14.917502 2.584530
v 34.153913 -14.970469 2.685744
v 34.828668 -14.554261 2.578131
v 34.666568 -14.717801 2.701121
v 34.459042 -14.832423 2.810406
v 34.220233 -14.890318 2.898536
v 34.962374 -14.248108 2.610813
v 34.861830 -14.430436 2.768280
v 34.702554 -14.583430 2.907464
v 34.495400 -14.696665 3.018881
v 34.254486 -14.762422 3.094936
v 34.962374 -14.110813 2.748108
v 34.861830 -14.268280 2.930436
v 34.702554 -14.407464 3.083430
v 34.495400 -14.518881 3.196665
v 34.254486 -14.594936 3.262422
v 34.828668 -14.078131 3.054261
v 34.666568 -14.201121 3.217801
v 34.459042 -14.310406 3.332423
v 34.220233 -14.398536 3.390318
v 34.388644 -14.084530 3.417502
v 34.000000 14.965926 2.758819
v 34.000000 14.866025 3.000000
v 34.000000 14.707107 3.207107
v 34.000000 14.500000 3.366025
v 34.000000 14.258819 3.465926
v 34.153913 14.970469 2.685744
v 34.388644 14.084530 3.417502
v 34.153913 14.185744 3.470469
v 34.828668 14.078131 3.054261
v 34.666568 14.201121 3.217801
v 34.459042 14.310406 3.332423
v 34.220233 14.398536 3.390318
v 34.962374 14.110813 2.748108
v 34.861830 14.268280 2.930436
v 34.702554 14.407464 3.083430
v 34.495400 14.518881 3.196665
v 34.254486 14.594936 3.262422
v 34.962374 14.248108 2.610813
v 34.861830 14.430436 2.768280
v 34.702554 14.583430 2.907464
v 34.495400 14.696665 3.018881
v 34.254486 14.762422 3.094936
v 34.828668 14.554261 2.578131
v 34.666568 14.717801 2.701121
v 34.459042 14.832423 2.810406
v 34.220233 14.890318 2.898536
v 34.388644 14.917502 2.584530
v 34.000000 14.258819 0.034074
v 34.000000 14.500000 0.133975
v 34.000000 14.707107 0.292893
v 34.000000 14.866025 0.500000
v 34.000000 14.965926 0.741181
v 34.153913 14.185744 0.029531
v 34.388644 14.917502 0.915470
v 34.153913 14.970469 0.814256
v 34.828668 14.554261 0.921869
v 34.666568 14.717801 0.798879
v 34.459042 14.832423 0.689594
v 34.220233 14.890318 0.601464
v 34.962374 14.248108 0.889187
v 34.861830 14.430436 0.731720
v 34.702554 14.583430 0.592536
v 34.495400 14.696665 0.481119
v 34.254486 14.762422 0.405064
v 34.962374 14.110813 0.751892
v 34.861830 14.268280 0.569564
v 34.702554 14.407464 0.416570
v 34.495400 14.518881 0.303335
v 34.254486 14.594936 0.237578
v 34.828668 14.078131 0.445739
v 34.666568 14.201121 0.282199
v 34.459042 14.310406 0.167577
v 34.220233 14.398536 0.109682
v 34.388644 14.084530 0.082498
v 34.000000 -14.965926 0.741181
v 34.000000 -14.866025 0.500000
v 34.000000 -14.707107 0.292893
v 34.000000 -14.500000 0.133975
v 34.000000 -14.258819 0.034074
v 34.594936 -14.762422 0.745514
v 34.518881 -14.696665 0.504600
v 34.407464 -14.583430 0.297446
v 34.268280 -14.430436 0.138170
v 34.110813 -14.248108 0.037626
v 34.248108 -14.110813 0.037626
v 34.430436 -14.268280 0.138170
v 34.583430 -14.407464 0.297446
v 34.696665 -14.518881 0.504600
v 34.762422 -14.594936 0.745514
v 34.554261 -14.078131 0.171332
v 34.717801 -14.201121 0.333432
v 34.832423 -14.310406 0.540958
v 34.890318 -14.398536 0.779767
v 34.917502 -14.084530 0.611356
v 34.970469 -14.185744 0.846087
v 34.398536 -14.890318 0.779767
v 34.310406 -14.832423 0.540958
v 34.201121 -14.717801 0.333432
v 34.078131 -14.554261 0.171332
v 34.185744 -14.970469 0.846087
v 34.084530 -14.917502 0.611356
v -19.801401 14.258819 0.034074
v -19.866025 14.500000 0.133975
v -19.921519 14.707107 0.292893
v -19.964102 14.866025 0.500000
v -19.990870 14.965926 0.741181
v -20.000000 15.000000 1.000000
v 28.600000 14.965926 0.741181
v 23.200000 14.965926 0.741181
v 17.800000 14.965926 0.741181
v 12.400000 14.965926 0.741181
v 7.000000 14.965926 0.741181
v 1.600000 14.965926 0.741181
v -3.800000 14.965926 0.741181
v -9.200000 14.965926 0.741181
v -14.600000 14.965926 0.741181
v 28.600000 14.866025 0.500000
v 23.200000 14.866025 0.500000
v 17.800000 14.866025 0.500000
v 12.400000 14.866025 0.500000
v 7.000000 14.866025 0.500000
v 1.600000 14.866025 0.500000
v -3.800000 14.866025 0.500000
v -9.200000 14.866025 0.500000
v -14.600000 14.866025 0.500000
v 28.600000 14.707107 0.292893
v 23.200000 14.707107 0.292893
v 17.800000 14.707107 0.292893
v 12.400000 14.707107 0.292893
v 7.000000 14.707107 0.292893
v 1.600000 14.707107 0.292893
v -3.800000 14.707107 0.292893
v -9.200000 14.707107 0.292893
v -14.600000 14.707107 0.292893
v 28.600000 14.500000 0.133975
v 23.200000 14.500000 0.133975
v 17.800000 14.500000 0.133975
v 12.400000 14.500000 0.133975
v 7.000000 14.500000 0.133975
v 1.600000 14.500000 0.133975
v -3.800000 14.500000 0.133975
v -9.200000 14.500000 0.133975
v -14.600000 14.500000 0.133975
v 28.600000 14.258819 0.034074
v 23.200000 14.258819 0.034074
v 17.800000 14.258819 0.034074
v 12.400000 14.258819 0.034074
v 7.000000 14.258819 0.034074
v 1.600000 14.258819 0.034074
v -3.800000 14.258819 0.034074
v -9.200000 14.258819 0.034074
v -14.600000 14.258819 0.034074
v -11.961492 -15.000000 1.000000
v -11.970622 -14.965926 0.741181
v -11.997390 -14.866025 0.500000
v -12.039972 -14.707107 0.292893
v -12.095467 -14.500000 0.133975
v -12.160091 -14.258819 0.034074
v 28.863395 -14.258819 0.034074
v 23.726791 -14.258819 0.034074
v 18.590186 -14.258819 0.034074
v 13.453582 -14.258819 0.034074
v 8.316977 -14.258819 0.034074
v 3.180373 -14.258819 0.034074
v -1.956232 -14.258819 0.034074
v -7.092837 -14.258819 0.034074
v 28.863395 -14.500000 0.133975
v 23.726791 -14.500000 0.133975
v 18.590186 -14.500000 0.133975
v 13.453582 -14.500000 0.133975
v 8.316977 -14.500000 0.133975
v 3.180373 -14.500000 0.133975
v -1.956232 -14.500000 0.133975
v -7.092837 -14.500000 0.133975
v 28.863395 -14.707107 0.292893
v 23.726791 -14.707107 0.292893
v 18.590186 -14.707107 0.292893
v 13.453582 -14.707107 0.292893
v 8.316977 -14.707107 0.292893
v 3.180373 -14.707107 0.292893
v -1.956232 -14.707107 0.292893
v -7.092837 -14.707107 0.292893
v 28.863395 -14.866025 0.500000
v 23.726791 -14.866025 0.500000
v 18.590186 -14.866025 0.500000
v 13.453582 -14.866025 0.500000
v 8.316977 -14.866025 0.500000
v 3.180373 -14.866025 0.500000
v -1.956232 -14.866025 0.500000
v -7.092837 -14.866025 0.500000
v 28.863395 -14.965926 0.741181
v 23.726791 -14.965926 0.741181
v 18.590186 -14.965926 0.741181
v 13.453582 -14.965926 0.741181
v 8.316977 -14.965926 0.741181
v 3.180373 -14.965926 0.741181
v -1.956232 -14.965926 0.741181
v -7.092837 -14.965926 0.741181
v -11.961492 -15.000000 2.500000
v -20.000000 15.000000 2.500000
v -19.990870 14.965926 2.758819
v -19.964102 14.866025 3.000000
v -19.921519 14.707107 3.207107
v -19.866025 14.500000 3.366025
v -19.801401 14.258819 3.465926
v 28.600000 14.258819 3.465926
v 23.200000 14.258819 3.465926
v 17.800000 14.258819 3.465926
v 12.400000 14.258819 3.465926
v 7.000000 14.258819 3.465926
v 1.600000 14.258819 3.465926
v -3.800000 14.258819 3.465926
v -9.200000 14.258819 3.465926
v -14.600000 14.258819 3.465926
v 28.600000 14.500000 3.366025
v 23.200000 14.500000 3.366025
v 17.800000 14.500000 3.366025
v 12.400000 14.500000 3.366025
v 7.000000 14.500000 3.366025
v 1.600000 14.500000 3.366025
v -3.800000 14.500000 3.366025
v -9.200000 14.500000 3.366025
v -14.600000 14.500000 3.366025
v 28.600000 14.707107 3.207107
v 23.200000 14.707107 3.207107
v 17.800000 14.707107 3.207107
v 12.400000 14.707107 3.207107
v 7.000000 14.707107 3.207107
v 1.600000 14.707107 3.207107
v -3.800000 14.707107 3.207107
v -9.200000 14.707107 3.207107
v -14.600000 14.707107 3.207107
v 28.600000 14.866025 3.000000
v 23.200000 14.866025 3.000000
v 17.800000 14.866025 3.000000
v 12.400000 14.866025 3.000000
v 7.000000 14.866025 3.000000
v 1.600000 14.866025 3.000000
v -3.800000 14.866025 3.000000
v -9.200000 14.866025 3.000000
v -14.600000 14.866025 3.000000
v 28.600000 14.965926 2.758819
v 23.200000 14.965926 2.758819
v 17.800000 14.965926 2.758819
v 12.400000 14.965926 2.758819
v 7.000000 14.965926 2.758819
v 1.600000 14.965926 2.758819
v -3.800000 14.965926 2.758819
v -9.200000 14.965926 2.758819
v -14.600000 14.965926 2.758819
v -12.160091 -14.258819 3.465926
v -12.095467 -14.500000 3.366025
v -12.039972 -14.707107 3.207107
v -11.997390 -14.866025 3.000000
v -11.970622 -14.965926 2.758819
v 28.863395 -14.965926 2.758819
v 23.726791 -14.965926 2.758819
v 18.590186 -14.965926 2.758819
v 13.453582 -14.965926 2.758819
v 8.316977 -14.965926 2.758819
v 3.180373 -14.965926 2.758819
v -1.956232 -14.965926 2.758819
v -7.092837 -14.965926 2.758819
v 28.863395 -14.866025 3.000000
v 23.726791 -14.866025 3.000000
v 18.590186 -14.866025 3.000000
v 13.453582 -14.866025 3.000000
v 8.316977 -14.866025 3.000000
v 3.180373 -14.866025 3.000000
v -1.956232 -14.866025 3.000000
v -7.092837 -14.866025 3.000000
v 28.863395 -14.707107 3.207107
v 23.726791 -14.707107 3.207107
v 18.590186 -14.707107 3.207107
v 13.453582 -14.707107 3.207107
v 8.316977 -14.707107 3.207107
v 3.180373 -14.707107 3.207107
v -1.956232 -14.707107 3.207107
v -7.092837 -14.707107 3.207107
v 28.863395 -14.500000 3.366025
v 23.726791 -14.500000 3.366025
v 18.590186 -14.500000 3.366025
v 13.453582 -14.500000 3.366025
v 8.316977 -14.500000 3.366025
v 3.180373 -14.500000 3.366025
v -1.956232 -14.500000 3.366025
v -7.092837 -14.500000 3.366025
v 28.863395 -14.258819 3.465926
v 23.726791 -14.258819 3.465926
v 18.590186 -14.258819 3.465926
v 13.453582 -14.258819 3.465926
v 8.316977 -14.258819 3.465926
v 3.180373 -14.258819 3.465926
v -1.956232 -14.258819 3.465926
v -7.092837 -14.258819 3.465926
v -16.538194 7.452553 2.654371
v -9.814997 -4.192366 2.654371
v -9.796312 -4.239919 2.653095
v -9.789299 -4.290401 2.656898
v -9.794413 -4.340515 2.665533
v -9.811323 -4.386987 2.678434
v -9.838922 -4.426784 2.694759
v -9.875410 -4.457307 2.713443
v -9.880816 -4.459393 2.703197
v -9.888097 -4.462725 2.694568
v -9.896848 -4.467118 2.688036
v -9.906585 -4.472328 2.683960
v -9.916768 -4.478066 2.682569
v -21.154742 -10.966314 2.682569
v -21.086214 -10.949018 2.903005
v -20.976445 -10.905746 3.101996
v -20.831279 -10.838800 3.268950
v -20.658439 -10.751744 3.394985
v -20.467124 -10.649209 3.473392
v -21.268917 -10.802171 2.500000
v -21.250740 -10.833663 2.503388
v -21.232569 -10.864947 2.513621
v -21.215409 -10.893902 2.530583
v -21.199950 -10.918823 2.552913
v -21.186280 -10.938925 2.579750
v -21.173856 -10.954354 2.611485
v -21.163227 -10.963646 2.646468
v -9.921931 -4.469124 2.634337
v -9.932839 -4.450231 2.590098
v -9.948829 -4.422536 2.552545
v -9.968928 -4.387724 2.523960
v -9.991913 -4.347911 2.506082
v -10.016388 -4.305521 2.500000
v -20.378867 -10.344822 2.506082
v -19.513288 -9.845079 2.506082
v -18.647708 -9.345337 2.506082
v -17.782129 -8.845594 2.506082
v -16.916549 -8.345852 2.506082
v -16.050970 -7.846109 2.506082
v -15.185390 -7.346367 2.506082
v -14.319811 -6.846624 2.506082
v -13.454231 -6.346881 2.506082
v -12.588652 -5.847139 2.506082
v -11.723072 -5.347396 2.506082
v -10.857493 -4.847654 2.506082
v -20.355881 -10.384634 2.523960
v -19.490302 -9.884892 2.523960
v -18.624722 -9.385149 2.523960
v -17.759143 -8.885407 2.523960
v -16.893564 -8.385664 2.523960
v -16.027984 -7.885921 2.523960
v -15.162405 -7.386179 2.523960
v -14.296825 -6.886436 2.523960
v -13.431246 -6.386694 2.523960
v -12.565666 -5.886951 2.523960
v -11.700087 -5.387209 2.523960
v -10.834507 -4.887466 2.523960
v -20.335782 -10.419447 2.552545
v -19.470203 -9.919704 2.552545
v -18.604623 -9.419962 2.552545
v -17.739044 -8.920219 2.552545
v -16.873465 -8.420476 2.552545
v -16.007885 -7.920734 2.552545
v -15.142306 -7.420991 2.552545
v -14.276726 -6.921249 2.552545
v -13.411147 -6.421506 2.552545
v -12.545567 -5.921764 2.552545
v -11.679988 -5.422021 2.552545
v -10.814408 -4.922279 2.552545
v -20.319793 -10.447142 2.590098
v -19.454213 -9.947399 2.590098
v -18.588634 -9.447657 2.590098
v -17.723054 -8.947914 2.590098
v -16.857475 -8.448172 2.590098
v -15.991895 -7.948429 2.590098
v -15.126316 -7.448686 2.590098
v -14.260736 -6.948944 2.590098
v -13.395157 -6.449201 2.590098
v -12.529577 -5.949459 2.590098
v -11.663998 -5.449716 2.590098
v -10.798418 -4.949974 2.590098
v -20.308885 -10.466035 2.634337
v -19.443305 -9.966292 2.634337
v -18.577726 -9.466550 2.634337
v -17.712146 -8.966807 2.634337
v -16.846567 -8.467065 2.634337
v -15.980987 -7.967322 2.634337
v -15.115408 -7.467580 2.634337
v -14.249828 -6.967837 2.634337
v -13.384249 -6.468095 2.634337
v -12.518669 -5.968352 2.634337
v -11.653090 -5.468609 2.634337
v -10.787511 -4.968867 2.634337
v -9.837814 -4.204595 2.607086
v -9.850433 -4.211496 2.588381
v -9.862521 -4.218166 2.573377
v -9.898434 -4.238223 2.540099
v -9.933438 -4.258012 2.518998
v -9.954111 -4.269778 2.510534
v -9.999741 -4.295925 2.500745
v -9.974692 -4.306802 2.503755
v -9.899653 -4.266401 2.532687
v -9.890055 -4.455050 2.651185
v -9.909247 -4.465515 2.645094
v -9.912145 -4.448976 2.606795
v -9.919787 -4.424731 2.571045
v -9.932126 -4.393761 2.540879
v -9.944742 -4.365841 2.522643
v -9.959188 -4.336380 2.510214
v -9.898265 -4.459453 2.647847
v -9.896219 -4.440184 2.610787
v -9.899134 -4.413330 2.576222
v -9.907355 -4.380087 2.547089
v -9.917366 -4.350729 2.529506
v -9.929906 -4.320216 2.517555
v -9.944242 -4.289993 2.511388
v -9.921482 -4.277787 2.520642
v -9.908019 -4.308478 2.526453
v -9.896903 -4.339755 2.537825
v -9.888839 -4.370158 2.554617
v -9.883697 -4.405051 2.582499
v -9.884312 -4.433799 2.615628
v -9.882177 -4.450941 2.655531
v -9.872892 -4.427842 2.621930
v -9.868890 -4.397328 2.590669
v -9.871080 -4.360894 2.564416
v -9.877278 -4.329518 2.548654
v -9.887028 -4.297529 2.538036
v -9.867796 -4.443799 2.667024
v -9.852047 -4.417490 2.638586
v -9.841868 -4.383908 2.612262
v -9.838675 -4.344801 2.590310
v -9.841468 -4.311734 2.577269
v -9.848727 -4.278508 2.568641
v -9.859824 -4.246621 2.564513
v -9.855812 -4.438369 2.681769
v -9.834685 -4.409624 2.659950
v -9.819366 -4.373713 2.639949
v -9.811692 -4.332577 2.623510
v -9.811651 -4.298226 2.613955
v -9.816838 -4.264060 2.607878
v -9.826664 -4.231598 2.605313
v -16.562607 7.437421 2.603085
v -16.596776 7.416820 2.559919
v -16.638812 7.391891 2.527260
v -16.686391 7.364010 2.506912
v -16.736884 7.334720 2.500000
v -10.575687 -3.220045 2.506910
v -10.527931 -3.192473 2.527257
v -10.485609 -3.168039 2.559916
v -10.451061 -3.148093 2.603083
v -11.186887 -2.161416 2.506910
v -11.798086 -1.102787 2.506910
v -12.409286 -0.044158 2.506910
v -13.020485 1.014471 2.506910
v -13.631684 2.073101 2.506910
v -14.242884 3.131730 2.506910
v -14.854083 4.190359 2.506910
v -15.465283 5.248988 2.506910
v -16.076482 6.307617 2.506910
v -11.139130 -2.133844 2.527257
v -11.750330 -1.075215 2.527257
v -12.361529 -0.016586 2.527257
v -12.972729 1.042044 2.527258
v -13.583928 2.100673 2.527258
v -14.195127 3.159302 2.527258
v -14.806327 4.217931 2.527258
v -15.417526 5.276560 2.527259
v -16.028725 6.335190 2.527259
v -11.096809 -2.109410 2.559917
v -11.708008 -1.050780 2.559917
v -12.319208 0.007849 2.559917
v -12.930407 1.066478 2.559918
v -13.541606 2.125107 2.559918
v -14.152806 3.183736 2.559918
v -14.764005 4.242366 2.559919
v -15.375205 5.300995 2.559919
v -15.986404 6.359624 2.559919
v -11.062261 -2.089463 2.603083
v -11.673461 -1.030834 2.603084
v -12.284660 0.027795 2.603084
v -12.895860 1.086424 2.603084
v -13.507059 2.145053 2.603085
v -14.118259 3.203682 2.603085
v -14.729458 4.262311 2.603085
v -15.340658 5.320940 2.603085
v -15.951857 6.379569 2.603086
v -27.456047 1.455962 3.473392
v -27.640503 1.341545 3.394985
v -27.802316 1.235390 3.268950
v -27.932876 1.143145 3.101995
v -28.025235 1.069719 2.903005
v -28.074478 1.019019 2.682568
v -16.836503 7.507266 2.682567
v -16.826497 7.513181 2.683931
v -16.817098 7.519021 2.688020
v -16.808874 7.524433 2.694589
v -16.802325 7.529088 2.703238
v -16.797847 7.532704 2.713443
v -28.076409 1.010337 2.646468
v -28.073677 0.996486 2.611484
v -28.066526 0.978012 2.579750
v -28.055953 0.956123 2.552912
v -28.042100 0.930274 2.530583
v -28.025604 0.900936 2.513621
v -28.007598 0.869557 2.503388
v -27.989413 0.838070 2.500000
v -16.761358 7.377111 2.506082
v -16.784344 7.416923 2.523960
v -16.804443 7.451736 2.552544
v -16.820433 7.479431 2.590097
v -16.831341 7.498324 2.634335
v -27.218294 1.501414 2.634336
v -27.207386 1.482520 2.590098
v -27.191397 1.454825 2.552544
v -27.171298 1.420013 2.523960
v -27.148312 1.380201 2.506082
v -26.352715 2.001156 2.634336
v -25.487135 2.500899 2.634336
v -24.621556 3.000641 2.634336
v -23.755976 3.500384 2.634336
v -22.890397 4.000126 2.634336
v -22.024817 4.499869 2.634336
v -21.159238 4.999611 2.634336
v -20.293659 5.499354 2.634336
v -19.428079 5.999096 2.634336
v -18.562500 6.498839 2.634336
v -17.696920 6.998581 2.634335
v -26.341807 1.982263 2.590098
v -25.476227 2.482005 2.590098
v -24.610648 2.981748 2.590098
v -23.745068 3.481491 2.590098
v -22.879489 3.981233 2.590098
v -22.013909 4.480976 2.590098
v -21.148330 4.980718 2.590098
v -20.282751 5.480461 2.590098
v -19.417171 5.980203 2.590098
v -18.551592 6.479946 2.590097
v -17.686012 6.979688 2.590097
v -26.325817 1.954568 2.552544
v -25.460238 2.454310 2.552544
v -24.594658 2.954053 2.552544
v -23.729079 3.453795 2.552544
v -22.863499 3.953538 2.552544
v -21.997920 4.453280 2.552544
v -21.132340 4.953023 2.552544
v -20.266761 5.452766 2.552544
v -19.401181 5.952508 2.552544
v -18.535602 6.452251 2.552544
v -17.670022 6.951993 2.552544
v -26.305718 1.919755 2.523960
v -25.440139 2.419498 2.523960
v -24.574559 2.919241 2.523960
v -23.708980 3.418983 2.523960
v -22.843400 3.918726 2.523960
v -21.977821 4.418468 2.523960
v -21.112241 4.918211 2.523960
v -20.246662 5.417953 2.523960
v -19.381082 5.917696 2.523960
v -18.515503 6.417438 2.523960
v -17.649923 6.917181 2.523960
v -26.282733 1.879943 2.506082
v -25.417153 2.379686 2.506082
v -24.551574 2.879428 2.506082
v -23.685994 3.379171 2.506082
v -22.820415 3.878913 2.506082
v -21.954835 4.378656 2.506082
v -21.089256 4.878398 2.506082
v -20.223676 5.378141 2.506082
v -19.358097 5.877883 2.506082
v -18.492517 6.377626 2.506082
v -17.626938 6.877369 2.506082
v -16.570035 7.492511 2.653095
v -16.610246 7.523826 2.656898
v -16.656204 7.544453 2.665533
v -16.704905 7.553045 2.678434
v -16.753170 7.549042 2.694759
v -16.636088 7.421899 2.538759
v -16.792661 7.525671 2.657787
v -16.685402 7.390735 2.512108
v -16.810440 7.514435 2.648178
v -16.770153 7.541383 2.684683
v -16.734076 7.545856 2.664187
v -16.694733 7.541732 2.645440
v -16.654757 7.528342 2.630074
v -16.624527 7.511486 2.621149
v -16.597174 7.490090 2.615533
v -16.573735 7.465425 2.613256
v -16.777142 7.536214 2.673456
v -16.744197 7.538371 2.647929
v -16.707848 7.532031 2.624372
v -16.670485 7.516709 2.604810
v -16.641915 7.498625 2.593217
v -16.615778 7.476330 2.585650
v -16.593084 7.451114 2.582175
v -16.784694 7.530967 2.664685
v -16.755137 7.530771 2.635224
v -16.722027 7.522181 2.607905
v -16.687490 7.504897 2.585061
v -16.660716 7.485564 2.571382
v -16.635893 7.462356 2.562288
v -16.614005 7.436580 2.557878
v -16.657125 7.448241 2.543906
v -16.680560 7.472372 2.554202
v -16.705437 7.492965 2.569523
v -16.736991 7.512233 2.594949
v -16.766681 7.523096 2.625229
v -16.801151 7.520220 2.652350
v -16.778986 7.515196 2.617349
v -16.752943 7.501991 2.584733
v -16.724570 7.480680 2.557269
v -16.701716 7.458789 2.540653
v -16.679761 7.433708 2.529409
v -16.659632 7.406783 2.523680
v -16.820900 7.508110 2.645344
v -16.807616 7.497640 2.607192
v -16.790064 7.479229 2.571565
v -16.769100 7.453376 2.541473
v -16.750955 7.428596 2.523186
v -16.732445 7.401402 2.510720
v -16.714430 7.373182 2.504242
v -16.704537 7.418279 2.518283
v -16.724872 7.444369 2.530254
v -16.745512 7.467640 2.547865
v -16.770401 7.491120 2.576893
v -16.792451 7.506811 2.611302
v -17.624348 -17.114751 2.500000
v -17.594838 -17.097714 2.758819
v -17.508322 -17.047763 3.000000
v -17.370695 -16.968304 3.207107
v -17.191335 -16.864751 3.366025
v -16.982466 -16.744160 3.465926
v -18.804751 -13.587871 3.465926
v -19.013620 -13.708461 3.366025
v -19.192979 -13.812014 3.207107
v -19.330607 -13.891474 3.000000
v -19.417123 -13.941424 2.758819
v -17.465429 -17.321857 2.500000
v -17.258322 -17.480776 2.500000
v -17.017141 -17.580677 2.500000
v -16.758322 -17.614751 2.500000
v -16.499503 -17.580677 2.500000
v -16.258322 -17.480776 2.500000
v -16.275359 -17.451267 2.758819
v -16.325309 -17.364751 3.000000
v -16.404769 -17.227123 3.207107
v -16.508322 -17.047763 3.366025
v -16.628913 -16.838895 3.465926
v -16.531072 -17.404409 3.069910
v -16.525302 -17.509277 2.881476
v -16.784253 -17.539581 2.879495
v -17.041442 -17.507016 2.851717
v -17.279385 -17.413797 2.800030
v -17.481907 -17.266260 2.727947
v -17.467040 -17.319148 2.539290
v -17.262373 -17.474315 2.584155
v -17.023442 -17.571050 2.623299
v -16.766488 -17.602778 2.654062
v -16.508979 -17.567342 2.674351
v -16.790533 -17.425442 3.084587
v -17.047806 -17.391367 3.059524
v -17.285399 -17.304498 2.996426
v -17.487163 -17.170742 2.899582
v -17.280072 -17.152644 3.162154
v -17.042169 -17.230689 3.234881
v -16.784971 -17.266864 3.257653
v -16.525961 -17.258710 3.228920
v -16.510260 -17.080482 3.349447
v -16.767882 -17.072882 3.388833
v -17.024855 -17.034138 3.367799
v -17.263708 -16.966886 3.287773
v -16.740242 -16.854545 3.470655
v -16.996848 -16.812911 3.450704
v -17.624348 -17.114751 1.000000
v -17.465429 -17.321857 1.000000
v -17.258322 -17.480776 1.000000
v -17.017141 -17.580677 1.000000
v -16.758322 -17.614751 1.000000
v -16.499503 -17.580677 1.000000
v -16.258322 -17.480776 1.000000
v -17.594838 -17.097714 0.741181
v -17.508322 -17.047763 0.500000
v -17.370695 -16.968304 0.292893
v -17.191335 -16.864751 0.133975
v -16.982466 -16.744160 0.034074
v -16.628913 -16.838895 0.034074
v -16.508322 -17.047763 0.133975
v -16.404769 -17.227123 0.292893
v -16.325309 -17.364751 0.500000
v -16.275359 -17.451267 0.741181
v -17.280072 -17.152644 0.337846
v -16.531072 -17.404409 0.430090
v -17.467040 -17.319148 0.960710
v -17.262373 -17.474315 0.915845
v -17.023442 -17.571050 0.876701
v -16.766488 -17.602778 0.845938
v -16.508979 -17.567342 0.825649
v -17.481907 -17.266260 0.772053
v -17.279385 -17.413797 0.699970
v -17.041442 -17.507016 0.648283
v -16.784253 -17.539581 0.620505
v -16.525302 -17.509277 0.618524
v -17.487163 -17.170742 0.600418
v -17.285399 -17.304498 0.503574
v -17.047806 -17.391367 0.440476
v -16.790533 -17.425442 0.415413
v -17.042169 -17.230689 0.265119
v -16.784971 -17.266864 0.242347
v -16.525961 -17.258710 0.271080
v -17.263708 -16.966886 0.212227
v -17.024855 -17.034138 0.132201
v -16.767882 -17.072882 0.111167
v -16.510260 -17.080482 0.150553
v -16.996848 -16.812911 0.049296
v -16.740242 -16.854545 0.029345
v -31.624356 7.133975 2.500000
v -31.624356 7.133975 1.000000
v -30.982474 7.504565 3.465926
v -31.191343 7.383975 3.366025
v -31.370703 7.280421 3.207107
v -31.508330 7.200962 3.000000
v -31.594847 7.151012 2.758819
v -29.777375 4.003059 2.758819
v -29.690859 4.053009 3.000000
v -29.553231 4.132469 3.207107
v -29.373872 4.236022 3.366025
v -29.165003 4.356613 3.465926
v -31.724256 7.375156 2.500000
v -31.758330 7.633975 2.500000
v -31.724256 7.892794 2.500000
v -31.624356 8.133975 2.500000
v -31.465437 8.341081 2.500000
v -31.258330 8.500000 2.500000
v -31.258330 8.500000 1.000000
v -31.465437 8.341081 1.000000
v -31.624356 8.133975 1.000000
v -31.724256 7.892794 1.000000
v -31.758330 7.633975 1.000000
v -31.724256 7.375156 1.000000
v -31.241293 8.470491 0.741181
v -31.191343 8.383975 0.500000
v -31.111884 8.246347 0.292893
v -31.008330 8.066987 0.133975
v -30.887740 7.858118 0.034074
v -30.982474 7.504565 0.034074
v -31.191343 7.383975 0.133975
v -31.370703 7.280421 0.292893
v -31.508330 7.200962 0.500000
v -31.594847 7.151012 0.741181
v -31.691653 7.309599 0.846087
v -31.595176 7.248429 0.611356
v -31.728636 7.533958 0.779767
v -31.634433 7.486582 0.540958
v -31.480524 7.449250 0.333432
v -31.277400 7.424507 0.171332
v -31.716076 7.767993 0.745514
v -31.621100 7.735006 0.504600
v -31.467328 7.695134 0.297446
v -31.265239 7.651094 0.138170
v -31.028605 7.605887 0.037626
v -31.654771 7.996784 0.745514
v -31.556026 7.977863 0.504600
v -31.402920 7.935508 0.297446
v -31.205885 7.872603 0.138170
v -30.978351 7.793436 0.037626
v -31.548632 8.205744 0.779767
v -31.443361 8.199672 0.540958
v -31.291407 8.155047 0.333432
v -31.103124 8.074913 0.171332
v -31.404424 8.381553 0.846087
v -31.290287 8.386290 0.611356
v -30.887740 7.858118 3.465926
v -31.008330 8.066987 3.366025
v -31.111884 8.246347 3.207107
v -31.191343 8.383975 3.000000
v -31.241293 8.470491 2.758819
v -31.404424 8.381553 2.653913
v -31.595176 7.248429 2.888644
v -31.691653 7.309599 2.653913
v -31.277400 7.424507 3.328668
v -31.480524 7.449250 3.166568
v -31.634433 7.486582 2.959042
v -31.728636 7.533958 2.720233
v -31.028605 7.605887 3.462374
v -31.265239 7.651094 3.361830
v -31.467328 7.695134 3.202554
v -31.621100 7.735006 2.995400
v -31.716076 7.767993 2.754486
v -30.978351 7.793436 3.462374
v -31.205885 7.872603 3.361830
v -31.402920 7.935508 3.202554
v -31.556026 7.977863 2.995400
v -31.654771 7.996784 2.754486
v -31.103124 8.074913 3.328668
v -31.291407 8.155047 3.166568
v -31.443361 8.199672 2.959042
v -31.548632 8.205744 2.720233
v -31.290287 8.386290 2.888644
v -27.134963 10.024785 0.034074
v -23.382186 12.191452 0.034074
v -27.255553 10.233654 0.133975
v -23.502777 12.400321 0.133975
v -27.359107 10.413014 0.292893
v -23.606330 12.579680 0.292893
v -27.438566 10.550641 0.500000
v -23.685789 12.717308 0.500000
v -27.488516 10.637158 0.741181
v -23.735740 12.803824 0.741181
v -27.488516 10.637158 2.758819
v -23.735740 12.803824 2.758819
v -27.438566 10.550641 3.000000
v -23.685789 12.717308 3.000000
v -27.359107 10.413014 3.207107
v -23.606330 12.579680 3.207107
v -27.255553 10.233654 3.366025
v -23.502777 12.400321 3.366025
v -27.134963 10.024785 3.465926
v -23.382186 12.191452 3.465926
v -19.782468 -11.894415 0.034074
v -22.582469 -7.044670 0.034074
v -25.382471 -2.194925 0.034074
v -28.182473 2.654820 0.034074
v -19.991336 -12.015006 0.133975
v -22.791338 -7.165261 0.133975
v -25.591340 -2.315516 0.133975
v -28.391341 2.534230 0.133975
v -20.170696 -12.118559 0.292893
v -22.970698 -7.268814 0.292893
v -25.770699 -2.419069 0.292893
v -28.570701 2.430676 0.292893
v -20.308324 -12.198018 0.500000
v -23.108325 -7.348273 0.500000
v -25.908327 -2.498528 0.500000
v -28.708329 2.351217 0.500000
v -20.394840 -12.247969 0.741181
v -23.194842 -7.398223 0.741181
v -25.994843 -2.548478 0.741181
v -28.794845 2.301267 0.741181
vt -0.978892 0.009308 0.000000
vt -0.886239 0.009308 0.000000
vt -0.978892 0.013963 0.000000
vt -0.793586 0.009308 0.000000
vt -0.700933 0.009308 0.000000
vt -0.700933 0.004654 0.000000
vt -0.608280 0.004654 0.000000
vt -0.608280 0.000000 0.000000
vt -0.515627 0.000000 0.000000
vt -0.515627 -0.004654 0.000000
vt -0.422974 -0.004654 0.000000
vt -0.422974 -0.009308 0.000000
vt -0.515627 -0.009308 0.000000
vt -0.422974 -0.013963 0.000000
vt -0.608280 -0.009308 0.000000
vt -0.700933 -0.009308 0.000000
vt -0.700933 -0.004654 0.000000
vt -0.793586 -0.004654 0.000000
vt -0.793586 0.000000 0.000000
vt -0.886239 0.000000 0.000000
vt -0.886239 0.004654 0.000000
vt -0.978892 0.004654 0.000000
vt -0.978892 0.000000 0.000000
vt -0.886239 -0.004654 0.000000
vt -0.793586 -0.009308 0.000000
vt -0.978892 -0.013963 0.000000
vt -0.978892 -0.004654 0.000000
vt -0.886239 -0.009308 0.000000
vt -0.978892 -0.009308 0.000000
vt -0.422974 0.000000 0.000000
vt -0.515627 0.004654 0.000000
vt -0.608280 0.009308 0.000000
vt -0.422974 0.013963 0.000000
vt -0.422974 0.004654 0.000000
vt -0.515627 0.009308 0.000000
vt -0.422974 0.009308 0.000000
vt -0.793586 0.004654 0.000000
vt -0.700933 0.000000 0.000000
vt -0.608280 -0.004654 0.000000
vt 0.026017 0.015406 0.000000
vt -0.142462 0.015406 0.000000
vt -0.057518 0.010271 0.000000
vt -0.142462 0.010271 0.000000
vt -0.057518 0.005135 0.000000
vt -0.142462 0.005135 0.000000
vt -0.057518 -0.000000 0.000000
vt -0.142462 0.000000 0.000000
vt -0.057518 -0.005135 0.000000
vt -0.142462 -0.005135 0.000000
vt -0.057518 -0.010271 0.000000
vt -0.142462 -0.010271 0.000000
vt -0.142462 -0.015406 0.000000
vt 0.026017 -0.015406 0.000000
vt 0.026782 -0.010271 0.000000
vt 0.027262 -0.005135 0.000000
vt 0.027425 -0.000000 0.000000
vt 0.027262 0.005135 0.000000
vt 0.026782 0.010271 0.000000
vt -0.013587 0.006005 0.000000
vt -0.017794 0.003217 0.000000
vt -0.013056 0.003725 0.000000
vt -0.014213 -0.002020 0.000000
vt -0.013056 -0.001337 0.000000
vt -0.010127 -0.005768 0.000000
vt -0.008318 -0.001337 0.000000
vt -0.008318 -0.006400 0.000000
vt -0.003579 -0.006400 0.000000
vt -0.005798 -0.008727 0.000000
vt -0.001360 -0.011317 0.000000
vt 0.003100 -0.013830 0.000000
vt 0.001159 -0.011462 0.000000
vt 0.001159 -0.006400 0.000000
vt -0.003579 -0.001337 0.000000
vt -0.008318 0.003725 0.000000
vt -0.009241 0.007963 0.000000
vt 0.005898 -0.011462 0.000000
vt 0.007507 -0.016525 0.000000
vt 0.009065 -0.011807 0.000000
vt 0.005898 -0.006400 0.000000
vt 0.010140 -0.006779 0.000000
vt 0.010636 -0.001529 0.000000
vt 0.005898 -0.001337 0.000000
vt 0.010501 0.003776 0.000000
vt 0.005898 0.003725 0.000000
vt 0.009750 0.008949 0.000000
vt 0.005898 0.008788 0.000000
vt 0.008456 0.013850 0.000000
vt 0.004040 0.012325 0.000000
vt 0.001159 0.008788 0.000000
vt -0.000397 0.010934 0.000000
vt -0.003579 0.008788 0.000000
vt -0.004832 0.009531 0.000000
vt 0.001159 0.003725 0.000000
vt 0.001159 -0.001337 0.000000
vt -0.003579 0.003725 0.000000
vt 0.200000 0.880147 0.000000
vt -0.355918 0.880147 0.000000
vt 0.200000 -0.880147 0.000000
vt -0.355918 -0.880147 0.000000
vt 0.293747 -0.009308 0.000000
vt 0.195953 -0.009308 0.000000
vt 0.293747 -0.013963 0.000000
vt 0.098159 -0.009308 0.000000
vt 0.000365 -0.009308 0.000000
vt 0.000365 -0.004654 0.000000
vt -0.097429 -0.004654 0.000000
vt -0.097429 -0.000000 0.000000
vt -0.195224 -0.000000 0.000000
vt -0.195224 0.004654 0.000000
vt -0.293018 0.004654 0.000000
vt -0.293018 0.009308 0.000000
vt -0.390812 0.009308 0.000000
vt 0.293747 0.013963 0.000000
vt -0.488606 0.009308 0.000000
vt -0.586400 0.009308 0.000000
vt -0.488606 0.004654 0.000000
vt -0.586400 0.004654 0.000000
vt -0.488606 -0.000000 0.000000
vt -0.586400 -0.000000 0.000000
vt -0.488606 -0.004654 0.000000
vt -0.586400 -0.004654 0.000000
vt -0.488606 -0.009308 0.000000
vt -0.586400 -0.009308 0.000000
vt -1.466547 -0.013963 0.000000
vt -0.684194 -0.009308 0.000000
vt -0.781988 -0.009308 0.000000
vt -0.781988 -0.004654 0.000000
vt -0.879782 -0.004654 0.000000
vt -0.879782 -0.000000 0.000000
vt -0.977576 -0.000000 0.000000
vt -0.977576 0.004654 0.000000
vt -1.075371 0.004654 0.000000
vt -1.075371 0.009308 0.000000
vt -1.173165 0.009308 0.000000
vt -1.466547 0.013963 0.000000
vt -1.270959 0.009308 0.000000
vt -1.368753 0.009308 0.000000
vt -1.270959 0.004654 0.000000
vt -1.368753 0.004654 0.000000
vt -1.270959 -0.000000 0.000000
vt -1.368753 -0.000000 0.000000
vt -1.270959 -0.004654 0.000000
vt -1.368753 -0.004654 0.000000
vt -1.270959 -0.009308 0.000000
vt -1.368753 -0.009308 0.000000
vt -1.466547 -0.009308 0.000000
vt -1.466547 -0.004654 0.000000
vt -1.466547 -0.000000 0.000000
vt -1.466547 0.004654 0.000000
vt -1.466547 0.009308 0.000000
vt 0.195953 -0.004654 0.000000
vt 0.293747 -0.004654 0.000000
vt 0.195953 -0.000000 0.000000
vt 0.293747 -0.000000 0.000000
vt 0.195953 0.004654 0.000000
vt 0.293747 0.004654 0.000000
vt 0.195953 0.009308 0.000000
vt 0.293747 0.009308 0.000000
vt -0.684194 0.009308 0.000000
vt -0.684194 0.004654 0.000000
vt -0.684194 -0.000000 0.000000
vt -0.684194 -0.004654 0.000000
vt 0.098159 -0.004654 0.000000
vt 0.098159 -0.000000 0.000000
vt 0.098159 0.004654 0.000000
vt 0.098159 0.009308 0.000000
vt -0.097429 -0.009308 0.000000
vt -0.195224 -0.009308 0.000000
vt -0.293018 -0.009308 0.000000
vt -0.293018 -0.004654 0.000000
vt -0.390812 -0.004654 0.000000
vt -0.390812 -0.000000 0.000000
vt -0.195224 -0.004654 0.000000
vt -0.390812 -0.009308 0.000000
vt -0.879782 -0.009308 0.000000
vt -0.977576 -0.009308 0.000000
vt -1.075371 -0.009308 0.000000
vt -1.075371 -0.004654 0.000000
vt -1.173165 -0.004654 0.000000
vt -1.173165 -0.000000 0.000000
vt -0.977576 -0.004654 0.000000
vt -1.173165 -0.009308 0.000000
vt 0.000365 -0.000000 0.000000
vt -0.097429 0.004654 0.000000
vt -0.195224 0.009308 0.000000
vt -0.293018 -0.000000 0.000000
vt -0.781988 -0.000000 0.000000
vt -0.781988 0.004654 0.000000
vt -0.781988 0.009308 0.000000
vt -1.075371 -0.000000 0.000000
vt 0.000365 0.004654 0.000000
vt 0.000365 0.009308 0.000000
vt -0.390812 0.004654 0.000000
vt -0.879782 0.004654 0.000000
vt -0.977576 0.009308 0.000000
vt -1.173165 0.004654 0.000000
vt -0.097429 0.009308 0.000000
vt -0.879782 0.009308 0.000000
vt 0.263828 0.087862 0.000000
vt 2.081772 0.087862 0.000000
vt 0.292653 0.253857 0.000000
vt 2.052947 0.253857 0.000000
vt 1.500000 0.400000 0.000000
vt 2.478407 1.050882 0.000000
vt -0.100000 0.400000 0.000000
vt 2.488397 1.075000 0.000000
vt -1.634484 0.776223 0.000000
vt -1.973205 1.400000 0.000000
vt -1.639352 0.778041 0.000000
vt -1.644628 0.778536 0.000000
vt -2.204839 0.892099 0.000000
vt -2.184129 0.876207 0.000000
vt 1.500000 -0.400000 0.000000
vt 2.895561 -0.908972 0.000000
vt 2.895561 0.908972 0.000000
vt 2.575000 0.925000 0.000000
vt 2.600882 0.928407 0.000000
vt 2.625000 0.938397 0.000000
vt 2.645711 0.954289 0.000000
vt 2.896227 0.914107 0.000000
vt 2.898181 0.918865 0.000000
vt -0.100000 -0.400000 0.000000
vt 2.478407 -1.050882 0.000000
vt 2.475000 -1.025000 0.000000
vt 2.478407 -0.999118 0.000000
vt -0.947482 -0.408139 0.000000
vt -0.945562 -0.412878 0.000000
vt -0.945013 -0.417976 0.000000
vt 2.478407 0.999118 0.000000
vt 2.475000 1.025000 0.000000
vt 2.504289 1.095711 0.000000
vt 2.525000 1.111603 0.000000
vt 2.549118 1.121593 0.000000
vt 3.400000 1.400000 0.000000
vt 2.575000 1.125000 0.000000
vt 2.600882 1.121593 0.000000
vt 2.625000 1.111603 0.000000
vt 2.645711 1.095711 0.000000
vt 2.661603 1.075000 0.000000
vt 2.915257 0.928668 0.000000
vt 2.671593 1.050882 0.000000
vt 2.675000 1.025000 0.000000
vt 2.910122 0.928002 0.000000
vt 2.671593 0.999118 0.000000
vt 2.905364 0.926048 0.000000
vt 2.661603 0.975000 0.000000
vt 2.901294 0.922934 0.000000
vt 2.549118 0.928407 0.000000
vt 2.525000 0.938397 0.000000
vt 2.504289 0.954289 0.000000
vt 2.488397 0.975000 0.000000
vt 2.488397 -0.975000 0.000000
vt 2.504289 -0.954289 0.000000
vt 2.525000 -0.938397 0.000000
vt 2.549118 -0.928407 0.000000
vt 2.575000 -0.925000 0.000000
vt 2.600882 -0.928407 0.000000
vt 2.625000 -0.938397 0.000000
vt 2.645711 -0.954289 0.000000
vt 2.896227 -0.914107 0.000000
vt 2.898181 -0.918865 0.000000
vt 2.901294 -0.922934 0.000000
vt 2.661603 -0.975000 0.000000
vt 2.905364 -0.926048 0.000000
vt 2.671593 -0.999118 0.000000
vt 2.910122 -0.928002 0.000000
vt 2.675000 -1.025000 0.000000
vt 2.915257 -0.928668 0.000000
vt 2.671593 -1.050882 0.000000
vt 2.661603 -1.075000 0.000000
vt 3.400000 -1.400000 0.000000
vt 2.645711 -1.095711 0.000000
vt 2.625000 -1.111603 0.000000
vt 2.600882 -1.121593 0.000000
vt 2.575000 -1.125000 0.000000
vt 2.549118 -1.121593 0.000000
vt -1.222944 -1.400000 0.000000
vt 2.525000 -1.111603 0.000000
vt 2.504289 -1.095711 0.000000
vt 2.488397 -1.075000 0.000000
vt -1.143237 -1.019856 0.000000
vt -1.159129 -1.040566 0.000000
vt -1.133247 -0.995738 0.000000
vt -1.129839 -0.969856 0.000000
vt -1.133247 -0.943974 0.000000
vt -1.143237 -0.919856 0.000000
vt -1.159129 -0.899145 0.000000
vt -0.955899 -0.435408 0.000000
vt -1.179839 -0.883253 0.000000
vt -1.203957 -0.873263 0.000000
vt -1.229839 -0.869856 0.000000
vt -1.255721 -0.873263 0.000000
vt -1.279839 -0.883253 0.000000
vt -2.026751 -1.053665 0.000000
vt -1.300550 -0.899145 0.000000
vt -1.316442 -0.919856 0.000000
vt -1.326432 -0.943974 0.000000
vt -1.329839 -0.969856 0.000000
vt -1.326432 -0.995738 0.000000
vt -1.316442 -1.019856 0.000000
vt -1.300550 -1.040566 0.000000
vt -1.279839 -1.056458 0.000000
vt -1.255721 -1.066448 0.000000
vt -1.229839 -1.069856 0.000000
vt -1.203957 -1.066448 0.000000
vt -1.179839 -1.056458 0.000000
vt -2.351432 0.779614 0.000000
vt -2.354839 0.805496 0.000000
vt -3.075833 0.763397 0.000000
vt -2.351432 0.831378 0.000000
vt -2.341442 0.855496 0.000000
vt -2.325550 0.876207 0.000000
vt -2.304839 0.892099 0.000000
vt -2.280721 0.902089 0.000000
vt -2.254839 0.905496 0.000000
vt -2.228957 0.902089 0.000000
vt -1.649969 0.777674 0.000000
vt -2.168237 0.855496 0.000000
vt -1.655024 0.775512 0.000000
vt -2.158247 0.831378 0.000000
vt -2.154839 0.805496 0.000000
vt -2.158247 0.779614 0.000000
vt -2.168237 0.755496 0.000000
vt -2.184129 0.734786 0.000000
vt -2.204839 0.718894 0.000000
vt -2.228957 0.708904 0.000000
vt -2.725877 0.157255 0.000000
vt -2.254839 0.705496 0.000000
vt -2.280721 0.708904 0.000000
vt -2.304839 0.718894 0.000000
vt -2.325550 0.734786 0.000000
vt -2.341442 0.755496 0.000000
vt 3.400000 0.928668 0.000000
vt -1.630344 0.773199 0.000000
vt -1.627200 0.769167 0.000000
vt -0.945872 -0.423100 0.000000
vt -0.948082 -0.427917 0.000000
vt -0.951499 -0.432111 0.000000
vt -1.675832 -1.661475 0.000000
vt 3.400000 -0.928668 0.000000
vt 1.045948 0.262673 0.000000
vt 1.045948 0.198221 0.000000
vt 1.601867 0.262673 0.000000
vt 1.049356 0.171940 0.000000
vt 1.630691 0.096678 0.000000
vt 1.059346 0.147450 0.000000
vt 1.145948 0.096678 0.000000
vt 1.075238 0.126419 0.000000
vt 1.095948 0.110282 0.000000
vt 1.120066 0.100138 0.000000
vt -0.010629 0.015406 0.000000
vt -0.179108 0.015406 0.000000
vt -0.094164 0.010271 0.000000
vt -0.179108 0.010271 0.000000
vt -0.094164 0.005135 0.000000
vt -0.179108 0.005135 0.000000
vt -0.094164 -0.000000 0.000000
vt -0.179108 -0.000000 0.000000
vt -0.094164 -0.005135 0.000000
vt -0.179108 -0.005135 0.000000
vt -0.094164 -0.010271 0.000000
vt -0.179108 -0.010271 0.000000
vt -0.179108 -0.015406 0.000000
vt -0.010629 -0.015406 0.000000
vt -0.009864 -0.010271 0.000000
vt -0.009384 -0.005135 0.000000
vt -0.009221 -0.000000 0.000000
vt -0.009384 0.005135 0.000000
vt -0.009864 0.010271 0.000000
vt 0.408101 0.009308 0.000000
vt 0.500754 0.009308 0.000000
vt 0.408101 0.013963 0.000000
vt 0.593407 0.009308 0.000000
vt 0.686060 0.009308 0.000000
vt 0.686060 0.004654 0.000000
vt 0.778713 0.004654 0.000000
vt 0.778713 0.000000 0.000000
vt 0.871366 0.000000 0.000000
vt 0.871366 -0.004654 0.000000
vt 0.964019 -0.004654 0.000000
vt 0.964019 -0.009308 0.000000
vt 0.871366 -0.009308 0.000000
vt 0.964019 -0.013963 0.000000
vt 0.778713 -0.009308 0.000000
vt 0.686060 -0.009308 0.000000
vt 0.686060 -0.004654 0.000000
vt 0.593407 -0.004654 0.000000
vt 0.593407 0.000000 0.000000
vt 0.500754 0.000000 0.000000
vt 0.500754 0.004654 0.000000
vt 0.408101 0.004654 0.000000
vt 0.408101 0.000000 0.000000
vt 0.500754 -0.004654 0.000000
vt 0.593407 -0.009308 0.000000
vt 0.408101 -0.013963 0.000000
vt 0.408101 -0.004654 0.000000
vt 0.500754 -0.009308 0.000000
vt 0.408101 -0.009308 0.000000
vt 0.964019 0.000000 0.000000
vt 0.871366 0.004654 0.000000
vt 0.778713 0.009308 0.000000
vt 0.964019 0.013963 0.000000
vt 0.964019 0.004654 0.000000
vt 0.871366 0.009308 0.000000
vt 0.964019 0.009308 0.000000
vt 0.593407 0.004654 0.000000
vt 0.686060 0.000000 0.000000
vt 0.778713 -0.004654 0.000000
vt 0.014213 -0.002020 0.000000
vt 0.017794 0.003217 0.000000
vt 0.013056 0.003725 0.000000
vt 0.013587 0.006005 0.000000
vt 0.009241 0.007963 0.000000
vt 0.008318 0.003725 0.000000
vt 0.004832 0.009531 0.000000
vt 0.003579 0.003725 0.000000
vt 0.003579 0.008788 0.000000
vt -0.001159 0.008788 0.000000
vt 0.000397 0.010934 0.000000
vt -0.004040 0.012325 0.000000
vt -0.005898 0.008788 0.000000
vt -0.008456 0.013850 0.000000
vt -0.009750 0.008949 0.000000
vt -0.005898 0.003725 0.000000
vt -0.010501 0.003776 0.000000
vt -0.005898 -0.001337 0.000000
vt -0.010636 -0.001529 0.000000
vt -0.005898 -0.006400 0.000000
vt -0.010140 -0.006779 0.000000
vt -0.009065 -0.011807 0.000000
vt -0.005898 -0.011462 0.000000
vt -0.007507 -0.016525 0.000000
vt -0.003100 -0.013830 0.000000
vt -0.001159 -0.011462 0.000000
vt 0.001360 -0.011317 0.000000
vt -0.001159 -0.006400 0.000000
vt 0.003579 -0.006400 0.000000
vt -0.001159 -0.001337 0.000000
vt 0.003579 -0.001337 0.000000
vt -0.001159 0.003725 0.000000
vt 0.005798 -0.008727 0.000000
vt 0.008318 -0.006400 0.000000
vt 0.008318 -0.001337 0.000000
vt 0.010127 -0.005768 0.000000
vt 0.013056 -0.001337 0.000000
vt 2.411035 0.250000 0.000000
vt 2.399843 0.186527 0.000000
vt 2.900000 0.250000 0.000000
vt 2.398511 0.182078 0.000000
vt 2.396189 0.178057 0.000000
vt 2.900000 0.100000 0.000000
vt 2.393003 0.174679 0.000000
vt 2.389123 0.172127 0.000000
vt 2.384759 0.170539 0.000000
vt 2.380147 0.170000 0.000000
vt 0.619853 0.170000 0.000000
vt 0.100000 0.100000 0.000000
vt 0.615241 0.170539 0.000000
vt 0.610877 0.172127 0.000000
vt 0.606997 0.174679 0.000000
vt 0.603811 0.178057 0.000000
vt 0.100000 0.250000 0.000000
vt 0.601489 0.182078 0.000000
vt 0.600157 0.186527 0.000000
vt 0.588965 0.250000 0.000000
vt 1.143296 0.096678 0.000000
vt 1.724631 0.171940 0.000000
vt 1.172120 0.262673 0.000000
vt 1.728039 0.198221 0.000000
vt 1.728039 0.262673 0.000000
vt 1.714641 0.147450 0.000000
vt 1.628039 0.096678 0.000000
vt 1.698749 0.126419 0.000000
vt 1.678039 0.110282 0.000000
vt 1.653920 0.100138 0.000000
vt -0.175000 -0.026180 0.000000
vt 0.175000 -0.026180 0.000000
vt -0.175000 -0.000000 0.000000
vt 0.175000 0.000000 0.000000
vt -0.175000 0.026180 0.000000
vt 0.175000 0.026180 0.000000
vt -0.175000 0.052360 0.000000
vt 0.175000 0.052360 0.000000
vt -0.175000 0.078540 0.000000
vt 0.175000 0.078540 0.000000
vt -0.175000 0.104720 0.000000
vt 0.175000 0.104720 0.000000
vt -0.175000 0.130900 0.000000
vt 0.175000 0.130900 0.000000
vt -0.175000 0.157080 0.000000
vt 0.175000 0.157080 0.000000
vt -0.175000 0.183260 0.000000
vt 0.175000 0.183260 0.000000
vt -0.175000 0.209440 0.000000
vt 0.175000 0.209440 0.000000
vt -0.175000 0.235619 0.000000
vt 0.175000 0.235619 0.000000
vt -0.175000 0.261799 0.000000
vt 0.175000 0.261799 0.000000
vt -0.175000 0.287979 0.000000
vt 0.175000 0.287979 0.000000
vt -0.175000 0.314159 0.000000
vt 0.175000 0.314159 0.000000
vt -0.175000 -0.314159 0.000000
vt 0.175000 -0.314159 0.000000
vt -0.175000 -0.287979 0.000000
vt 0.175000 -0.287979 0.000000
vt -0.175000 -0.261799 0.000000
vt 0.175000 -0.261799 0.000000
vt -0.175000 -0.235619 0.000000
vt 0.175000 -0.235619 0.000000
vt -0.175000 -0.209440 0.000000
vt 0.175000 -0.209440 0.000000
vt -0.175000 -0.183260 0.000000
vt 0.175000 -0.183260 0.000000
vt -0.175000 -0.157080 0.000000
vt 0.175000 -0.157080 0.000000
vt -0.175000 -0.130900 0.000000
vt 0.175000 -0.130900 0.000000
vt -0.175000 -0.104720 0.000000
vt 0.175000 -0.104720 0.000000
vt -0.175000 -0.078540 0.000000
vt 0.175000 -0.078540 0.000000
vt -0.175000 -0.052360 0.000000
vt 0.175000 -0.052360 0.000000
vt -0.175000 -0.026180 0.000000
vt 0.175000 -0.026180 0.000000
vt -0.175000 -0.000000 0.000000
vt 0.175000 0.000000 0.000000
vt -0.175000 0.026180 0.000000
vt 0.175000 0.026180 0.000000
vt -0.175000 0.052360 0.000000
vt 0.175000 0.052360 0.000000
vt -0.175000 0.078540 0.000000
vt 0.175000 0.078540 0.000000
vt -0.175000 0.104720 0.000000
vt 0.175000 0.104720 0.000000
vt -0.175000 0.130900 0.000000
vt 0.175000 0.130900 0.000000
vt -0.175000 0.157080 0.000000
vt 0.175000 0.157080 0.000000
vt -0.175000 0.183260 0.000000
vt 0.175000 0.183260 0.000000
vt -0.175000 0.209440 0.000000
vt 0.175000 0.209440 0.000000
vt -0.175000 0.235619 0.000000
vt 0.175000 0.235619 0.000000
vt -0.175000 0.261799 0.000000
vt 0.175000 0.261799 0.000000
vt -0.175000 0.287979 0.000000
vt 0.175000 0.287979 0.000000
vt -0.175000 0.314159 0.000000
vt 0.175000 0.314159 0.000000
vt -0.175000 -0.314159 0.000000
vt 0.175000 -0.314159 0.000000
vt -0.175000 -0.287979 0.000000
vt 0.175000 -0.287979 0.000000
vt -0.175000 -0.261799 0.000000
vt 0.175000 -0.261799 0.000000
vt -0.175000 -0.235619 0.000000
vt 0.175000 -0.235619 0.000000
vt -0.175000 -0.209440 0.000000
vt 0.175000 -0.209440 0.000000
vt -0.175000 -0.183260 0.000000
vt 0.175000 -0.183260 0.000000
vt -0.175000 -0.157080 0.000000
vt 0.175000 -0.157080 0.000000
vt -0.175000 -0.130900 0.000000
vt 0.175000 -0.130900 0.000000
vt -0.175000 -0.104720 0.000000
vt 0.175000 -0.104720 0.000000
vt -0.175000 -0.078540 0.000000
vt 0.175000 -0.078540 0.000000
vt -0.175000 -0.052360 0.000000
vt 0.175000 -0.052360 0.000000
vt -0.800000 -0.078540 0.000000
vt 0.800000 -0.078540 0.000000
vt -0.780491 -0.058905 0.000000
vt -0.266667 -0.052360 0.000000
vt -0.761732 -0.039270 0.000000
vt -0.266667 -0.026180 0.000000
vt -0.744443 -0.019635 0.000000
vt -0.266667 -0.000000 0.000000
vt -0.729289 -0.000000 0.000000
vt -0.716853 0.019635 0.000000
vt -0.266667 0.026180 0.000000
vt -0.707612 0.039270 0.000000
vt -0.266667 0.052360 0.000000
vt -0.701921 0.058905 0.000000
vt -0.700482 0.068722 0.000000
vt -0.700000 0.078540 0.000000
vt 0.266667 0.052360 0.000000
vt 0.700482 0.068722 0.000000
vt 0.701921 0.058905 0.000000
vt 0.707612 0.039270 0.000000
vt 0.266667 0.026180 0.000000
vt 0.716853 0.019635 0.000000
vt 0.266667 0.000000 0.000000
vt 0.729289 0.000000 0.000000
vt 0.744443 -0.019635 0.000000
vt 0.266667 -0.026180 0.000000
vt 0.761732 -0.039270 0.000000
vt 0.266667 -0.052360 0.000000
vt 0.780491 -0.058905 0.000000
vt 0.700000 0.078540 0.000000
vt -0.550000 -0.078540 0.000000
vt 0.250000 -0.078540 0.000000
vt -0.530491 -0.058905 0.000000
vt -0.150000 -0.052360 0.000000
vt -0.511732 -0.039270 0.000000
vt -0.150000 -0.026180 0.000000
vt -0.494443 -0.019635 0.000000
vt -0.150000 -0.000000 0.000000
vt -0.479289 -0.000000 0.000000
vt -0.466853 0.019635 0.000000
vt -0.150000 0.026180 0.000000
vt -0.457612 0.039270 0.000000
vt -0.150000 0.052360 0.000000
vt -0.451921 0.058905 0.000000
vt -0.450482 0.068722 0.000000
vt 0.150482 0.068722 0.000000
vt -0.450000 0.078540 0.000000
vt 0.150000 0.078540 0.000000
vt 0.230491 -0.058905 0.000000
vt 0.211732 -0.039270 0.000000
vt 0.194443 -0.019635 0.000000
vt 0.179289 -0.000000 0.000000
vt 0.166853 0.019635 0.000000
vt 0.157612 0.039270 0.000000
vt 0.151921 0.058905 0.000000
vt -1.500000 -0.078540 0.000000
vt 0.100000 -0.078540 0.000000
vt -1.480491 -0.058905 0.000000
vt -0.966667 -0.052360 0.000000
vt -1.461732 -0.039270 0.000000
vt -0.966667 -0.026180 0.000000
vt -1.444443 -0.019635 0.000000
vt -0.966667 -0.000000 0.000000
vt -1.429289 -0.000000 0.000000
vt -1.416853 0.019635 0.000000
vt -0.966667 0.026180 0.000000
vt -1.407612 0.039270 0.000000
vt -0.966667 0.052360 0.000000
vt -1.401921 0.058905 0.000000
vt -1.400482 0.068722 0.000000
vt -1.400000 0.078540 0.000000
vt -0.433333 0.052360 0.000000
vt 0.000482 0.068722 0.000000
vt 0.001921 0.058905 0.000000
vt 0.007612 0.039270 0.000000
vt -0.433333 0.026180 0.000000
vt 0.016853 0.019635 0.000000
vt -0.433333 0.000000 0.000000
vt 0.029289 0.000000 0.000000
vt 0.044443 -0.019635 0.000000
vt -0.433333 -0.026180 0.000000
vt 0.061732 -0.039270 0.000000
vt -0.433333 -0.052360 0.000000
vt 0.080491 -0.058905 0.000000
vt -0.000000 0.078540 0.000000
vt 0.150000 0.078540 0.000000
vt -0.450000 0.078540 0.000000
vt 0.150482 0.068722 0.000000
vt -0.450482 0.068722 0.000000
vt -0.150000 0.052360 0.000000
vt -0.451921 0.058905 0.000000
vt -0.457612 0.039270 0.000000
vt -0.150000 0.026180 0.000000
vt -0.466853 0.019635 0.000000
vt -0.150000 0.000000 0.000000
vt -0.479289 0.000000 0.000000
vt -0.494443 -0.019635 0.000000
vt -0.150000 -0.026180 0.000000
vt -0.511732 -0.039270 0.000000
vt -0.150000 -0.052360 0.000000
vt -0.530491 -0.058905 0.000000
vt 0.250000 -0.078540 0.000000
vt -0.550000 -0.078540 0.000000
vt 0.230491 -0.058905 0.000000
vt 0.211732 -0.039270 0.000000
vt 0.194443 -0.019635 0.000000
vt 0.179289 0.000000 0.000000
vt 0.166853 0.019635 0.000000
vt 0.157612 0.039270 0.000000
vt 0.151921 0.058905 0.000000
vt -0.600000 0.100000 0.000000
vt -0.000000 0.100000 0.000000
vt -0.600000 0.250000 0.000000
vt -0.000000 0.250000 0.000000
vt -1.400000 0.100000 0.000000
vt -0.000000 0.100000 0.000000
vt -1.400000 0.250000 0.000000
vt -0.000000 0.250000 0.000000
vt 1.326432 -0.995738 0.000000
vt 1.675832 -1.661475 0.000000
vt 1.329839 -0.969856 0.000000
vt 3.075833 0.763397 0.000000
vt 1.326432 -0.943974 0.000000
vt 1.316442 -0.919856 0.000000
vt 1.300550 -0.899145 0.000000
vt 1.279839 -0.883253 0.000000
vt 2.280721 0.708904 0.000000
vt 2.254839 0.705496 0.000000
vt 1.316442 -1.019856 0.000000
vt 1.300550 -1.040566 0.000000
vt 1.222944 -1.400000 0.000000
vt 1.279839 -1.056458 0.000000
vt 1.255721 -1.066448 0.000000
vt 1.229839 -1.069856 0.000000
vt 1.203957 -1.066448 0.000000
vt 1.179839 -1.056458 0.000000
vt 1.159129 -1.040566 0.000000
vt 1.143237 -1.019856 0.000000
vt -2.488397 -1.075000 0.000000
vt -2.478407 -1.050882 0.000000
vt 0.100000 -0.400000 0.000000
vt -1.500000 -0.400000 0.000000
vt 1.133247 -0.995738 0.000000
vt 1.129839 -0.969856 0.000000
vt 1.133247 -0.943974 0.000000
vt 1.143237 -0.919856 0.000000
vt 1.159129 -0.899145 0.000000
vt 1.179839 -0.883253 0.000000
vt 1.203957 -0.873263 0.000000
vt 1.229839 -0.869856 0.000000
vt 2.228957 0.708904 0.000000
vt 1.255721 -0.873263 0.000000
vt 2.351432 0.831378 0.000000
vt 2.354839 0.805496 0.000000
vt 2.351432 0.779614 0.000000
vt 2.341442 0.755496 0.000000
vt 2.325550 0.734786 0.000000
vt 2.304839 0.718894 0.000000
vt 0.100000 0.400000 0.000000
vt 2.204839 0.718894 0.000000
vt 2.184129 0.734786 0.000000
vt 2.168237 0.755496 0.000000
vt 2.158247 0.779614 0.000000
vt 2.154839 0.805496 0.000000
vt 2.158247 0.831378 0.000000
vt 2.168237 0.855496 0.000000
vt 1.973205 1.400000 0.000000
vt 2.184129 0.876207 0.000000
vt 2.204839 0.892099 0.000000
vt 2.228957 0.902089 0.000000
vt 2.254839 0.905496 0.000000
vt 2.280721 0.902089 0.000000
vt 2.304839 0.892099 0.000000
vt 2.325550 0.876207 0.000000
vt 2.341442 0.855496 0.000000
vt -3.400000 -1.400000 0.000000
vt -2.645711 0.954289 0.000000
vt -3.400000 1.400000 0.000000
vt -2.661603 0.975000 0.000000
vt -2.671593 0.999118 0.000000
vt -2.549118 -1.121593 0.000000
vt -2.575000 -1.125000 0.000000
vt -2.600882 -1.121593 0.000000
vt -2.549118 1.121593 0.000000
vt -2.525000 1.111603 0.000000
vt -2.504289 1.095711 0.000000
vt -2.478407 1.050882 0.000000
vt -2.475000 1.025000 0.000000
vt -1.500000 0.400000 0.000000
vt -2.478407 0.999118 0.000000
vt -2.488397 0.975000 0.000000
vt -2.504289 0.954289 0.000000
vt -2.525000 0.938397 0.000000
vt -2.549118 0.928407 0.000000
vt -2.575000 0.925000 0.000000
vt -2.600882 0.928407 0.000000
vt -2.600882 -0.928407 0.000000
vt -2.625000 -0.938397 0.000000
vt -2.625000 0.938397 0.000000
vt -2.675000 1.025000 0.000000
vt -2.671593 1.050882 0.000000
vt -2.661603 1.075000 0.000000
vt -2.645711 1.095711 0.000000
vt -2.625000 1.111603 0.000000
vt -2.600882 1.121593 0.000000
vt -2.575000 1.125000 0.000000
vt -2.488397 1.075000 0.000000
vt -2.478407 -0.999118 0.000000
vt -2.475000 -1.025000 0.000000
vt -2.504289 -1.095711 0.000000
vt -2.525000 -1.111603 0.000000
vt -2.625000 -1.111603 0.000000
vt -2.645711 -1.095711 0.000000
vt -2.661603 -1.075000 0.000000
vt -2.671593 -1.050882 0.000000
vt -2.675000 -1.025000 0.000000
vt -2.671593 -0.999118 0.000000
vt -2.661603 -0.975000 0.000000
vt -2.645711 -0.954289 0.000000
vt -2.575000 -0.925000 0.000000
vt -2.549118 -0.928407 0.000000
vt -2.525000 -0.938397 0.000000
vt -2.504289 -0.954289 0.000000
vt -2.488397 -0.975000 0.000000
vt -0.800000 -0.078540 0.000000
vt 0.800000 -0.078540 0.000000
vt -0.780491 -0.058905 0.000000
vt -0.266667 -0.052360 0.000000
vt -0.761732 -0.039270 0.000000
vt -0.266667 -0.026180 0.000000
vt -0.744443 -0.019635 0.000000
vt -0.266667 0.000000 0.000000
vt -0.729289 0.000000 0.000000
vt -0.716853 0.019635 0.000000
vt -0.266667 0.026180 0.000000
vt -0.707612 0.039270 0.000000
vt -0.266667 0.052360 0.000000
vt -0.701921 0.058905 0.000000
vt -0.700482 0.068722 0.000000
vt -0.700000 0.078540 0.000000
vt 0.266667 0.052360 0.000000
vt 0.700482 0.068722 0.000000
vt 0.701921 0.058905 0.000000
vt 0.707612 0.039270 0.000000
vt 0.266667 0.026180 0.000000
vt 0.716853 0.019635 0.000000
vt 0.266667 0.000000 0.000000
vt 0.729289 0.000000 0.000000
vt 0.744443 -0.019635 0.000000
vt 0.266667 -0.026180 0.000000
vt 0.761732 -0.039270 0.000000
vt 0.266667 -0.052360 0.000000
vt 0.780491 -0.058905 0.000000
vt 0.700000 0.078540 0.000000
vt 0.450000 0.078540 0.000000
vt -0.150000 0.078540 0.000000
vt 0.450482 0.068722 0.000000
vt -0.150482 0.068722 0.000000
vt 0.150000 0.052360 0.000000
vt -0.151921 0.058905 0.000000
vt -0.157612 0.039270 0.000000
vt 0.150000 0.026180 0.000000
vt -0.166853 0.019635 0.000000
vt 0.150000 0.000000 0.000000
vt -0.179289 0.000000 0.000000
vt -0.194443 -0.019635 0.000000
vt 0.150000 -0.026180 0.000000
vt -0.211732 -0.039270 0.000000
vt 0.150000 -0.052360 0.000000
vt -0.230491 -0.058905 0.000000
vt 0.550000 -0.078540 0.000000
vt -0.250000 -0.078540 0.000000
vt 0.530491 -0.058905 0.000000
vt 0.511732 -0.039270 0.000000
vt 0.494443 -0.019635 0.000000
vt 0.479289 0.000000 0.000000
vt 0.466853 0.019635 0.000000
vt 0.457612 0.039270 0.000000
vt 0.451921 0.058905 0.000000
vt -0.100000 -0.078540 0.000000
vt 1.500000 -0.078540 0.000000
vt -0.080491 -0.058905 0.000000
vt 0.433333 -0.052360 0.000000
vt -0.061732 -0.039270 0.000000
vt 0.433333 -0.026180 0.000000
vt -0.044443 -0.019635 0.000000
vt 0.433333 0.000000 0.000000
vt -0.029289 0.000000 0.000000
vt -0.016853 0.019635 0.000000
vt 0.433333 0.026180 0.000000
vt -0.007612 0.039270 0.000000
vt 0.433333 0.052360 0.000000
vt -0.001921 0.058905 0.000000
vt -0.000482 0.068722 0.000000
vt -0.000000 0.078540 0.000000
vt 0.966667 0.052360 0.000000
vt 1.400482 0.068722 0.000000
vt 1.401921 0.058905 0.000000
vt 1.407612 0.039270 0.000000
vt 0.966667 0.026180 0.000000
vt 1.416853 0.019635 0.000000
vt 0.966667 0.000000 0.000000
vt 1.429289 0.000000 0.000000
vt 1.444443 -0.019635 0.000000
vt 0.966667 -0.026180 0.000000
vt 1.461732 -0.039270 0.000000
vt 0.966667 -0.052360 0.000000
vt 1.480491 -0.058905 0.000000
vt 1.400000 0.078540 0.000000
vt -0.250000 -0.078540 0.000000
vt 0.550000 -0.078540 0.000000
vt -0.230491 -0.058905 0.000000
vt 0.150000 -0.052360 0.000000
vt -0.211732 -0.039270 0.000000
vt 0.150000 -0.026180 0.000000
vt -0.194443 -0.019635 0.000000
vt 0.150000 0.000000 0.000000
vt -0.179289 0.000000 0.000000
vt -0.166853 0.019635 0.000000
vt 0.150000 0.026180 0.000000
vt -0.157612 0.039270 0.000000
vt 0.150000 0.052360 0.000000
vt -0.151921 0.058905 0.000000
vt -0.150482 0.068722 0.000000
vt 0.450482 0.068722 0.000000
vt -0.150000 0.078540 0.000000
vt 0.450000 0.078540 0.000000
vt 0.530491 -0.058905 0.000000
vt 0.511732 -0.039270 0.000000
vt 0.494443 -0.019635 0.000000
vt 0.479289 0.000000 0.000000
vt 0.466853 0.019635 0.000000
vt 0.457612 0.039270 0.000000
vt 0.451921 0.058905 0.000000
vt -0.600000 0.100000 0.000000
vt -0.000000 0.100000 0.000000
vt -0.600000 0.250000 0.000000
vt -0.000000 0.250000 0.000000
vt -1.400000 0.100000 0.000000
vt -0.000000 0.100000 0.000000
vt -1.400000 0.250000 0.000000
vt -0.000000 0.250000 0.000000
vt 2.150000 0.078540 0.000000
vt 1.678668 0.078540 0.000000
vt 2.150000 0.052360 0.000000
vt 1.678067 0.052360 0.000000
vt 2.150000 0.026180 0.000000
vt 1.676305 0.026180 0.000000
vt 2.150000 0.000000 0.000000
vt 1.673503 -0.000000 0.000000
vt 2.150000 -0.026180 0.000000
vt 1.669851 -0.026180 0.000000
vt 2.150000 -0.052360 0.000000
vt 1.665599 -0.052360 0.000000
vt 2.150000 -0.078540 0.000000
vt 1.661035 -0.078540 0.000000
vt -0.175000 -0.026180 0.000000
vt 0.175000 -0.026180 0.000000
vt -0.175000 -0.000000 0.000000
vt 0.175000 0.000000 0.000000
vt -0.175000 0.026180 0.000000
vt 0.175000 0.026180 0.000000
vt -0.175000 0.052360 0.000000
vt 0.175000 0.052360 0.000000
vt -0.175000 0.078540 0.000000
vt 0.175000 0.078540 0.000000
vt -0.175000 0.104720 0.000000
vt 0.175000 0.104720 0.000000
vt -0.175000 0.130900 0.000000
vt 0.175000 0.130900 0.000000
vt -0.175000 0.157080 0.000000
vt 0.175000 0.157080 0.000000
vt -0.175000 0.183260 0.000000
vt 0.175000 0.183260 0.000000
vt -0.175000 0.209440 0.000000
vt 0.175000 0.209440 0.000000
vt -0.175000 0.235619 0.000000
vt 0.175000 0.235619 0.000000
vt -0.175000 0.261799 0.000000
vt 0.175000 0.261799 0.000000
vt -0.175000 0.287979 0.000000
vt 0.175000 0.287979 0.000000
vt -0.175000 0.314159 0.000000
vt 0.175000 0.314159 0.000000
vt -0.175000 -0.314159 0.000000
vt 0.175000 -0.314159 0.000000
vt -0.175000 -0.287979 0.000000
vt 0.175000 -0.287979 0.000000
vt -0.175000 -0.261799 0.000000
vt 0.175000 -0.261799 0.000000
vt -0.175000 -0.235619 0.000000
vt 0.175000 -0.235619 0.000000
vt -0.175000 -0.209440 0.000000
vt 0.175000 -0.209440 0.000000
vt -0.175000 -0.183260 0.000000
vt 0.175000 -0.183260 0.000000
vt -0.175000 -0.157080 0.000000
vt 0.175000 -0.157080 0.000000
vt -0.175000 -0.130900 0.000000
vt 0.175000 -0.130900 0.000000
vt -0.175000 -0.104720 0.000000
vt 0.175000 -0.104720 0.000000
vt -0.175000 -0.078540 0.000000
vt 0.175000 -0.078540 0.000000
vt -0.175000 -0.052360 0.000000
vt 0.175000 -0.052360 0.000000
vt -0.175000 -0.026180 0.000000
vt 0.175000 -0.026180 0.000000
vt -0.175000 -0.000000 0.000000
vt 0.175000 0.000000 0.000000
vt -0.175000 0.026180 0.000000
vt 0.175000 0.026180 0.000000
vt -0.175000 0.052360 0.000000
vt 0.175000 0.052360 0.000000
vt -0.175000 0.078540 0.000000
vt 0.175000 0.078540 0.000000
vt -0.175000 0.104720 0.000000
vt 0.175000 0.104720 0.000000
vt -0.175000 0.130900 0.000000
vt 0.175000 0.130900 0.000000
vt -0.175000 0.157080 0.000000
vt 0.175000 0.157080 0.000000
vt -0.175000 0.183260 0.000000
vt 0.175000 0.183260 0.000000
vt -0.175000 0.209440 0.000000
vt 0.175000 0.209440 0.000000
vt -0.175000 0.235619 0.000000
vt 0.175000 0.235619 0.000000
vt -0.175000 0.261799 0.000000
vt 0.175000 0.261799 0.000000
vt -0.175000 0.287979 0.000000
vt 0.175000 0.287979 0.000000
vt -0.175000 0.314159 0.000000
vt 0.175000 0.314159 0.000000
vt -0.175000 -0.314159 0.000000
vt 0.175000 -0.314159 0.000000
vt -0.175000 -0.287979 0.000000
vt 0.175000 -0.287979 0.000000
vt -0.175000 -0.261799 0.000000
vt 0.175000 -0.261799 0.000000
vt -0.175000 -0.235619 0.000000
vt 0.175000 -0.235619 0.000000
vt -0.175000 -0.209440 0.000000
vt 0.175000 -0.209440 0.000000
vt -0.175000 -0.183260 0.000000
vt 0.175000 -0.183260 0.000000
vt -0.175000 -0.157080 0.000000
vt 0.175000 -0.157080 0.000000
vt -0.175000 -0.130900 0.000000
vt 0.175000 -0.130900 0.000000
vt -0.175000 -0.104720 0.000000
vt 0.175000 -0.104720 0.000000
vt -0.175000 -0.078540 0.000000
vt 0.175000 -0.078540 0.000000
vt -0.175000 -0.052360 0.000000
vt 0.175000 -0.052360 0.000000
vt 0.650000 -0.052360 0.000000
vt 0.090000 -0.052360 0.000000
vt 0.650000 -0.078540 0.000000
vt -0.470000 -0.052360 0.000000
vt -1.030000 -0.052360 0.000000
vt -1.030000 -0.026180 0.000000
vt -1.590000 -0.026180 0.000000
vt -1.590000 -0.000000 0.000000
vt -2.150000 -0.000000 0.000000
vt -2.150000 0.026180 0.000000
vt -1.590000 0.026180 0.000000
vt -2.150000 0.052360 0.000000
vt -1.590000 0.052360 0.000000
vt -2.150000 0.078540 0.000000
vt -1.030000 0.052360 0.000000
vt -0.470000 0.052360 0.000000
vt -0.470000 0.026180 0.000000
vt 0.090000 0.026180 0.000000
vt 0.090000 0.000000 0.000000
vt 0.650000 0.000000 0.000000
vt 0.650000 -0.026180 0.000000
vt 0.090000 -0.026180 0.000000
vt 0.650000 0.026180 0.000000
vt 0.090000 0.052360 0.000000
vt 0.650000 0.078540 0.000000
vt 0.650000 0.052360 0.000000
vt -2.150000 -0.026180 0.000000
vt -1.590000 -0.052360 0.000000
vt -2.150000 -0.078540 0.000000
vt -2.150000 -0.052360 0.000000
vt -0.470000 -0.026180 0.000000
vt -0.470000 0.000000 0.000000
vt -1.030000 0.000000 0.000000
vt -1.030000 0.026180 0.000000
vt -0.250000 -0.078540 0.000000
vt -0.100000 -0.078540 0.000000
vt -0.250000 -0.052360 0.000000
vt -0.100000 -0.052360 0.000000
vt -0.250000 -0.026180 0.000000
vt -0.100000 -0.026180 0.000000
vt -0.250000 -0.000000 0.000000
vt -0.100000 -0.000000 0.000000
vt -0.250000 0.026180 0.000000
vt -0.100000 0.026180 0.000000
vt -0.250000 0.052360 0.000000
vt -0.100000 0.052360 0.000000
vt -0.250000 0.078540 0.000000
vt -0.100000 0.078540 0.000000
vt -0.161035 -0.078540 0.000000
vt -0.165599 -0.052360 0.000000
vt -0.650000 -0.078540 0.000000
vt -0.650000 -0.052360 0.000000
vt -0.169851 -0.026180 0.000000
vt -0.650000 -0.026180 0.000000
vt -0.173503 -0.000000 0.000000
vt -0.650000 -0.000000 0.000000
vt -0.176305 0.026180 0.000000
vt -0.650000 0.026180 0.000000
vt -0.178067 0.052360 0.000000
vt -0.650000 0.052360 0.000000
vt -0.178668 0.078540 0.000000
vt -0.650000 0.078540 0.000000
vt -0.250000 -0.078540 0.000000
vt -0.100000 -0.078540 0.000000
vt -0.250000 -0.052360 0.000000
vt -0.100000 -0.052360 0.000000
vt -0.250000 -0.026180 0.000000
vt -0.100000 -0.026180 0.000000
vt -0.250000 0.000000 0.000000
vt -0.100000 0.000000 0.000000
vt -0.250000 0.026180 0.000000
vt -0.100000 0.026180 0.000000
vt -0.250000 0.052360 0.000000
vt -0.100000 0.052360 0.000000
vt -0.250000 0.078540 0.000000
vt -0.100000 0.078540 0.000000
vt -0.052360 -0.060662 0.000000
vt -0.042053 -0.087332 0.000000
vt -0.035368 -0.062380 0.000000
vt -0.018405 -0.075701 0.000000
vt -0.009188 -0.062380 0.000000
vt 0.005472 -0.065071 0.000000
vt -0.009188 -0.037428 0.000000
vt 0.016992 -0.037428 0.000000
vt -0.009188 -0.012476 0.000000
vt 0.016992 -0.012476 0.000000
vt -0.009188 0.012476 0.000000
vt 0.016992 0.012476 0.000000
vt -0.009188 0.037428 0.000000
vt 0.016992 0.037428 0.000000
vt 0.005472 0.065071 0.000000
vt 0.029284 0.054155 0.000000
vt 0.043172 0.037428 0.000000
vt 0.052705 0.041536 0.000000
vt 0.043172 0.012476 0.000000
vt 0.069352 0.012476 0.000000
vt 0.069352 -0.012476 0.000000
vt 0.095532 0.000000 0.000000
vt 0.075188 -0.024961 0.000000
vt 0.052705 -0.041536 0.000000
vt 0.043172 -0.012476 0.000000
vt 0.043172 -0.037428 0.000000
vt 0.029284 -0.054155 0.000000
vt 0.075188 0.024961 0.000000
vt -0.009188 0.062380 0.000000
vt -0.018405 0.075701 0.000000
vt -0.035368 0.062380 0.000000
vt -0.042053 0.087332 0.000000
vt -0.052360 0.060662 0.000000
vt -0.035368 0.037428 0.000000
vt -0.059159 0.031253 0.000000
vt -0.035368 0.012476 0.000000
vt -0.061548 -0.000000 0.000000
vt -0.035368 -0.012476 0.000000
vt -0.059159 -0.031253 0.000000
vt -0.035368 -0.037428 0.000000
vt -0.052360 -0.060662 0.000000
vt -0.042053 -0.087332 0.000000
vt -0.035368 -0.062380 0.000000
vt -0.018405 -0.075701 0.000000
vt -0.009188 -0.062380 0.000000
vt 0.005472 -0.065071 0.000000
vt -0.009188 -0.037428 0.000000
vt 0.016992 -0.037428 0.000000
vt -0.009188 -0.012476 0.000000
vt 0.016992 -0.012476 0.000000
vt -0.009188 0.012476 0.000000
vt 0.016992 0.012476 0.000000
vt -0.009188 0.037428 0.000000
vt 0.016992 0.037428 0.000000
vt 0.005472 0.065071 0.000000
vt 0.029284 0.054155 0.000000
vt 0.043172 0.037428 0.000000
vt 0.052705 0.041536 0.000000
vt 0.043172 0.012476 0.000000
vt 0.069352 0.012476 0.000000
vt 0.069352 -0.012476 0.000000
vt 0.095532 0.000000 0.000000
vt 0.075188 -0.024961 0.000000
vt 0.052705 -0.041536 0.000000
vt 0.043172 -0.012476 0.000000
vt 0.043172 -0.037428 0.000000
vt 0.029284 -0.054155 0.000000
vt 0.075188 0.024961 0.000000
vt -0.009188 0.062380 0.000000
vt -0.018405 0.075701 0.000000
vt -0.035368 0.062380 0.000000
vt -0.042053 0.087332 0.000000
vt -0.052360 0.060662 0.000000
vt -0.035368 0.037428 0.000000
vt -0.059159 0.031253 0.000000
vt -0.035368 0.012476 0.000000
vt -0.061548 0.000000 0.000000
vt -0.035368 -0.012476 0.000000
vt -0.059159 -0.031253 0.000000
vt -0.035368 -0.037428 0.000000
vt -0.052360 -0.060662 0.000000
vt -0.042053 -0.087332 0.000000
vt -0.035368 -0.062380 0.000000
vt -0.018405 -0.075701 0.000000
vt -0.009188 -0.062380 0.000000
vt 0.005472 -0.065071 0.000000
vt -0.009188 -0.037428 0.000000
vt 0.016992 -0.037428 0.000000
vt -0.009188 -0.012476 0.000000
vt 0.016992 -0.012476 0.000000
vt -0.009188 0.012476 0.000000
vt 0.016992 0.012476 0.000000
vt -0.009188 0.037428 0.000000
vt 0.016992 0.037428 0.000000
vt 0.005472 0.065071 0.000000
vt 0.029284 0.054155 0.000000
vt 0.043172 0.037428 0.000000
vt 0.052705 0.041536 0.000000
vt 0.043172 0.012476 0.000000
vt 0.069352 0.012476 0.000000
vt 0.069352 -0.012476 0.000000
vt 0.095532 -0.000000 0.000000
vt 0.075188 -0.024961 0.000000
vt 0.052705 -0.041536 0.000000
vt 0.043172 -0.012476 0.000000
vt 0.043172 -0.037428 0.000000
vt 0.029284 -0.054155 0.000000
vt 0.075188 0.024961 0.000000
vt -0.009188 0.062380 0.000000
vt -0.018405 0.075701 0.000000
vt -0.035368 0.062380 0.000000
vt -0.042053 0.087332 0.000000
vt -0.052360 0.060662 0.000000
vt -0.035368 0.037428 0.000000
vt -0.059159 0.031253 0.000000
vt -0.035368 0.012476 0.000000
vt -0.061548 0.000000 0.000000
vt -0.035368 -0.012476 0.000000
vt -0.059159 -0.031253 0.000000
vt -0.035368 -0.037428 0.000000
vt -0.075188 -0.024961 0.000000
vt -0.069352 -0.012476 0.000000
vt -0.095532 -0.000000 0.000000
vt -0.069352 0.012476 0.000000
vt -0.075188 0.024961 0.000000
vt -0.052705 0.041536 0.000000
vt -0.043172 0.012476 0.000000
vt -0.043172 0.037428 0.000000
vt -0.016992 0.012476 0.000000
vt -0.016992 0.037428 0.000000
vt 0.009188 0.012476 0.000000
vt 0.009188 0.037428 0.000000
vt 0.035368 0.012476 0.000000
vt 0.035368 0.037428 0.000000
vt 0.059159 0.031253 0.000000
vt 0.052360 0.060662 0.000000
vt -0.052705 -0.041536 0.000000
vt -0.043172 -0.012476 0.000000
vt -0.043172 -0.037428 0.000000
vt -0.029284 -0.054155 0.000000
vt -0.016992 -0.037428 0.000000
vt -0.005472 -0.065071 0.000000
vt 0.009188 -0.037428 0.000000
vt 0.009188 -0.062380 0.000000
vt 0.035368 -0.062380 0.000000
vt 0.018405 -0.075701 0.000000
vt 0.042053 -0.087332 0.000000
vt 0.052360 -0.060662 0.000000
vt 0.035368 -0.037428 0.000000
vt 0.009188 -0.012476 0.000000
vt -0.016992 -0.012476 0.000000
vt 0.059159 -0.031253 0.000000
vt 0.035368 -0.012476 0.000000
vt 0.061548 -0.000000 0.000000
vt 0.035368 0.062380 0.000000
vt 0.042053 0.087332 0.000000
vt 0.018405 0.075701 0.000000
vt 0.009188 0.062380 0.000000
vt -0.005472 0.065071 0.000000
vt -0.029284 0.054155 0.000000
vt 2.400000 -0.052360 0.000000
vt 1.860000 -0.052360 0.000000
vt 2.400000 -0.078540 0.000000
vt 1.320000 -0.052360 0.000000
vt 0.780000 -0.052360 0.000000
vt 0.780000 -0.026180 0.000000
vt 0.240000 -0.026180 0.000000
vt 0.240000 0.000000 0.000000
vt -0.300000 0.000000 0.000000
vt -0.300000 0.026180 0.000000
vt -0.840000 0.026180 0.000000
vt -0.840000 0.052360 0.000000
vt -1.380000 0.052360 0.000000
vt -2.973205 0.078540 0.000000
vt -1.920000 0.052360 0.000000
vt -2.460000 0.052360 0.000000
vt -1.920000 0.026180 0.000000
vt -2.460000 0.026180 0.000000
vt -1.920000 0.000000 0.000000
vt -2.460000 0.000000 0.000000
vt -1.920000 -0.026180 0.000000
vt -2.460000 -0.026180 0.000000
vt -1.920000 -0.052360 0.000000
vt -2.460000 -0.052360 0.000000
vt -3.000000 -0.078540 0.000000
vt -2.999087 -0.052360 0.000000
vt -2.996410 -0.026180 0.000000
vt -2.992152 0.000000 0.000000
vt -2.986603 0.026180 0.000000
vt -2.980140 0.052360 0.000000
vt 1.860000 -0.026180 0.000000
vt 2.400000 -0.026180 0.000000
vt 1.860000 0.000000 0.000000
vt 2.400000 0.000000 0.000000
vt 1.860000 0.026180 0.000000
vt 2.400000 0.026180 0.000000
vt 1.860000 0.052360 0.000000
vt 2.400000 0.052360 0.000000
vt 2.400000 0.078540 0.000000
vt -0.300000 0.052360 0.000000
vt 0.240000 0.052360 0.000000
vt 0.780000 0.052360 0.000000
vt 0.780000 0.026180 0.000000
vt 1.320000 0.026180 0.000000
vt 1.320000 0.000000 0.000000
vt -0.300000 -0.052360 0.000000
vt -0.840000 -0.052360 0.000000
vt -1.380000 -0.052360 0.000000
vt -1.380000 -0.026180 0.000000
vt 1.320000 -0.026180 0.000000
vt 0.240000 -0.052360 0.000000
vt -0.300000 -0.026180 0.000000
vt -0.840000 -0.026180 0.000000
vt -0.840000 0.000000 0.000000
vt 0.780000 0.000000 0.000000
vt 0.240000 0.026180 0.000000
vt -1.380000 0.000000 0.000000
vt -1.380000 0.026180 0.000000
vt 1.320000 0.052360 0.000000
vt -4.400000 0.052360 0.000000
vt -3.886340 0.052360 0.000000
vt -4.400000 0.078540 0.000000
vt -3.372679 0.052360 0.000000
vt -2.859019 0.052360 0.000000
vt -2.859019 0.026180 0.000000
vt -2.345358 0.026180 0.000000
vt -2.345358 -0.000000 0.000000
vt -1.831698 -0.000000 0.000000
vt -1.831698 -0.026180 0.000000
vt -1.318037 -0.026180 0.000000
vt -1.318037 -0.052360 0.000000
vt -0.804377 -0.052360 0.000000
vt 0.196149 -0.078540 0.000000
vt -0.290716 -0.052360 0.000000
vt 0.197062 -0.052360 0.000000
vt -0.290716 -0.026180 0.000000
vt 0.199739 -0.026180 0.000000
vt -0.290716 -0.000000 0.000000
vt 0.203997 -0.000000 0.000000
vt -0.290716 0.026180 0.000000
vt 0.209547 0.026180 0.000000
vt -0.290716 0.052360 0.000000
vt 0.216009 0.052360 0.000000
vt 0.222944 0.078540 0.000000
vt -3.886340 0.026180 0.000000
vt -4.400000 0.026180 0.000000
vt -3.886340 -0.000000 0.000000
vt -4.400000 0.000000 0.000000
vt -3.886340 -0.026180 0.000000
vt -4.400000 -0.026180 0.000000
vt -3.886340 -0.052360 0.000000
vt -4.400000 -0.052360 0.000000
vt -4.400000 -0.078540 0.000000
vt -2.345358 -0.052360 0.000000
vt -2.859019 -0.052360 0.000000
vt -3.372679 -0.052360 0.000000
vt -3.372679 -0.026180 0.000000
vt -1.831698 0.052360 0.000000
vt -1.318037 0.052360 0.000000
vt -0.804377 0.052360 0.000000
vt -0.804377 0.026180 0.000000
vt -3.372679 0.026180 0.000000
vt -3.372679 -0.000000 0.000000
vt -2.345358 0.052360 0.000000
vt -1.831698 0.026180 0.000000
vt -1.318037 0.026180 0.000000
vt -1.318037 -0.000000 0.000000
vt -2.859019 -0.000000 0.000000
vt -2.345358 -0.026180 0.000000
vt -1.831698 -0.052360 0.000000
vt -0.804377 -0.000000 0.000000
vt -2.859019 -0.026180 0.000000
vt -0.804377 -0.026180 0.000000
vt 5.400000 0.250000 0.000000
vt 0.803851 0.250000 0.000000
vt 5.400000 0.100000 0.000000
vt 0.803851 0.100000 0.000000
vt 2.400000 -0.052360 0.000000
vt 1.860000 -0.052360 0.000000
vt 2.400000 -0.078540 0.000000
vt 1.320000 -0.052360 0.000000
vt 0.780000 -0.052360 0.000000
vt 0.780000 -0.026180 0.000000
vt 0.240000 -0.026180 0.000000
vt 0.240000 0.000000 0.000000
vt -0.300000 0.000000 0.000000
vt -0.300000 0.026180 0.000000
vt -0.840000 0.026180 0.000000
vt -0.840000 0.052360 0.000000
vt -1.380000 0.052360 0.000000
vt -3.000000 0.078540 0.000000
vt -1.920000 0.052360 0.000000
vt -2.460000 0.052360 0.000000
vt -1.920000 0.026180 0.000000
vt -2.460000 0.026180 0.000000
vt -1.920000 0.000000 0.000000
vt -2.460000 0.000000 0.000000
vt -1.920000 -0.026180 0.000000
vt -2.460000 -0.026180 0.000000
vt -1.920000 -0.052360 0.000000
vt -2.460000 -0.052360 0.000000
vt -2.973205 -0.078540 0.000000
vt -2.980140 -0.052360 0.000000
vt -2.986603 -0.026180 0.000000
vt -2.992152 0.000000 0.000000
vt -2.996410 0.026180 0.000000
vt -2.999087 0.052360 0.000000
vt 1.860000 -0.026180 0.000000
vt 2.400000 -0.026180 0.000000
vt 1.860000 0.000000 0.000000
vt 2.400000 0.000000 0.000000
vt 1.860000 0.026180 0.000000
vt 2.400000 0.026180 0.000000
vt 1.860000 0.052360 0.000000
vt 2.400000 0.052360 0.000000
vt 2.400000 0.078540 0.000000
vt -0.300000 0.052360 0.000000
vt 0.240000 0.052360 0.000000
vt 0.780000 0.052360 0.000000
vt 0.780000 0.026180 0.000000
vt 1.320000 0.026180 0.000000
vt 1.320000 0.000000 0.000000
vt -0.300000 -0.052360 0.000000
vt -0.840000 -0.052360 0.000000
vt -1.380000 -0.052360 0.000000
vt -1.380000 -0.026180 0.000000
vt 1.320000 -0.026180 0.000000
vt 0.240000 -0.052360 0.000000
vt -0.300000 -0.026180 0.000000
vt -0.840000 -0.026180 0.000000
vt -0.840000 0.000000 0.000000
vt 0.780000 0.000000 0.000000
vt 0.240000 0.026180 0.000000
vt -1.380000 0.000000 0.000000
vt -1.380000 0.026180 0.000000
vt 1.320000 0.052360 0.000000
vt -4.400000 0.052360 0.000000
vt -3.886340 0.052360 0.000000
vt -4.400000 0.078540 0.000000
vt -3.372679 0.052360 0.000000
vt -2.859019 0.052360 0.000000
vt -2.859019 0.026180 0.000000
vt -2.345358 0.026180 0.000000
vt -2.345358 0.000000 0.000000
vt -1.831698 0.000000 0.000000
vt -1.831698 -0.026180 0.000000
vt -1.318037 -0.026180 0.000000
vt -1.318037 -0.052360 0.000000
vt -0.804377 -0.052360 0.000000
vt 0.222944 -0.078540 0.000000
vt -0.290716 -0.052360 0.000000
vt 0.216009 -0.052360 0.000000
vt 0.209547 -0.026180 0.000000
vt -3.886340 0.026180 0.000000
vt -4.400000 0.026180 0.000000
vt -3.886340 0.000000 0.000000
vt -4.400000 0.000000 0.000000
vt -3.886340 -0.026180 0.000000
vt -4.400000 -0.026180 0.000000
vt -3.886340 -0.052360 0.000000
vt -4.400000 -0.052360 0.000000
vt -4.400000 -0.078540 0.000000
vt -2.345358 -0.052360 0.000000
vt -2.859019 -0.052360 0.000000
vt -3.372679 -0.052360 0.000000
vt -3.372679 -0.026180 0.000000
vt -0.290716 -0.026180 0.000000
vt 0.203997 0.000000 0.000000
vt -0.290716 0.000000 0.000000
vt 0.199739 0.026180 0.000000
vt -0.290716 0.026180 0.000000
vt 0.197062 0.052360 0.000000
vt -0.290716 0.052360 0.000000
vt 0.196149 0.078540 0.000000
vt -0.804377 0.052360 0.000000
vt -1.318037 0.052360 0.000000
vt -0.804377 0.026180 0.000000
vt -1.318037 0.026180 0.000000
vt -0.804377 0.000000 0.000000
vt -1.318037 0.000000 0.000000
vt -0.804377 -0.026180 0.000000
vt -2.345358 0.052360 0.000000
vt -1.831698 0.052360 0.000000
vt -3.372679 0.026180 0.000000
vt -3.372679 0.000000 0.000000
vt -1.831698 0.026180 0.000000
vt -2.859019 0.000000 0.000000
vt -2.345358 -0.026180 0.000000
vt -1.831698 -0.052360 0.000000
vt -2.859019 -0.026180 0.000000
vt -1.400000 0.100000 0.000000
vt 4.000000 0.100000 0.000000
vt -1.400000 0.250000 0.000000
vt 4.000000 0.250000 0.000000
vt -0.091989 -1.538039 0.000000
vt -0.091989 -0.178603 0.000000
vt -0.183512 -1.530640 0.000000
vt -0.183512 -0.186001 0.000000
vt 0.011434 -0.000000 0.000000
vt 0.096841 -0.000000 0.000000
vt 0.011434 0.005125 0.000000
vt 0.098870 0.005125 0.000000
vt 0.011434 0.010250 0.000000
vt 0.100643 0.010250 0.000000
vt 0.011434 0.015375 0.000000
vt 0.102044 0.015375 0.000000
vt 0.011434 0.020499 0.000000
vt 0.102981 0.020499 0.000000
vt 0.011434 0.025624 0.000000
vt 0.103394 0.025624 0.000000
vt 0.103256 0.030749 0.000000
vt 0.011434 0.030749 0.000000
vt -0.432165 0.012709 0.000000
vt -0.409251 0.010038 0.000000
vt -0.453860 0.020580 0.000000
vt 0.827263 0.010038 0.000000
vt -0.473182 0.033231 0.000000
vt -0.489101 0.049991 0.000000
vt 0.794699 0.088994 0.000000
vt -0.500771 0.069966 0.000000
vt -0.507570 0.092094 0.000000
vt 0.790079 0.092094 0.000000
vt 0.794127 0.090023 0.000000
vt 0.793329 0.090889 0.000000
vt 0.792352 0.091545 0.000000
vt 0.791248 0.091954 0.000000
vt 1.132377 0.026013 0.000000
vt 1.232326 0.024725 0.000000
vt 1.132378 0.029671 0.000000
vt 1.332274 0.024725 0.000000
vt 1.432223 0.024725 0.000000
vt 1.432223 0.019780 0.000000
vt 1.532171 0.019780 0.000000
vt 1.532171 0.014835 0.000000
vt 1.632120 0.014835 0.000000
vt 1.632120 0.009890 0.000000
vt 1.732068 0.009890 0.000000
vt 1.732068 0.004945 0.000000
vt 1.832017 0.004945 0.000000
vt 2.431708 -0.000000 0.000000
vt 1.931965 0.004945 0.000000
vt 2.031914 0.004945 0.000000
vt 1.931965 0.009890 0.000000
vt 2.031914 0.009890 0.000000
vt 1.931965 0.014835 0.000000
vt 2.031914 0.014835 0.000000
vt 1.931965 0.019780 0.000000
vt 2.031914 0.019780 0.000000
vt 1.931965 0.024725 0.000000
vt 2.031914 0.024725 0.000000
vt 2.431708 0.029671 0.000000
vt 2.131862 0.024725 0.000000
vt 2.231811 0.024725 0.000000
vt 2.231811 0.019780 0.000000
vt 2.331759 0.019780 0.000000
vt 2.331759 0.014835 0.000000
vt 2.431708 0.014835 0.000000
vt 2.431708 0.009890 0.000000
vt 2.331759 0.009890 0.000000
vt 2.431708 0.004945 0.000000
vt 2.331759 0.004945 0.000000
vt 2.231811 0.004945 0.000000
vt 2.131862 0.004945 0.000000
vt 2.131862 0.009890 0.000000
vt 1.132387 0.022247 0.000000
vt 1.232326 0.019780 0.000000
vt 1.332274 0.019780 0.000000
vt 1.332274 0.014835 0.000000
vt 1.432223 0.014835 0.000000
vt 1.432223 0.009890 0.000000
vt 1.532171 0.009890 0.000000
vt 1.532171 0.004945 0.000000
vt 1.632120 0.004945 0.000000
vt 1.132425 0.018472 0.000000
vt 1.232326 0.014835 0.000000
vt 1.332274 0.009890 0.000000
vt 1.432223 0.004945 0.000000
vt 1.133457 0.003674 0.000000
vt 1.134058 0.000000 0.000000
vt 1.132518 0.014782 0.000000
vt 1.132697 0.011160 0.000000
vt 1.232326 0.009890 0.000000
vt 1.133001 0.007425 0.000000
vt 1.232326 0.004945 0.000000
vt 1.332274 0.004945 0.000000
vt 2.431708 0.019780 0.000000
vt 2.331759 0.024725 0.000000
vt 2.431708 0.024725 0.000000
vt 1.832017 0.024725 0.000000
vt 1.732068 0.024725 0.000000
vt 1.632120 0.024725 0.000000
vt 1.732068 0.019780 0.000000
vt 1.632120 0.019780 0.000000
vt 1.732068 0.014835 0.000000
vt 1.532171 0.024725 0.000000
vt 1.832017 0.019780 0.000000
vt 1.832017 0.014835 0.000000
vt 1.832017 0.009890 0.000000
vt 2.131862 0.019780 0.000000
vt 2.131862 0.014835 0.000000
vt 2.231811 0.014835 0.000000
vt 2.231811 0.009890 0.000000
vt -0.009556 0.000000 0.000000
vt -0.003905 0.000000 0.000000
vt -0.008418 0.002703 0.000000
vt -0.003904 0.004421 0.000000
vt -0.008418 0.005405 0.000000
vt -0.008418 0.007489 0.000000
vt -0.012933 0.007489 0.000000
vt -0.012933 0.009573 0.000000
vt -0.017448 0.009573 0.000000
vt -0.017448 0.013740 0.000000
vt -0.021962 0.013740 0.000000
vt -0.021962 0.017907 0.000000
vt -0.025535 0.017907 0.000000
vt -0.025460 0.022074 0.000000
vt -0.029108 0.017907 0.000000
vt -0.030703 0.022074 0.000000
vt -0.032681 0.017907 0.000000
vt -0.036254 0.022074 0.000000
vt -0.035882 0.018026 0.000000
vt -0.003904 0.008840 0.000000
vt -0.008418 0.009573 0.000000
vt -0.012933 0.013740 0.000000
vt -0.017448 0.017907 0.000000
vt -0.020335 0.022074 0.000000
vt -0.003905 0.013257 0.000000
vt -0.008418 0.013740 0.000000
vt -0.012933 0.017907 0.000000
vt -0.015159 0.022074 0.000000
vt -0.003906 0.017666 0.000000
vt -0.008418 0.017907 0.000000
vt -0.009752 0.022074 0.000000
vt -0.003905 0.022074 0.000000
vt -0.035736 0.016259 0.000000
vt -0.032681 0.013740 0.000000
vt -0.029108 0.013740 0.000000
vt -0.029108 0.009573 0.000000
vt -0.025535 0.009573 0.000000
vt -0.025535 0.007489 0.000000
vt -0.021962 0.007489 0.000000
vt -0.021962 0.005405 0.000000
vt -0.017448 0.005405 0.000000
vt -0.017448 0.002703 0.000000
vt -0.012933 0.002703 0.000000
vt -0.014789 0.000000 0.000000
vt -0.035620 0.014732 0.000000
vt -0.035361 0.010759 0.000000
vt -0.032681 0.009573 0.000000
vt -0.035197 0.007350 0.000000
vt -0.032681 0.007489 0.000000
vt -0.032681 0.005405 0.000000
vt -0.029108 0.005405 0.000000
vt -0.029108 0.002703 0.000000
vt -0.025535 0.002703 0.000000
vt -0.029767 0.000000 0.000000
vt -0.024738 0.000000 0.000000
vt -0.035131 0.005457 0.000000
vt -0.032681 0.002703 0.000000
vt -0.035055 0.001443 0.000000
vt -0.035050 0.000000 0.000000
vt -0.021962 0.002703 0.000000
vt -0.019796 0.000000 0.000000
vt -0.012933 0.005405 0.000000
vt -0.025535 0.005405 0.000000
vt -0.017448 0.007489 0.000000
vt -0.021962 0.009573 0.000000
vt -0.025535 0.013740 0.000000
vt -0.029108 0.007489 0.000000
vt 1.500860 0.000000 0.000000
vt 1.500861 0.001923 0.000000
vt 0.156760 0.000000 0.000000
vt 0.278730 0.005892 0.000000
vt 0.156749 0.005892 0.000000
vt 0.278730 0.011783 0.000000
vt 0.156713 0.011783 0.000000
vt 0.278730 0.017675 0.000000
vt 0.156656 0.017675 0.000000
vt 0.278730 0.023566 0.000000
vt 0.156580 0.023566 0.000000
vt 0.156490 0.029457 0.000000
vt 0.400970 0.023566 0.000000
vt 0.523210 0.023566 0.000000
vt 0.400970 0.017675 0.000000
vt 0.523210 0.017675 0.000000
vt 0.400970 0.011783 0.000000
vt 0.523210 0.011783 0.000000
vt 0.400970 0.005892 0.000000
vt 0.523210 0.005892 0.000000
vt 0.645450 0.005892 0.000000
vt 0.767690 0.005892 0.000000
vt 0.767690 0.011783 0.000000
vt 0.889930 0.011783 0.000000
vt 0.889930 0.017674 0.000000
vt 1.012170 0.017674 0.000000
vt 1.012170 0.023566 0.000000
vt 1.134410 0.023566 0.000000
vt 1.256650 0.023566 0.000000
vt 1.501048 0.024056 0.000000
vt 1.378890 0.023566 0.000000
vt 1.501015 0.021696 0.000000
vt 1.500988 0.019657 0.000000
vt 1.378890 0.017674 0.000000
vt 1.500929 0.014356 0.000000
vt 1.378890 0.011783 0.000000
vt 1.500893 0.009809 0.000000
vt 1.378890 0.005891 0.000000
vt 1.500878 0.007283 0.000000
vt 1.256650 0.005891 0.000000
vt 1.134410 0.005891 0.000000
vt 1.256650 0.011783 0.000000
vt 1.134410 0.011783 0.000000
vt 1.256650 0.017674 0.000000
vt 1.134410 0.017674 0.000000
vt 1.501130 0.029457 0.000000
vt 1.012170 0.005892 0.000000
vt 0.889930 0.005892 0.000000
vt 1.012170 0.011783 0.000000
vt 0.645450 0.011783 0.000000
vt 0.767690 0.017674 0.000000
vt 0.889930 0.023566 0.000000
vt 0.645450 0.017675 0.000000
vt 0.645450 0.023566 0.000000
vt 0.767690 0.023566 0.000000
vt 1.654851 0.010038 0.000000
vt 1.699460 0.020580 0.000000
vt 0.418337 0.010038 0.000000
vt 1.718782 0.033231 0.000000
vt 1.734701 0.049991 0.000000
vt 1.677765 0.012709 0.000000
vt 0.450901 0.088994 0.000000
vt 1.746371 0.069966 0.000000
vt 1.753170 0.092094 0.000000
vt 0.455521 0.092094 0.000000
vt 0.451470 0.090019 0.000000
vt 0.452270 0.090887 0.000000
vt 0.453252 0.091546 0.000000
vt 0.454358 0.091957 0.000000
vt 1.309647 0.003674 0.000000
vt 1.210779 0.004945 0.000000
vt 1.309046 0.000000 0.000000
vt 1.110830 0.004945 0.000000
vt 1.010882 0.004945 0.000000
vt 1.110830 0.009890 0.000000
vt 1.010882 0.009890 0.000000
vt 1.110830 0.014835 0.000000
vt 1.010882 0.014835 0.000000
vt 1.110830 0.019780 0.000000
vt 1.010882 0.019780 0.000000
vt 1.110830 0.024726 0.000000
vt 1.010882 0.024726 0.000000
vt 1.310727 0.026013 0.000000
vt 0.910933 0.024726 0.000000
vt 0.011396 0.029671 0.000000
vt 0.810985 0.024726 0.000000
vt 0.711036 0.024726 0.000000
vt 0.711036 0.019780 0.000000
vt 0.611088 0.019780 0.000000
vt 0.611088 0.014835 0.000000
vt 0.511139 0.014835 0.000000
vt 0.511139 0.009890 0.000000
vt 0.411191 0.009890 0.000000
vt 0.411191 0.004945 0.000000
vt 0.311242 0.004945 0.000000
vt 0.011396 0.000000 0.000000
vt 0.211294 0.004945 0.000000
vt 0.111345 0.004945 0.000000
vt 0.211294 0.009890 0.000000
vt 0.111345 0.009890 0.000000
vt 0.211294 0.014835 0.000000
vt 0.111345 0.014835 0.000000
vt 0.211294 0.019780 0.000000
vt 0.111345 0.019780 0.000000
vt 0.211294 0.024726 0.000000
vt 0.111345 0.024726 0.000000
vt 0.011396 0.024726 0.000000
vt 1.310103 0.007425 0.000000
vt 1.210779 0.009890 0.000000
vt 1.310408 0.011160 0.000000
vt 1.210779 0.014835 0.000000
vt 1.310586 0.014782 0.000000
vt 1.310679 0.018472 0.000000
vt 1.210779 0.019780 0.000000
vt 1.310718 0.022247 0.000000
vt 1.210779 0.024726 0.000000
vt 1.310727 0.029671 0.000000
vt 0.011396 0.019780 0.000000
vt 0.011396 0.014835 0.000000
vt 0.011396 0.009890 0.000000
vt 0.011396 0.004945 0.000000
vt 0.611088 0.004945 0.000000
vt 0.511139 0.004945 0.000000
vt 0.910933 0.004945 0.000000
vt 0.810985 0.004945 0.000000
vt 0.711036 0.004945 0.000000
vt 0.810985 0.009890 0.000000
vt 0.711036 0.009890 0.000000
vt 0.810985 0.014835 0.000000
vt 0.711036 0.014835 0.000000
vt 0.810985 0.019780 0.000000
vt 0.910933 0.009890 0.000000
vt 0.611088 0.009890 0.000000
vt 0.311242 0.009890 0.000000
vt 0.411191 0.014835 0.000000
vt 0.511139 0.019780 0.000000
vt 0.611088 0.024726 0.000000
vt 0.910933 0.014835 0.000000
vt 0.311242 0.014835 0.000000
vt 0.311242 0.019780 0.000000
vt 0.311242 0.024726 0.000000
vt 0.910933 0.019780 0.000000
vt 0.411191 0.019780 0.000000
vt 0.511139 0.024726 0.000000
vt 0.411191 0.024726 0.000000
vt -0.009752 0.000000 0.000000
vt -0.003904 0.000000 0.000000
vt -0.008409 0.003434 0.000000
vt -0.003906 0.004387 0.000000
vt -0.008409 0.006431 0.000000
vt -0.003904 0.008813 0.000000
vt -0.008409 0.009112 0.000000
vt -0.008409 0.011601 0.000000
vt -0.012915 0.011601 0.000000
vt -0.012915 0.014018 0.000000
vt -0.017421 0.014018 0.000000
vt -0.017421 0.016488 0.000000
vt -0.021927 0.016488 0.000000
vt -0.021927 0.019134 0.000000
vt -0.025509 0.019134 0.000000
vt -0.024738 0.022081 0.000000
vt -0.029767 0.022081 0.000000
vt -0.003903 0.013256 0.000000
vt -0.008409 0.014018 0.000000
vt -0.012915 0.016488 0.000000
vt -0.017421 0.019134 0.000000
vt -0.019796 0.022081 0.000000
vt -0.008409 0.016488 0.000000
vt -0.003905 0.017686 0.000000
vt -0.008409 0.019134 0.000000
vt -0.003905 0.022081 0.000000
vt -0.009556 0.022081 0.000000
vt -0.012915 0.019134 0.000000
vt -0.014789 0.022081 0.000000
vt -0.035050 0.022081 0.000000
vt -0.032672 0.019134 0.000000
vt -0.029090 0.019134 0.000000
vt -0.025509 0.016488 0.000000
vt -0.021927 0.014018 0.000000
vt -0.017421 0.011601 0.000000
vt -0.012915 0.009112 0.000000
vt -0.035103 0.017666 0.000000
vt -0.032672 0.016488 0.000000
vt -0.029090 0.016488 0.000000
vt -0.029090 0.014018 0.000000
vt -0.025509 0.014018 0.000000
vt -0.025509 0.011601 0.000000
vt -0.021927 0.011601 0.000000
vt -0.021927 0.009112 0.000000
vt -0.017421 0.009112 0.000000
vt -0.017421 0.006431 0.000000
vt -0.012915 0.006431 0.000000
vt -0.012915 0.003434 0.000000
vt -0.035261 0.013249 0.000000
vt -0.032672 0.014018 0.000000
vt -0.029090 0.011601 0.000000
vt -0.025509 0.009112 0.000000
vt -0.021927 0.006431 0.000000
vt -0.017421 0.003434 0.000000
vt -0.015159 0.000000 0.000000
vt -0.032672 0.011601 0.000000
vt -0.035515 0.008832 0.000000
vt -0.032672 0.009112 0.000000
vt -0.032672 0.006431 0.000000
vt -0.029090 0.006431 0.000000
vt -0.029090 0.003434 0.000000
vt -0.025509 0.003434 0.000000
vt -0.025460 0.000000 0.000000
vt -0.021927 0.003434 0.000000
vt -0.020335 0.000000 0.000000
vt -0.035852 0.004415 0.000000
vt -0.032672 0.003434 0.000000
vt -0.030703 0.000000 0.000000
vt -0.036254 0.000000 0.000000
vt -0.025509 0.006431 0.000000
vt -0.029090 0.009112 0.000000
vt 2.401236 0.030749 0.000000
vt 2.309414 0.030749 0.000000
vt 2.401236 0.025624 0.000000
vt 2.309275 0.025624 0.000000
vt 2.309688 0.020499 0.000000
vt 2.401236 0.020499 0.000000
vt 2.310626 0.015375 0.000000
vt 2.401236 0.015374 0.000000
vt 2.312026 0.010250 0.000000
vt 2.401236 0.010250 0.000000
vt 2.313799 0.005125 0.000000
vt 2.401236 0.005125 0.000000
vt 2.315828 -0.000000 0.000000
vt 2.401236 -0.000000 0.000000
vt 0.482051 0.672050 0.000000
vt -0.817279 0.672050 0.000000
vt 0.482051 -0.672050 0.000000
vt -0.817279 -0.672050 0.000000
vt 0.884457 0.078540 0.000000
vt 0.182619 0.078540 0.000000
vt 0.520000 0.052360 0.000000
vt 0.182386 0.055420 0.000000
vt 0.181700 0.032300 0.000000
vt 0.520000 0.026180 0.000000
vt 0.180597 0.009180 0.000000
vt 0.520000 0.000000 0.000000
vt 0.179137 -0.013940 0.000000
vt 0.520000 -0.026180 0.000000
vt 0.177396 -0.037060 0.000000
vt 0.520000 -0.052360 0.000000
vt 0.175467 -0.060180 0.000000
vt 0.174812 -0.063840 0.000000
vt 0.884457 -0.078540 0.000000
vt 0.173476 -0.067368 0.000000
vt 0.171518 -0.070556 0.000000
vt 0.169094 -0.073246 0.000000
vt 0.166163 -0.075481 0.000000
vt 0.162797 -0.077178 0.000000
vt 0.159179 -0.078201 0.000000
vt 0.155543 -0.078540 0.000000
vt 0.884457 -0.052360 0.000000
vt 0.884457 -0.026180 0.000000
vt 0.884457 -0.000000 0.000000
vt 0.884457 0.026180 0.000000
vt 0.884457 0.052360 0.000000
vt -0.060719 -0.053181 0.000000
vt -0.060370 -0.048421 0.000000
vt -0.086517 -0.047131 0.000000
vt -0.060370 -0.024573 0.000000
vt -0.077955 -0.010733 0.000000
vt -0.060370 -0.000726 0.000000
vt -0.063952 0.018449 0.000000
vt -0.034223 0.023121 0.000000
vt -0.046675 0.041567 0.000000
vt -0.034223 0.046969 0.000000
vt -0.027599 0.060793 0.000000
vt -0.008076 0.046969 0.000000
vt -0.008076 0.070816 0.000000
vt 0.018071 0.046969 0.000000
vt 0.018071 0.070816 0.000000
vt 0.028930 0.073863 0.000000
vt 0.012515 0.094664 0.000000
vt -0.034802 -0.057353 0.000000
vt -0.034223 -0.048421 0.000000
vt -0.034223 -0.024573 0.000000
vt -0.034223 -0.000726 0.000000
vt -0.008076 -0.000726 0.000000
vt -0.008076 0.023121 0.000000
vt 0.018071 -0.000726 0.000000
vt 0.018071 0.023121 0.000000
vt 0.044218 -0.000726 0.000000
vt 0.044218 0.023121 0.000000
vt 0.056837 0.024959 0.000000
vt 0.044218 0.046969 0.000000
vt 0.044039 0.051013 0.000000
vt -0.008076 -0.048421 0.000000
vt -0.008838 -0.060793 0.000000
vt 0.018071 -0.048421 0.000000
vt 0.017135 -0.064074 0.000000
vt 0.044218 -0.048421 0.000000
vt 0.043089 -0.067672 0.000000
vt 0.068980 -0.072268 0.000000
vt 0.070365 -0.038223 0.000000
vt 0.044218 -0.024573 0.000000
vt 0.018071 -0.024573 0.000000
vt 0.066053 -0.004997 0.000000
vt -0.007652 0.077991 0.000000
vt -0.008076 -0.024573 0.000000
vt -0.250000 -0.078540 0.000000
vt -0.100000 -0.078540 0.000000
vt -0.250000 -0.052360 0.000000
vt -0.100000 -0.052360 0.000000
vt -0.250000 -0.026180 0.000000
vt -0.100000 -0.026180 0.000000
vt -0.250000 0.000000 0.000000
vt -0.100000 -0.000000 0.000000
vt -0.250000 0.026180 0.000000
vt -0.100000 0.026180 0.000000
vt -0.250000 0.052360 0.000000
vt -0.100000 0.052360 0.000000
vt -0.250000 0.078540 0.000000
vt -0.100000 0.078540 0.000000
vt 0.070365 0.038223 0.000000
vt 0.068980 0.072268 0.000000
vt 0.044218 0.048421 0.000000
vt 0.043089 0.067672 0.000000
vt 0.017135 0.064074 0.000000
vt 0.018071 0.048421 0.000000
vt -0.008838 0.060793 0.000000
vt -0.008076 0.048421 0.000000
vt -0.034802 0.057353 0.000000
vt -0.034223 0.048421 0.000000
vt -0.060719 0.053181 0.000000
vt -0.060370 0.048421 0.000000
vt -0.086517 0.047131 0.000000
vt -0.060370 0.024573 0.000000
vt -0.077955 0.010733 0.000000
vt -0.060370 0.000726 0.000000
vt -0.063952 -0.018449 0.000000
vt -0.034223 -0.023121 0.000000
vt -0.046675 -0.041567 0.000000
vt -0.034223 -0.046969 0.000000
vt -0.027599 -0.060793 0.000000
vt -0.008076 -0.046969 0.000000
vt -0.008076 -0.070816 0.000000
vt 0.018071 -0.070816 0.000000
vt -0.007652 -0.077991 0.000000
vt 0.012515 -0.094664 0.000000
vt 0.028930 -0.073863 0.000000
vt 0.018071 -0.046969 0.000000
vt -0.008076 -0.023121 0.000000
vt -0.034223 0.000726 0.000000
vt 0.044039 -0.051013 0.000000
vt 0.044218 -0.046969 0.000000
vt 0.018071 -0.023121 0.000000
vt 0.044218 -0.023121 0.000000
vt 0.018071 0.000726 0.000000
vt 0.044218 0.000726 0.000000
vt 0.018071 0.024573 0.000000
vt 0.044218 0.024573 0.000000
vt 0.056837 -0.024959 0.000000
vt 0.066053 0.004997 0.000000
vt -0.034223 0.024573 0.000000
vt -0.008076 0.024573 0.000000
vt -0.008076 0.000726 0.000000
vt 0.250000 -1.167951 0.000000
vt 0.250000 -0.439037 0.000000
vt 0.100000 -1.167951 0.000000
vt 0.100000 1.632051 0.000000
vt 0.250000 0.905062 0.000000
vt 0.250000 1.632051 0.000000
vt -1.207825 -0.063840 0.000000
vt -1.208480 -0.060180 0.000000
vt -1.552050 -0.052360 0.000000
vt -1.210408 -0.037060 0.000000
vt -1.552050 -0.026180 0.000000
vt -1.212149 -0.013940 0.000000
vt -1.552050 0.000000 0.000000
vt -1.213610 0.009180 0.000000
vt -1.552050 0.026180 0.000000
vt -1.214713 0.032300 0.000000
vt -1.552050 0.052360 0.000000
vt -1.215399 0.055420 0.000000
vt -1.915544 0.078540 0.000000
vt -1.215631 0.078540 0.000000
vt -1.915544 0.052360 0.000000
vt -1.915544 0.026180 0.000000
vt -1.915544 0.000000 0.000000
vt -1.915544 -0.026180 0.000000
vt -1.915544 -0.052360 0.000000
vt -1.915544 -0.078540 0.000000
vt -1.206488 -0.067368 0.000000
vt -1.204531 -0.070556 0.000000
vt -1.202107 -0.073246 0.000000
vt -1.199175 -0.075481 0.000000
vt -1.195810 -0.077178 0.000000
vt -1.192192 -0.078201 0.000000
vt -1.188556 -0.078540 0.000000
vt -1.268075 0.078540 0.000000
vt -1.791025 0.078540 0.000000
vt -1.275010 0.052360 0.000000
vt -1.791025 0.052360 0.000000
vt -1.281473 0.026180 0.000000
vt -1.791025 0.026180 0.000000
vt -1.287022 0.000000 0.000000
vt -1.791025 -0.000000 0.000000
vt -1.291280 -0.026180 0.000000
vt -1.791025 -0.026180 0.000000
vt -1.293957 -0.052360 0.000000
vt -1.791025 -0.052360 0.000000
vt -1.294870 -0.078540 0.000000
vt -1.791025 -0.078540 0.000000
vt -0.075000 -0.078540 0.000000
vt 0.075000 -0.078540 0.000000
vt -0.075000 -0.052360 0.000000
vt 0.075000 -0.052360 0.000000
vt -0.075000 -0.026180 0.000000
vt 0.075000 -0.026180 0.000000
vt -0.075000 -0.000000 0.000000
vt 0.075000 -0.000000 0.000000
vt -0.075000 0.026180 0.000000
vt 0.075000 0.026180 0.000000
vt -0.075000 0.052360 0.000000
vt 0.075000 0.052360 0.000000
vt -0.075000 0.078540 0.000000
vt 0.075000 0.078540 0.000000
vt 0.018405 -0.075701 0.000000
vt 0.042053 -0.087332 0.000000
vt 0.035368 -0.062380 0.000000
vt 0.052360 -0.060662 0.000000
vt 0.035368 -0.037428 0.000000
vt 0.059159 -0.031253 0.000000
vt 0.035368 -0.012476 0.000000
vt 0.061548 -0.000000 0.000000
vt 0.035368 0.012476 0.000000
vt 0.059159 0.031253 0.000000
vt 0.035368 0.037428 0.000000
vt 0.052360 0.060662 0.000000
vt 0.035368 0.062380 0.000000
vt 0.042053 0.087332 0.000000
vt 0.018405 0.075701 0.000000
vt 0.009188 0.062380 0.000000
vt -0.005472 0.065071 0.000000
vt 0.009188 0.037428 0.000000
vt -0.016992 0.037428 0.000000
vt 0.009188 0.012476 0.000000
vt -0.016992 0.012476 0.000000
vt 0.009188 -0.012476 0.000000
vt -0.016992 -0.012476 0.000000
vt 0.009188 -0.037428 0.000000
vt -0.016992 -0.037428 0.000000
vt -0.005472 -0.065071 0.000000
vt -0.029284 -0.054155 0.000000
vt -0.043172 -0.037428 0.000000
vt -0.052705 -0.041536 0.000000
vt -0.043172 -0.012476 0.000000
vt -0.069352 -0.012476 0.000000
vt -0.069352 0.012476 0.000000
vt -0.095532 0.000000 0.000000
vt -0.075188 0.024961 0.000000
vt -0.052705 0.041536 0.000000
vt -0.043172 0.012476 0.000000
vt -0.043172 0.037428 0.000000
vt -0.029284 0.054155 0.000000
vt -0.075188 -0.024961 0.000000
vt 0.009188 -0.062380 0.000000
vt -0.052360 -0.060662 0.000000
vt -0.042053 -0.087332 0.000000
vt -0.035368 -0.062380 0.000000
vt -0.018405 -0.075701 0.000000
vt -0.009188 -0.062380 0.000000
vt 0.005472 -0.065071 0.000000
vt -0.009188 -0.037428 0.000000
vt 0.016992 -0.037428 0.000000
vt -0.009188 -0.012476 0.000000
vt 0.016992 -0.012476 0.000000
vt -0.009188 0.012476 0.000000
vt 0.016992 0.012476 0.000000
vt -0.009188 0.037428 0.000000
vt 0.016992 0.037428 0.000000
vt 0.005472 0.065071 0.000000
vt 0.029284 0.054155 0.000000
vt 0.043172 0.037428 0.000000
vt 0.052705 0.041536 0.000000
vt 0.043172 0.012476 0.000000
vt 0.069352 0.012476 0.000000
vt 0.069352 -0.012476 0.000000
vt 0.095532 0.000000 0.000000
vt 0.075188 -0.024961 0.000000
vt 0.052705 -0.041536 0.000000
vt 0.043172 -0.012476 0.000000
vt 0.043172 -0.037428 0.000000
vt 0.029284 -0.054155 0.000000
vt 0.075188 0.024961 0.000000
vt -0.009188 0.062380 0.000000
vt -0.018405 0.075701 0.000000
vt -0.035368 0.062380 0.000000
vt -0.042053 0.087332 0.000000
vt -0.052360 0.060662 0.000000
vt -0.035368 0.037428 0.000000
vt -0.059159 0.031253 0.000000
vt -0.035368 0.012476 0.000000
vt -0.061548 -0.000000 0.000000
vt -0.035368 -0.012476 0.000000
vt -0.059159 -0.031253 0.000000
vt -0.035368 -0.037428 0.000000
vt -0.517820 0.078540 0.000000
vt -1.791025 0.078540 0.000000
vt -1.357692 0.052360 0.000000
vt -1.791025 0.052360 0.000000
vt -1.357692 0.026180 0.000000
vt -1.791025 0.026180 0.000000
vt -1.357692 -0.000000 0.000000
vt -1.791025 -0.000000 0.000000
vt -1.357692 -0.026180 0.000000
vt -1.791025 -0.026180 0.000000
vt -1.357692 -0.052360 0.000000
vt -1.791025 -0.052360 0.000000
vt -1.791025 -0.078540 0.000000
vt -0.491025 -0.078540 0.000000
vt -0.924359 -0.052360 0.000000
vt -0.924359 -0.026180 0.000000
vt -0.924359 0.000000 0.000000
vt -0.924359 0.026180 0.000000
vt -0.924359 0.052360 0.000000
vt -0.510885 0.052360 0.000000
vt -0.504423 0.026180 0.000000
vt -0.498873 0.000000 0.000000
vt -0.494615 -0.026180 0.000000
vt -0.491938 -0.052360 0.000000
vt 0.250000 1.300000 0.000000
vt 0.100000 1.300000 0.000000
vt 0.250000 -0.000000 0.000000
vt 0.100000 -0.000000 0.000000
vt -1.791025 0.052360 0.000000
vt -1.357692 0.052360 0.000000
vt -1.791025 0.078540 0.000000
vt -0.924359 0.052360 0.000000
vt -0.491025 0.078540 0.000000
vt -0.491938 0.052360 0.000000
vt -0.494615 0.026180 0.000000
vt -0.924359 0.026180 0.000000
vt -0.498873 0.000000 0.000000
vt -0.924359 0.000000 0.000000
vt -0.504423 -0.026180 0.000000
vt -0.924359 -0.026180 0.000000
vt -0.510885 -0.052360 0.000000
vt -0.924359 -0.052360 0.000000
vt -0.517820 -0.078540 0.000000
vt -1.357692 -0.052360 0.000000
vt -1.791025 -0.078540 0.000000
vt -1.791025 -0.052360 0.000000
vt -1.791025 -0.026180 0.000000
vt -1.357692 -0.026180 0.000000
vt -1.791025 0.000000 0.000000
vt -1.357692 0.000000 0.000000
vt -1.791025 0.026180 0.000000
vt -1.357692 0.026180 0.000000
vt -1.791025 0.078540 0.000000
vt -1.791025 0.052360 0.000000
vt -1.294870 0.078540 0.000000
vt -1.293957 0.052360 0.000000
vt -1.791025 0.026180 0.000000
vt -1.291280 0.026180 0.000000
vt -1.791025 0.000000 0.000000
vt -1.287022 -0.000000 0.000000
vt -1.791025 -0.026180 0.000000
vt -1.281473 -0.026180 0.000000
vt -1.791025 -0.052360 0.000000
vt -1.275010 -0.052360 0.000000
vt -1.791025 -0.078540 0.000000
vt -1.268075 -0.078540 0.000000
vt -0.884457 0.052360 0.000000
vt -0.324457 0.052360 0.000000
vt -0.884457 0.078540 0.000000
vt 0.235543 0.052360 0.000000
vt 0.795544 0.052360 0.000000
vt 0.795544 0.026180 0.000000
vt 1.355544 0.026180 0.000000
vt 1.355544 -0.000000 0.000000
vt 1.915544 -0.000000 0.000000
vt 1.915544 -0.026180 0.000000
vt 1.355544 -0.026180 0.000000
vt 1.915544 -0.052360 0.000000
vt 1.355544 -0.052360 0.000000
vt 1.915544 -0.078540 0.000000
vt 0.795544 -0.052360 0.000000
vt 0.235543 -0.052360 0.000000
vt 0.235543 -0.026180 0.000000
vt -0.324457 -0.026180 0.000000
vt -0.324457 -0.000000 0.000000
vt -0.884457 -0.000000 0.000000
vt -0.884457 0.026180 0.000000
vt -0.324457 0.026180 0.000000
vt -0.884457 -0.026180 0.000000
vt -0.324457 -0.052360 0.000000
vt -0.884457 -0.078540 0.000000
vt -0.884457 -0.052360 0.000000
vt 1.915544 0.026180 0.000000
vt 1.355544 0.052360 0.000000
vt 1.915544 0.078540 0.000000
vt 1.915544 0.052360 0.000000
vt 0.235543 0.026180 0.000000
vt 0.235543 -0.000000 0.000000
vt 0.795544 -0.000000 0.000000
vt 0.795544 -0.026180 0.000000
vt 0.250000 1.300000 0.000000
vt 0.100000 1.300000 0.000000
vt 0.250000 0.803845 0.000000
vt 0.100000 0.803845 0.000000
vn -0.000000 -0.091822 0.039608
vn -0.000000 -0.091822 0.039608
vn -0.000000 -0.098481 0.017365
vn -0.000000 -0.091822 0.039608
vn -0.000000 -0.091822 0.039608
vn -0.000000 -0.080212 0.059716
vn -0.000000 -0.080212 0.059716
vn 0.000000 -0.064279 0.076604
vn 0.000000 -0.064279 0.076604
vn 0.000000 -0.044880 0.089363
vn 0.000000 -0.044880 0.089363
vn 0.000000 -0.023062 0.097304
vn 0.000000 -0.023062 0.097304
vn 0.000000 -0.000000 0.100000
vn 0.000000 -0.023062 0.097304
vn 0.000000 -0.023062 0.097304
vn 0.000000 -0.044880 0.089363
vn 0.000000 -0.044880 0.089363
vn 0.000000 -0.064279 0.076604
vn 0.000000 -0.064279 0.076604
vn -0.000000 -0.080212 0.059716
vn -0.000000 -0.080212 0.059716
vn 0.000000 -0.064279 0.076604
vn 0.000000 -0.044880 0.089363
vn 0.000000 -0.023062 0.097304
vn 0.000000 0.000000 0.100000
vn 0.000000 -0.044880 0.089363
vn 0.000000 -0.023062 0.097304
vn 0.000000 -0.023062 0.097304
vn 0.000000 -0.064279 0.076604
vn -0.000000 -0.080212 0.059716
vn -0.000000 -0.091822 0.039608
vn -0.000000 -0.098481 0.017365
vn -0.000000 -0.080212 0.059716
vn -0.000000 -0.091822 0.039608
vn -0.000000 -0.091822 0.039608
vn -0.000000 -0.080212 0.059716
vn 0.000000 -0.064279 0.076604
vn 0.000000 -0.044880 0.089363
vn 0.098481 0.000000 0.017365
vn 0.098481 0.000000 0.017365
vn 0.094498 -0.025022 0.021074
vn 0.094498 -0.025022 0.021074
vn 0.084318 -0.048403 0.023402
vn 0.084318 -0.048403 0.023402
vn 0.068610 -0.068610 0.024195
vn 0.068610 -0.068610 0.024195
vn 0.048403 -0.084318 0.023402
vn 0.048403 -0.084318 0.023402
vn 0.025022 -0.094498 0.021074
vn 0.025022 -0.094498 0.021074
vn 0.000000 -0.098481 0.017365
vn 0.025022 -0.094498 0.021074
vn 0.048403 -0.084318 0.023402
vn 0.068610 -0.068610 0.024195
vn 0.084318 -0.048403 0.023402
vn 0.094498 -0.025022 0.021074
vn 0.009367 -0.091963 0.038145
vn 0.026417 -0.092591 0.027000
vn 0.039281 -0.081176 0.043214
vn 0.055531 -0.078847 0.026447
vn 0.067431 -0.062720 0.038977
vn 0.088441 -0.037383 0.027941
vn 0.075564 -0.043089 0.049330
vn 0.049950 -0.065226 0.057014
vn 0.019648 -0.080453 0.056047
vn 0.091817 -0.015582 0.036426
vn 0.091822 -0.000000 0.039608
vn 0.079475 -0.021051 0.056926
vn 0.080212 -0.000000 0.059716
vn 0.064279 -0.000000 0.076604
vn 0.062477 -0.023487 0.074465
vn 0.044880 -0.000000 0.089363
vn 0.041941 -0.022731 0.087888
vn 0.023062 -0.000000 0.097304
vn 0.019219 -0.018831 0.096312
vn 0.012695 -0.040774 0.090423
vn 0.005463 -0.060438 0.079482
vn 0.036403 -0.044842 0.081634
vn 0.057829 -0.045631 0.067629
vn 0.028831 -0.064448 0.070819
vn 0.000000 0.000000 0.100000
vn 0.000000 0.000000 0.100000
vn 0.023062 0.000000 0.097304
vn 0.023062 0.000000 0.097304
vn 0.023062 0.000000 0.097304
vn 0.044880 0.000000 0.089363
vn 0.044880 0.000000 0.089363
vn 0.064279 0.000000 0.076604
vn 0.064279 0.000000 0.076604
vn 0.080212 0.000000 0.059716
vn 0.080212 0.000000 0.059716
vn 0.091822 0.000000 0.039608
vn 0.091822 0.000000 0.039608
vn 0.091822 0.000000 0.039608
vn 0.091822 0.000000 0.039608
vn 0.080212 0.000000 0.059716
vn 0.080212 0.000000 0.059716
vn 0.064279 0.000000 0.076604
vn 0.064279 0.000000 0.076604
vn 0.044880 0.000000 0.089363
vn 0.044880 0.000000 0.089363
vn 0.023062 0.000000 0.097304
vn 0.023062 0.000000 0.097304
vn 0.023062 0.000000 0.097304
vn 0.023062 0.000000 0.097304
vn 0.044880 0.000000 0.089363
vn 0.044880 0.000000 0.089363
vn 0.064279 0.000000 0.076604
vn 0.064279 0.000000 0.076604
vn 0.080212 0.000000 0.059716
vn 0.080212 0.000000 0.059716
vn 0.091822 0.000000 0.039608
vn 0.091822 0.000000 0.039608
vn 0.098481 -0.000000 0.017365
vn 0.091822 0.000000 0.039608
vn 0.091822 0.000000 0.039608
vn 0.080212 0.000000 0.059716
vn 0.080212 0.000000 0.059716
vn 0.064279 0.000000 0.076604
vn 0.064279 0.000000 0.076604
vn 0.044880 0.000000 0.089363
vn 0.044880 0.000000 0.089363
vn 0.023062 0.000000 0.097304
vn 0.023062 0.000000 0.097304
vn 0.023062 0.000000 0.097304
vn 0.044880 0.000000 0.089363
vn 0.064279 0.000000 0.076604
vn 0.080212 0.000000 0.059716
vn 0.091822 0.000000 0.039608
vn 0.044880 0.000000 0.089363
vn 0.064279 0.000000 0.076604
vn 0.080212 0.000000 0.059716
vn 0.091822 0.000000 0.039608
vn 0.091822 0.000000 0.039608
vn 0.080212 0.000000 0.059716
vn 0.064279 0.000000 0.076604
vn 0.044880 0.000000 0.089363
vn 0.044880 0.000000 0.089363
vn 0.064279 0.000000 0.076604
vn 0.080212 0.000000 0.059716
vn 0.091822 0.000000 0.039608
vn 0.023062 0.000000 0.097304
vn 0.023062 0.000000 0.097304
vn 0.023062 0.000000 0.097304
vn 0.044880 0.000000 0.089363
vn 0.044880 0.000000 0.089363
vn 0.064279 0.000000 0.076604
vn 0.044880 0.000000 0.089363
vn 0.023062 0.000000 0.097304
vn 0.023062 0.000000 0.097304
vn 0.023062 0.000000 0.097304
vn 0.023062 0.000000 0.097304
vn 0.044880 0.000000 0.089363
vn 0.044880 0.000000 0.089363
vn 0.064279 0.000000 0.076604
vn 0.044880 0.000000 0.089363
vn 0.023062 0.000000 0.097304
vn 0.064279 0.000000 0.076604
vn 0.080212 0.000000 0.059716
vn 0.091822 0.000000 0.039608
vn 0.064279 0.000000 0.076604
vn 0.064279 0.000000 0.076604
vn 0.080212 0.000000 0.059716
vn 0.091822 0.000000 0.039608
vn 0.064279 0.000000 0.076604
vn 0.080212 0.000000 0.059716
vn 0.091822 0.000000 0.039608
vn 0.080212 0.000000 0.059716
vn 0.080212 0.000000 0.059716
vn 0.091822 0.000000 0.039608
vn 0.080212 0.000000 0.059716
vn 0.091822 0.000000 0.039608
vn 0.091822 0.000000 0.039608
vn 0.098481 -0.000000 0.017365
vn 0.000000 0.000000 0.100000
vn 0.000000 0.000000 0.100000
vn 0.000000 0.000000 0.100000
vn 0.000000 0.000000 0.100000
vn 0.000000 0.000000 0.100000
vn 0.000000 0.000000 0.100000
vn 0.000000 0.000000 0.100000
vn 0.000000 0.000000 0.100000
vn 0.000000 0.000000 0.100000
vn 0.000000 0.000000 0.100000
vn 0.000000 0.000000 0.100000
vn 0.000000 0.000000 0.100000
vn 0.000000 0.000000 0.100000
vn 0.000000 0.000000 0.100000
vn 0.000000 0.000000 0.100000
vn 0.000000 0.000000 0.100000
vn 0.000000 0.000000 0.100000
vn 0.000000 0.000000 0.100000
vn 0.000000 0.000000 0.100000
vn 0.000000 0.000000 0.100000
vn 0.000000 0.000000 0.100000
vn 0.000000 0.000000 0.100000
vn 0.000000 0.000000 0.100000
vn 0.000000 0.000000 0.100000
vn 0.000000 0.000000 0.100000
vn 0.000000 0.000000 0.100000
vn 0.000000 0.000000 0.100000
vn 0.000000 0.000000 0.100000
vn 0.000000 0.000000 0.100000
vn 0.000000 0.000000 0.100000
vn 0.000000 0.000000 0.100000
vn 0.000000 0.000000 0.100000
vn 0.000000 0.000000 0.100000
vn 0.000000 0.000000 0.100000
vn 0.000000 0.000000 0.100000
vn 0.000000 0.000000 0.100000
vn 0.000000 0.000000 0.100000
vn 0.000000 0.000000 0.100000
vn 0.000000 0.000000 0.100000
vn 0.000000 0.000000 0.100000
vn 0.000000 0.000000 0.100000
vn 0.000000 0.000000 0.100000
vn 0.000000 0.000000 0.100000
vn 0.000000 0.000000 0.100000
vn 0.000000 0.000000 0.100000
vn 0.000000 0.000000 0.100000
vn 0.000000 0.000000 0.100000
vn 0.000000 0.000000 0.100000
vn 0.000000 0.000000 0.100000
vn 0.000000 0.000000 0.100000
vn 0.000000 0.000000 0.100000
vn 0.000000 0.000000 0.100000
vn 0.000000 0.000000 0.100000
vn 0.000000 0.000000 0.100000
vn 0.000000 0.000000 0.100000
vn 0.000000 0.000000 0.100000
vn 0.000000 0.000000 0.100000
vn 0.000000 0.000000 0.100000
vn 0.000000 0.000000 0.100000
vn 0.000000 0.000000 0.100000
vn 0.000000 0.000000 0.100000
vn 0.000000 0.000000 0.100000
vn 0.000000 0.000000 0.100000
vn 0.000000 0.000000 0.100000
vn 0.000000 0.000000 0.100000
vn 0.000000 0.000000 0.100000
vn 0.000000 0.000000 0.100000
vn 0.000000 0.000000 0.100000
vn 0.000000 0.000000 0.100000
vn 0.000000 0.000000 0.100000
vn 0.000000 0.000000 0.100000
vn 0.000000 0.000000 0.100000
vn 0.000000 0.000000 0.100000
vn 0.000000 0.000000 0.100000
vn 0.000000 0.000000 0.100000
vn 0.000000 0.000000 0.100000
vn 0.000000 0.000000 0.100000
vn 0.000000 0.000000 0.100000
vn 0.000000 0.000000 0.100000
vn 0.000000 0.000000 0.100000
vn 0.000000 0.000000 0.100000
vn 0.000000 0.000000 0.100000
vn 0.000000 0.000000 0.100000
vn 0.000000 0.000000 0.100000
vn 0.000000 0.000000 0.100000
vn 0.000000 0.000000 0.100000
vn 0.000000 0.000000 0.100000
vn 0.000000 0.000000 0.100000
vn 0.000000 0.000000 0.100000
vn 0.000000 0.000000 0.100000
vn 0.000000 0.000000 0.100000
vn 0.000000 0.000000 0.100000
vn 0.000000 0.000000 0.100000
vn 0.000000 0.000000 0.100000
vn 0.000000 0.000000 0.100000
vn 0.000000 0.000000 0.100000
vn 0.000000 0.000000 0.100000
vn 0.000000 0.000000 0.100000
vn 0.000000 0.000000 0.100000
vn 0.000000 0.000000 0.100000
vn 0.000000 0.000000 0.100000
vn 0.000000 0.000000 0.100000
vn 0.000000 0.000000 0.100000
vn 0.000000 0.000000 0.100000
vn 0.000000 0.000000 0.100000
vn 0.000000 0.000000 0.100000
vn 0.000000 0.000000 0.100000
vn 0.000000 0.000000 0.100000
vn 0.000000 0.000000 0.100000
vn 0.000000 0.000000 0.100000
vn 0.000000 0.000000 0.100000
vn 0.000000 0.000000 0.100000
vn 0.000000 0.000000 0.100000
vn 0.000000 0.000000 0.100000
vn 0.000000 0.000000 0.100000
vn 0.000000 0.000000 0.100000
vn 0.000000 0.000000 0.100000
vn 0.000000 0.000000 0.100000
vn 0.000000 0.000000 0.100000
vn 0.000000 0.000000 0.100000
vn 0.000000 0.000000 0.100000
vn 0.000000 0.000000 0.100000
vn 0.000000 0.000000 0.100000
vn 0.000000 0.000000 0.100000
vn 0.000000 0.000000 0.100000
vn 0.000000 0.000000 0.100000
vn 0.000000 0.000000 0.100000
vn 0.000000 0.000000 0.100000
vn 0.000000 0.000000 0.100000
vn 0.000000 0.000000 0.100000
vn 0.000000 0.000000 0.100000
vn 0.000000 0.000000 0.100000
vn 0.000000 0.000000 0.100000
vn 0.000000 0.000000 0.100000
vn 0.000000 0.000000 0.100000
vn 0.000000 0.000000 0.100000
vn 0.000000 0.000000 0.100000
vn 0.000000 0.000000 0.100000
vn -0.000000 -0.098481 0.017365
vn -0.000000 -0.098481 0.017365
vn -0.000000 -0.098481 0.017365
vn -0.000000 -0.098481 0.017365
vn -0.000000 -0.098481 0.017365
vn -0.000000 -0.098481 0.017365
vn -0.000000 -0.098481 0.017365
vn 0.000000 0.098481 0.017365
vn 0.000000 0.098481 0.017365
vn 0.025022 0.094498 0.021074
vn 0.025022 0.094498 0.021074
vn 0.048403 0.084318 0.023402
vn 0.048403 0.084318 0.023402
vn 0.068610 0.068610 0.024195
vn 0.068610 0.068610 0.024195
vn 0.084318 0.048403 0.023402
vn 0.084318 0.048403 0.023402
vn 0.094498 0.025022 0.021074
vn 0.094498 0.025022 0.021074
vn 0.094498 0.025022 0.021074
vn 0.084318 0.048403 0.023402
vn 0.068610 0.068610 0.024195
vn 0.048403 0.084318 0.023402
vn 0.025022 0.094498 0.021074
vn 0.000000 0.023062 0.097304
vn 0.000000 0.023062 0.097304
vn 0.000000 0.023062 0.097304
vn 0.000000 0.023062 0.097304
vn 0.000000 0.044880 0.089363
vn 0.000000 0.044880 0.089363
vn 0.000000 0.064279 0.076604
vn 0.000000 0.064279 0.076604
vn 0.000000 0.080212 0.059716
vn 0.000000 0.080212 0.059716
vn 0.000000 0.091822 0.039608
vn 0.000000 0.091822 0.039608
vn 0.000000 0.098481 0.017365
vn 0.000000 0.091822 0.039608
vn 0.000000 0.091822 0.039608
vn 0.000000 0.080212 0.059716
vn 0.000000 0.080212 0.059716
vn 0.000000 0.064279 0.076604
vn 0.000000 0.064279 0.076604
vn 0.000000 0.044880 0.089363
vn 0.000000 0.044880 0.089363
vn 0.000000 0.064279 0.076604
vn 0.000000 0.080212 0.059716
vn 0.000000 0.091822 0.039608
vn 0.000000 0.080212 0.059716
vn 0.000000 0.091822 0.039608
vn 0.000000 0.091822 0.039608
vn 0.000000 0.064279 0.076604
vn 0.000000 0.044880 0.089363
vn 0.000000 0.023062 0.097304
vn 0.000000 0.044880 0.089363
vn 0.000000 0.023062 0.097304
vn 0.000000 0.023062 0.097304
vn 0.000000 0.044880 0.089363
vn 0.000000 0.064279 0.076604
vn 0.000000 0.080212 0.059716
vn 0.009367 0.091963 0.038145
vn 0.019648 0.080453 0.056047
vn 0.028831 0.064448 0.070819
vn 0.005463 0.060438 0.079482
vn 0.012695 0.040774 0.090423
vn 0.019219 0.018831 0.096312
vn 0.041941 0.022731 0.087888
vn 0.062477 0.023487 0.074465
vn 0.079475 0.021051 0.056926
vn 0.091817 0.015582 0.036426
vn 0.088441 0.037383 0.027941
vn 0.075564 0.043089 0.049330
vn 0.067431 0.062720 0.038977
vn 0.057829 0.045631 0.067629
vn 0.049950 0.065226 0.057014
vn 0.036403 0.044842 0.081634
vn 0.055531 0.078847 0.026447
vn 0.039281 0.081176 0.043214
vn 0.026417 0.092591 0.027000
vn 0.100000 -0.000000 0.000000
vn 0.100000 -0.000000 0.000000
vn 0.100000 -0.000000 0.000000
vn 0.100000 -0.000000 0.000000
vn 0.100000 -0.000000 0.000000
vn 0.100000 -0.000000 0.000000
vn 0.100000 -0.000000 0.000000
vn 0.100000 -0.000000 0.000000
vn 0.100000 -0.000000 0.000000
vn 0.100000 -0.000000 0.000000
vn 0.100000 -0.000000 0.000000
vn 0.100000 -0.000000 0.000000
vn 0.100000 -0.000000 0.000000
vn 0.100000 -0.000000 0.000000
vn 0.100000 -0.000000 0.000000
vn 0.100000 -0.000000 0.000000
vn 0.100000 -0.000000 0.000000
vn 0.100000 -0.000000 0.000000
vn 0.100000 -0.000000 0.000000
vn 0.100000 -0.000000 0.000000
vn 0.000000 0.098481 0.017365
vn 0.000000 0.098481 0.017365
vn 0.000000 0.098481 0.017365
vn 0.000000 0.098481 0.017365
vn 0.000000 0.098481 0.017365
vn 0.000000 0.098481 0.017365
vn 0.000000 0.098481 0.017365
vn 0.096593 -0.025882 0.000000
vn 0.096593 -0.025882 0.000000
vn 0.100000 0.000000 0.000000
vn 0.100000 0.000000 0.000000
vn 0.096593 0.025882 0.000000
vn 0.096593 0.025882 0.000000
vn 0.086603 0.050000 0.000000
vn 0.086603 0.050000 0.000000
vn 0.070711 0.070711 0.000000
vn 0.070711 0.070711 0.000000
vn 0.050000 0.086603 0.000000
vn 0.050000 0.086603 0.000000
vn 0.025882 0.096593 0.000000
vn 0.025882 0.096593 0.000000
vn 0.000000 0.100000 0.000000
vn 0.000000 0.100000 0.000000
vn -0.025882 0.096593 0.000000
vn -0.025882 0.096593 0.000000
vn -0.050000 0.086603 0.000000
vn -0.050000 0.086603 0.000000
vn -0.070711 0.070711 0.000000
vn -0.070711 0.070711 0.000000
vn -0.086603 0.050000 0.000000
vn -0.086603 0.050000 0.000000
vn -0.096593 0.025882 0.000000
vn -0.096593 0.025882 0.000000
vn -0.100000 0.000000 0.000000
vn -0.100000 0.000000 0.000000
vn -0.096593 -0.025882 0.000000
vn -0.096593 -0.025882 0.000000
vn -0.086603 -0.050000 0.000000
vn -0.086603 -0.050000 0.000000
vn -0.070711 -0.070711 0.000000
vn -0.070711 -0.070711 0.000000
vn -0.050000 -0.086603 0.000000
vn -0.050000 -0.086603 0.000000
vn -0.025882 -0.096593 0.000000
vn -0.025882 -0.096593 0.000000
vn 0.000000 -0.100000 0.000000
vn 0.000000 -0.100000 0.000000
vn 0.025882 -0.096593 0.000000
vn 0.025882 -0.096593 0.000000
vn 0.050000 -0.086603 0.000000
vn 0.050000 -0.086603 0.000000
vn 0.070711 -0.070711 0.000000
vn 0.070711 -0.070711 0.000000
vn 0.086603 -0.050000 0.000000
vn 0.086603 -0.050000 0.000000
vn 0.096593 -0.025882 0.000000
vn 0.096593 -0.025882 0.000000
vn 0.100000 0.000000 0.000000
vn 0.100000 0.000000 0.000000
vn 0.096593 0.025882 0.000000
vn 0.096593 0.025882 0.000000
vn 0.086603 0.050000 0.000000
vn 0.086603 0.050000 0.000000
vn 0.070711 0.070711 0.000000
vn 0.070711 0.070711 0.000000
vn 0.050000 0.086603 0.000000
vn 0.050000 0.086603 0.000000
vn 0.025882 0.096593 0.000000
vn 0.025882 0.096593 0.000000
vn 0.000000 0.100000 0.000000
vn 0.000000 0.100000 0.000000
vn -0.025882 0.096593 0.000000
vn -0.025882 0.096593 0.000000
vn -0.050000 0.086603 0.000000
vn -0.050000 0.086603 0.000000
vn -0.070711 0.070711 0.000000
vn -0.070711 0.070711 0.000000
vn -0.086603 0.050000 0.000000
vn -0.086603 0.050000 0.000000
vn -0.096593 0.025882 0.000000
vn -0.096593 0.025882 0.000000
vn -0.100000 0.000000 0.000000
vn -0.100000 0.000000 0.000000
vn -0.096593 -0.025882 0.000000
vn -0.096593 -0.025882 0.000000
vn -0.086603 -0.050000 0.000000
vn -0.086603 -0.050000 0.000000
vn -0.070711 -0.070711 0.000000
vn -0.070711 -0.070711 0.000000
vn -0.050000 -0.086603 0.000000
vn -0.050000 -0.086603 0.000000
vn -0.025882 -0.096593 0.000000
vn -0.025882 -0.096593 0.000000
vn 0.000000 -0.100000 0.000000
vn 0.000000 -0.100000 0.000000
vn 0.025882 -0.096593 0.000000
vn 0.025882 -0.096593 0.000000
vn 0.050000 -0.086603 0.000000
vn 0.050000 -0.086603 0.000000
vn 0.070711 -0.070711 0.000000
vn 0.070711 -0.070711 0.000000
vn 0.086603 -0.050000 0.000000
vn 0.086603 -0.050000 0.000000
vn 0.000000 0.000000 -0.100000
vn 0.000000 0.000000 -0.100000
vn 0.000000 -0.019509 -0.098079
vn 0.000000 -0.025882 -0.096593
vn 0.000000 -0.038268 -0.092388
vn 0.000000 -0.050000 -0.086603
vn 0.000000 -0.055557 -0.083147
vn 0.000000 -0.070711 -0.070711
vn 0.000000 -0.070711 -0.070711
vn 0.000000 -0.083147 -0.055557
vn 0.000000 -0.086603 -0.050000
vn 0.000000 -0.092388 -0.038268
vn 0.000000 -0.096593 -0.025882
vn 0.000000 -0.098079 -0.019509
vn 0.000000 -0.099518 -0.009802
vn 0.000000 -0.100000 -0.000000
vn 0.000000 -0.096593 -0.025882
vn 0.000000 -0.099518 -0.009802
vn 0.000000 -0.098079 -0.019509
vn 0.000000 -0.092388 -0.038268
vn 0.000000 -0.086603 -0.050000
vn 0.000000 -0.083147 -0.055557
vn 0.000000 -0.070711 -0.070711
vn 0.000000 -0.070711 -0.070711
vn 0.000000 -0.055557 -0.083147
vn 0.000000 -0.050000 -0.086603
vn 0.000000 -0.038268 -0.092388
vn 0.000000 -0.025882 -0.096593
vn 0.000000 -0.019509 -0.098079
vn 0.000000 -0.100000 -0.000000
vn 0.000000 0.000000 -0.100000
vn -0.019509 0.000000 -0.098079
vn -0.025882 0.000000 -0.096593
vn -0.038268 0.000000 -0.092388
vn -0.050000 0.000000 -0.086603
vn -0.055557 0.000000 -0.083147
vn -0.070711 0.000000 -0.070711
vn -0.070711 0.000000 -0.070711
vn -0.083147 0.000000 -0.055557
vn -0.086603 0.000000 -0.050000
vn -0.092388 0.000000 -0.038268
vn -0.096593 0.000000 -0.025882
vn -0.098079 0.000000 -0.019509
vn -0.099518 0.000000 -0.009802
vn -0.099518 0.000000 -0.009802
vn -0.100000 0.000000 0.000000
vn -0.100000 0.000000 0.000000
vn -0.019509 0.000000 -0.098079
vn -0.038268 0.000000 -0.092388
vn -0.055557 0.000000 -0.083147
vn -0.070711 0.000000 -0.070711
vn -0.083147 0.000000 -0.055557
vn -0.092388 0.000000 -0.038268
vn -0.098079 0.000000 -0.019509
vn -0.000000 0.000000 -0.100000
vn -0.000000 0.019509 -0.098079
vn -0.000000 0.025882 -0.096593
vn -0.000000 0.038268 -0.092388
vn -0.000000 0.050000 -0.086603
vn -0.000000 0.055557 -0.083147
vn -0.000000 0.070711 -0.070711
vn -0.000000 0.070711 -0.070711
vn -0.000000 0.083147 -0.055557
vn -0.000000 0.086603 -0.050000
vn -0.000000 0.092388 -0.038268
vn -0.000000 0.096593 -0.025882
vn -0.000000 0.098079 -0.019509
vn -0.000000 0.099518 -0.009802
vn -0.000000 0.100000 -0.000000
vn -0.000000 0.096593 -0.025882
vn -0.000000 0.099518 -0.009802
vn -0.000000 0.098079 -0.019509
vn -0.000000 0.092388 -0.038268
vn -0.000000 0.086603 -0.050000
vn -0.000000 0.083147 -0.055557
vn -0.000000 0.070711 -0.070711
vn -0.000000 0.070711 -0.070711
vn -0.000000 0.055557 -0.083147
vn -0.000000 0.050000 -0.086603
vn -0.000000 0.038268 -0.092388
vn -0.000000 0.025882 -0.096593
vn -0.000000 0.019509 -0.098079
vn -0.000000 0.100000 -0.000000
vn 0.100000 0.000000 0.000000
vn 0.100000 0.000000 0.000000
vn 0.099518 0.000000 -0.009802
vn 0.099518 0.000000 -0.009802
vn 0.096593 0.000000 -0.025882
vn 0.098079 0.000000 -0.019509
vn 0.092388 0.000000 -0.038268
vn 0.086603 0.000000 -0.050000
vn 0.083147 0.000000 -0.055557
vn 0.070711 0.000000 -0.070711
vn 0.070711 0.000000 -0.070711
vn 0.055557 0.000000 -0.083147
vn 0.050000 0.000000 -0.086603
vn 0.038268 0.000000 -0.092388
vn 0.025882 0.000000 -0.096593
vn 0.019509 0.000000 -0.098079
vn 0.019509 0.000000 -0.098079
vn 0.038268 0.000000 -0.092388
vn 0.055557 0.000000 -0.083147
vn 0.070711 0.000000 -0.070711
vn 0.083147 0.000000 -0.055557
vn 0.092388 0.000000 -0.038268
vn 0.098079 0.000000 -0.019509
vn 0.100000 0.000000 0.000000
vn 0.100000 0.000000 0.000000
vn 0.000000 -0.100000 0.000000
vn 0.000000 -0.100000 0.000000
vn 0.000000 0.000000 -0.100000
vn 0.000000 0.000000 -0.100000
vn 0.000000 0.000000 -0.100000
vn 0.000000 0.000000 -0.100000
vn 0.000000 0.000000 -0.100000
vn 0.000000 0.000000 -0.100000
vn 0.000000 0.000000 -0.100000
vn 0.000000 0.000000 -0.100000
vn 0.000000 0.000000 -0.100000
vn 0.000000 0.000000 -0.100000
vn 0.000000 0.000000 -0.100000
vn 0.000000 0.000000 -0.100000
vn 0.000000 0.000000 -0.100000
vn 0.000000 0.000000 -0.100000
vn 0.000000 0.000000 -0.100000
vn 0.000000 0.000000 -0.100000
vn 0.000000 0.000000 -0.100000
vn 0.000000 0.000000 -0.100000
vn 0.000000 0.000000 -0.100000
vn 0.000000 0.000000 -0.100000
vn 0.000000 0.000000 -0.100000
vn 0.000000 0.000000 -0.100000
vn 0.000000 0.000000 -0.100000
vn 0.000000 0.000000 -0.100000
vn 0.000000 0.000000 -0.100000
vn 0.000000 0.000000 -0.100000
vn 0.000000 0.000000 -0.100000
vn 0.000000 0.000000 -0.100000
vn 0.000000 0.000000 -0.100000
vn 0.000000 0.000000 -0.100000
vn 0.000000 0.000000 -0.100000
vn 0.000000 0.000000 -0.100000
vn 0.000000 0.000000 -0.100000
vn 0.000000 0.000000 -0.100000
vn 0.000000 0.000000 -0.100000
vn 0.000000 0.000000 -0.100000
vn 0.000000 0.000000 -0.100000
vn 0.000000 0.000000 -0.100000
vn 0.000000 0.000000 -0.100000
vn 0.000000 0.000000 -0.100000
vn 0.000000 0.000000 -0.100000
vn 0.000000 0.000000 -0.100000
vn 0.000000 0.000000 -0.100000
vn 0.000000 0.000000 -0.100000
vn 0.000000 0.000000 -0.100000
vn 0.000000 0.000000 -0.100000
vn 0.000000 0.000000 -0.100000
vn 0.000000 0.000000 -0.100000
vn 0.000000 0.000000 -0.100000
vn 0.000000 0.000000 -0.100000
vn 0.000000 0.000000 -0.100000
vn 0.000000 0.000000 -0.100000
vn 0.000000 0.000000 -0.100000
vn 0.000000 0.000000 -0.100000
vn 0.000000 0.000000 -0.100000
vn 0.000000 0.000000 -0.100000
vn 0.000000 0.000000 -0.100000
vn 0.000000 0.000000 -0.100000
vn 0.000000 0.000000 -0.100000
vn 0.000000 0.000000 -0.100000
vn 0.000000 0.000000 -0.100000
vn 0.000000 0.000000 -0.100000
vn 0.000000 0.000000 -0.100000
vn 0.000000 0.000000 -0.100000
vn 0.000000 0.000000 -0.100000
vn 0.000000 0.000000 -0.100000
vn 0.000000 0.000000 -0.100000
vn 0.000000 0.000000 -0.100000
vn 0.000000 0.000000 -0.100000
vn 0.000000 0.000000 -0.100000
vn 0.000000 0.000000 -0.100000
vn 0.000000 0.000000 -0.100000
vn 0.000000 0.000000 -0.100000
vn 0.000000 0.000000 -0.100000
vn 0.000000 0.000000 -0.100000
vn 0.000000 0.000000 -0.100000
vn 0.000000 0.000000 -0.100000
vn 0.000000 0.000000 -0.100000
vn 0.000000 0.000000 -0.100000
vn 0.000000 0.000000 -0.100000
vn 0.000000 0.000000 -0.100000
vn 0.000000 0.000000 -0.100000
vn 0.000000 0.000000 -0.100000
vn 0.000000 0.000000 -0.100000
vn 0.000000 0.000000 -0.100000
vn 0.000000 0.000000 -0.100000
vn 0.000000 0.000000 -0.100000
vn 0.000000 0.000000 -0.100000
vn 0.000000 0.000000 -0.100000
vn 0.000000 0.000000 -0.100000
vn 0.000000 0.000000 -0.100000
vn 0.000000 0.000000 -0.100000
vn 0.000000 0.000000 -0.100000
vn 0.000000 0.000000 -0.100000
vn 0.000000 0.000000 -0.100000
vn 0.000000 0.000000 -0.100000
vn 0.000000 0.000000 -0.100000
vn 0.000000 0.000000 -0.100000
vn 0.000000 0.000000 -0.100000
vn 0.000000 0.000000 -0.100000
vn 0.000000 0.000000 -0.100000
vn 0.000000 0.000000 -0.100000
vn 0.000000 -0.019509 0.098079
vn 0.000000 -0.025882 0.096593
vn 0.000000 -0.038268 0.092388
vn 0.000000 -0.050000 0.086603
vn 0.000000 -0.055557 0.083147
vn 0.000000 -0.070711 0.070711
vn 0.000000 -0.070711 0.070711
vn 0.000000 -0.083147 0.055557
vn 0.000000 -0.086603 0.050000
vn 0.000000 -0.092388 0.038268
vn 0.000000 -0.096593 0.025882
vn 0.000000 -0.098079 0.019509
vn 0.000000 -0.099518 0.009802
vn 0.000000 -0.096593 0.025882
vn 0.000000 -0.099518 0.009802
vn 0.000000 -0.098079 0.019509
vn 0.000000 -0.092388 0.038268
vn 0.000000 -0.086603 0.050000
vn 0.000000 -0.083147 0.055557
vn 0.000000 -0.070711 0.070711
vn 0.000000 -0.070711 0.070711
vn 0.000000 -0.055557 0.083147
vn 0.000000 -0.050000 0.086603
vn 0.000000 -0.038268 0.092388
vn 0.000000 -0.025882 0.096593
vn 0.000000 -0.019509 0.098079
vn -0.100000 0.000000 0.000000
vn -0.100000 0.000000 0.000000
vn -0.099518 0.000000 0.009802
vn -0.099518 0.000000 0.009802
vn -0.096593 0.000000 0.025882
vn -0.098079 0.000000 0.019509
vn -0.092388 0.000000 0.038268
vn -0.086603 0.000000 0.050000
vn -0.083147 0.000000 0.055557
vn -0.070711 0.000000 0.070711
vn -0.070711 0.000000 0.070711
vn -0.055557 0.000000 0.083147
vn -0.050000 0.000000 0.086603
vn -0.038268 0.000000 0.092388
vn -0.025882 0.000000 0.096593
vn -0.019509 0.000000 0.098079
vn -0.019509 0.000000 0.098079
vn -0.038268 0.000000 0.092388
vn -0.055557 0.000000 0.083147
vn -0.070711 0.000000 0.070711
vn -0.083147 0.000000 0.055557
vn -0.092388 0.000000 0.038268
vn -0.098079 0.000000 0.019509
vn 0.000000 0.019509 0.098079
vn 0.000000 0.025882 0.096593
vn 0.000000 0.038268 0.092388
vn 0.000000 0.050000 0.086603
vn 0.000000 0.055557 0.083147
vn 0.000000 0.070711 0.070711
vn 0.000000 0.070711 0.070711
vn 0.000000 0.083147 0.055557
vn 0.000000 0.086603 0.050000
vn 0.000000 0.092388 0.038268
vn 0.000000 0.096593 0.025882
vn 0.000000 0.098079 0.019509
vn 0.000000 0.099518 0.009802
vn -0.000000 0.100000 -0.000000
vn 0.000000 0.096593 0.025882
vn 0.000000 0.099518 0.009802
vn 0.000000 0.098079 0.019509
vn 0.000000 0.092388 0.038268
vn 0.000000 0.086603 0.050000
vn 0.000000 0.083147 0.055557
vn 0.000000 0.070711 0.070711
vn 0.000000 0.070711 0.070711
vn 0.000000 0.055557 0.083147
vn 0.000000 0.050000 0.086603
vn 0.000000 0.038268 0.092388
vn 0.000000 0.025882 0.096593
vn 0.000000 0.019509 0.098079
vn -0.000000 0.100000 -0.000000
vn 0.019509 -0.000000 0.098079
vn 0.025882 -0.000000 0.096593
vn 0.038268 -0.000000 0.092388
vn 0.050000 -0.000000 0.086603
vn 0.055557 -0.000000 0.083147
vn 0.070711 -0.000000 0.070711
vn 0.070711 -0.000000 0.070711
vn 0.083147 -0.000000 0.055557
vn 0.086603 -0.000000 0.050000
vn 0.092388 -0.000000 0.038268
vn 0.096593 -0.000000 0.025882
vn 0.098079 -0.000000 0.019509
vn 0.099518 -0.000000 0.009802
vn 0.099518 -0.000000 0.009802
vn 0.019509 -0.000000 0.098079
vn 0.038268 -0.000000 0.092388
vn 0.055557 -0.000000 0.083147
vn 0.070711 -0.000000 0.070711
vn 0.083147 -0.000000 0.055557
vn 0.092388 -0.000000 0.038268
vn 0.098079 -0.000000 0.019509
vn 0.025882 -0.000000 0.096593
vn 0.025882 -0.000000 0.096593
vn 0.050000 -0.000000 0.086603
vn 0.050000 -0.000000 0.086603
vn 0.070711 -0.000000 0.070711
vn 0.070711 -0.000000 0.070711
vn 0.086603 -0.000000 0.050000
vn 0.086603 -0.000000 0.050000
vn 0.096593 -0.000000 0.025882
vn 0.096593 -0.000000 0.025882
vn 0.096593 -0.025882 0.000000
vn 0.096593 -0.025882 0.000000
vn 0.100000 0.000000 0.000000
vn 0.100000 0.000000 0.000000
vn 0.096593 0.025882 0.000000
vn 0.096593 0.025882 0.000000
vn 0.086603 0.050000 0.000000
vn 0.086603 0.050000 0.000000
vn 0.070711 0.070711 0.000000
vn 0.070711 0.070711 0.000000
vn 0.050000 0.086603 0.000000
vn 0.050000 0.086603 0.000000
vn 0.025882 0.096593 0.000000
vn 0.025882 0.096593 0.000000
vn 0.000000 0.100000 0.000000
vn 0.000000 0.100000 0.000000
vn -0.025882 0.096593 0.000000
vn -0.025882 0.096593 0.000000
vn -0.050000 0.086603 0.000000
vn -0.050000 0.086603 0.000000
vn -0.070711 0.070711 0.000000
vn -0.070711 0.070711 0.000000
vn -0.086603 0.050000 0.000000
vn -0.086603 0.050000 0.000000
vn -0.096593 0.025882 0.000000
vn -0.096593 0.025882 0.000000
vn -0.100000 0.000000 0.000000
vn -0.100000 0.000000 0.000000
vn -0.096593 -0.025882 0.000000
vn -0.096593 -0.025882 0.000000
vn -0.086603 -0.050000 0.000000
vn -0.086603 -0.050000 0.000000
vn -0.070711 -0.070711 0.000000
vn -0.070711 -0.070711 0.000000
vn -0.050000 -0.086603 0.000000
vn -0.050000 -0.086603 0.000000
vn -0.025882 -0.096593 0.000000
vn -0.025882 -0.096593 0.000000
vn 0.000000 -0.100000 0.000000
vn 0.000000 -0.100000 0.000000
vn 0.025882 -0.096593 0.000000
vn 0.025882 -0.096593 0.000000
vn 0.050000 -0.086603 0.000000
vn 0.050000 -0.086603 0.000000
vn 0.070711 -0.070711 0.000000
vn 0.070711 -0.070711 0.000000
vn 0.086603 -0.050000 0.000000
vn 0.086603 -0.050000 0.000000
vn 0.096593 -0.025882 0.000000
vn 0.096593 -0.025882 0.000000
vn 0.100000 0.000000 0.000000
vn 0.100000 0.000000 0.000000
vn 0.096593 0.025882 0.000000
vn 0.096593 0.025882 0.000000
vn 0.086603 0.050000 0.000000
vn 0.086603 0.050000 0.000000
vn 0.070711 0.070711 0.000000
vn 0.070711 0.070711 0.000000
vn 0.050000 0.086603 0.000000
vn 0.050000 0.086603 0.000000
vn 0.025882 0.096593 0.000000
vn 0.025882 0.096593 0.000000
vn 0.000000 0.100000 0.000000
vn 0.000000 0.100000 0.000000
vn -0.025882 0.096593 0.000000
vn -0.025882 0.096593 0.000000
vn -0.050000 0.086603 0.000000
vn -0.050000 0.086603 0.000000
vn -0.070711 0.070711 0.000000
vn -0.070711 0.070711 0.000000
vn -0.086603 0.050000 0.000000
vn -0.086603 0.050000 0.000000
vn -0.096593 0.025882 0.000000
vn -0.096593 0.025882 0.000000
vn -0.100000 0.000000 0.000000
vn -0.100000 0.000000 0.000000
vn -0.096593 -0.025882 0.000000
vn -0.096593 -0.025882 0.000000
vn -0.086603 -0.050000 0.000000
vn -0.086603 -0.050000 0.000000
vn -0.070711 -0.070711 0.000000
vn -0.070711 -0.070711 0.000000
vn -0.050000 -0.086603 0.000000
vn -0.050000 -0.086603 0.000000
vn -0.025882 -0.096593 0.000000
vn -0.025882 -0.096593 0.000000
vn 0.000000 -0.100000 0.000000
vn 0.000000 -0.100000 0.000000
vn 0.025882 -0.096593 0.000000
vn 0.025882 -0.096593 0.000000
vn 0.050000 -0.086603 0.000000
vn 0.050000 -0.086603 0.000000
vn 0.070711 -0.070711 0.000000
vn 0.070711 -0.070711 0.000000
vn 0.086603 -0.050000 0.000000
vn 0.086603 -0.050000 0.000000
vn 0.096593 -0.000000 -0.025882
vn 0.096593 -0.000000 -0.025882
vn 0.096593 -0.000000 -0.025882
vn 0.096593 -0.000000 -0.025882
vn 0.086603 -0.000000 -0.050000
vn 0.086603 -0.000000 -0.050000
vn 0.070711 -0.000000 -0.070711
vn 0.070711 -0.000000 -0.070711
vn 0.050000 -0.000000 -0.086603
vn 0.050000 -0.000000 -0.086603
vn 0.025882 -0.000000 -0.096593
vn 0.025882 -0.000000 -0.096593
vn 0.025882 -0.000000 -0.096593
vn 0.025882 -0.000000 -0.096593
vn 0.050000 -0.000000 -0.086603
vn 0.050000 -0.000000 -0.086603
vn 0.070711 -0.000000 -0.070711
vn 0.070711 -0.000000 -0.070711
vn 0.086603 -0.000000 -0.050000
vn 0.086603 -0.000000 -0.050000
vn 0.050000 -0.000000 -0.086603
vn 0.025882 -0.000000 -0.096593
vn 0.025882 -0.000000 -0.096593
vn 0.086603 -0.000000 -0.050000
vn 0.096593 -0.000000 -0.025882
vn 0.096593 -0.000000 -0.025882
vn 0.086603 -0.000000 -0.050000
vn 0.070711 -0.000000 -0.070711
vn 0.070711 -0.000000 -0.070711
vn 0.050000 -0.000000 -0.086603
vn 0.096593 0.025882 0.000000
vn 0.096593 0.025882 0.000000
vn 0.086603 0.050000 0.000000
vn 0.086603 0.050000 0.000000
vn 0.070711 0.070711 0.000000
vn 0.070711 0.070711 0.000000
vn 0.050000 0.086603 0.000000
vn 0.050000 0.086603 0.000000
vn 0.025882 0.096593 0.000000
vn 0.025882 0.096593 0.000000
vn -0.000000 0.100000 -0.000000
vn -0.000000 0.100000 -0.000000
vn 0.096593 -0.000000 0.025882
vn 0.096593 -0.000000 0.025882
vn 0.086603 -0.000000 0.050000
vn 0.086603 -0.000000 0.050000
vn 0.070711 -0.000000 0.070711
vn 0.070711 -0.000000 0.070711
vn 0.050000 -0.000000 0.086603
vn 0.050000 -0.000000 0.086603
vn 0.025882 -0.000000 0.096593
vn 0.025882 -0.000000 0.096593
vn -0.000000 -0.100000 0.000000
vn -0.000000 -0.100000 0.000000
vn 0.025882 -0.096593 0.000000
vn 0.025882 -0.096593 0.000000
vn 0.050000 -0.086603 0.000000
vn 0.050000 -0.086603 0.000000
vn 0.070711 -0.070711 0.000000
vn 0.070711 -0.070711 0.000000
vn 0.086603 -0.050000 0.000000
vn 0.086603 -0.050000 0.000000
vn 0.096593 -0.025882 0.000000
vn 0.096593 -0.025882 0.000000
vn 0.000000 -0.096593 0.025882
vn 0.015391 -0.097047 0.018574
vn 0.038864 -0.091750 0.008453
vn 0.045904 -0.083242 0.031041
vn 0.066657 -0.071780 0.020112
vn 0.049540 -0.069666 0.051888
vn 0.070255 -0.058343 0.040746
vn 0.049540 -0.051888 0.069666
vn 0.070255 -0.040746 0.058343
vn 0.045904 -0.031041 0.083242
vn 0.066657 -0.020112 0.071780
vn 0.082867 -0.007813 0.055426
vn 0.086183 -0.026828 0.043044
vn 0.096237 -0.011081 0.024811
vn 0.096237 -0.024811 0.011081
vn 0.086183 -0.043044 0.026828
vn 0.082867 -0.055426 0.007813
vn 0.038864 -0.008453 0.091750
vn 0.015391 -0.018574 0.097047
vn 0.000000 -0.025882 0.096593
vn 0.022023 -0.039854 0.089032
vn 0.000000 -0.050000 0.086603
vn 0.025449 -0.059494 0.076242
vn 0.000000 -0.070711 0.070711
vn 0.025449 -0.076242 0.059494
vn 0.000000 -0.086603 0.050000
vn 0.022023 -0.089032 0.039854
vn 0.000000 0.025882 0.096593
vn 0.015391 0.018574 0.097047
vn 0.038864 0.008453 0.091750
vn 0.045904 0.031041 0.083242
vn 0.066657 0.020112 0.071780
vn 0.049540 0.051888 0.069666
vn 0.070255 0.040746 0.058343
vn 0.049540 0.069666 0.051888
vn 0.070255 0.058343 0.040746
vn 0.045904 0.083242 0.031041
vn 0.066657 0.071780 0.020112
vn 0.082867 0.055426 0.007813
vn 0.086183 0.043044 0.026828
vn 0.096237 0.024811 0.011081
vn 0.096237 0.011081 0.024811
vn 0.086183 0.026828 0.043044
vn 0.082867 0.007813 0.055426
vn 0.038864 0.091750 0.008453
vn 0.015391 0.097047 0.018574
vn 0.000000 0.096593 0.025882
vn 0.022023 0.089032 0.039854
vn 0.000000 0.086603 0.050000
vn 0.025449 0.076242 0.059494
vn 0.000000 0.070711 0.070711
vn 0.025449 0.059494 0.076242
vn 0.000000 0.050000 0.086603
vn 0.022023 0.039854 0.089032
vn 0.000000 0.096593 -0.025882
vn 0.015391 0.097047 -0.018574
vn 0.038864 0.091750 -0.008453
vn 0.045904 0.083242 -0.031041
vn 0.066657 0.071780 -0.020112
vn 0.049540 0.069666 -0.051888
vn 0.070255 0.058343 -0.040746
vn 0.049540 0.051888 -0.069666
vn 0.070255 0.040746 -0.058343
vn 0.045904 0.031041 -0.083242
vn 0.066657 0.020112 -0.071780
vn 0.082867 0.007813 -0.055426
vn 0.086183 0.026828 -0.043044
vn 0.096237 0.011081 -0.024811
vn 0.096237 0.024811 -0.011081
vn 0.086183 0.043044 -0.026828
vn 0.082867 0.055426 -0.007813
vn 0.038864 0.008453 -0.091750
vn 0.015391 0.018574 -0.097047
vn 0.000000 0.025882 -0.096593
vn 0.022023 0.039854 -0.089032
vn 0.000000 0.050000 -0.086603
vn 0.025449 0.059494 -0.076242
vn 0.000000 0.070711 -0.070711
vn 0.025449 0.076242 -0.059494
vn 0.000000 0.086603 -0.050000
vn 0.022023 0.089032 -0.039854
vn 0.024811 -0.011081 -0.096237
vn 0.011081 -0.024811 -0.096237
vn 0.000000 -0.025882 -0.096593
vn 0.000000 -0.050000 -0.086603
vn 0.026828 -0.043044 -0.086183
vn 0.007813 -0.055426 -0.082867
vn 0.040746 -0.058343 -0.070255
vn 0.020112 -0.071780 -0.066657
vn 0.051888 -0.069666 -0.049540
vn 0.031041 -0.083242 -0.045904
vn 0.059494 -0.076242 -0.025449
vn 0.039854 -0.089032 -0.022023
vn 0.043044 -0.026828 -0.086183
vn 0.055426 -0.007813 -0.082867
vn 0.071780 -0.020112 -0.066657
vn 0.083242 -0.031041 -0.045904
vn 0.091750 -0.008453 -0.038864
vn 0.097047 -0.018574 -0.015391
vn 0.089032 -0.039854 -0.022023
vn 0.069666 -0.051888 -0.049540
vn 0.058343 -0.040746 -0.070255
vn 0.076242 -0.059494 -0.025449
vn 0.018574 -0.097047 -0.015391
vn 0.000000 -0.096593 -0.025882
vn 0.008453 -0.091750 -0.038864
vn 0.000000 -0.086603 -0.050000
vn 0.000000 -0.070711 -0.070711
vn -0.000000 0.096593 -0.025882
vn -0.000000 0.096593 -0.025882
vn -0.000000 0.096593 -0.025882
vn -0.000000 0.086603 -0.050000
vn -0.000000 0.086603 -0.050000
vn -0.000000 0.070711 -0.070711
vn -0.000000 0.070711 -0.070711
vn -0.000000 0.050000 -0.086603
vn -0.000000 0.050000 -0.086603
vn -0.000000 0.025882 -0.096593
vn -0.000000 0.025882 -0.096593
vn -0.000000 0.025882 -0.096593
vn -0.000000 0.025882 -0.096593
vn -0.000000 0.050000 -0.086603
vn -0.000000 0.050000 -0.086603
vn -0.000000 0.070711 -0.070711
vn -0.000000 0.070711 -0.070711
vn -0.000000 0.086603 -0.050000
vn -0.000000 0.086603 -0.050000
vn -0.000000 0.096593 -0.025882
vn -0.000000 0.096593 -0.025882
vn 0.000000 0.100000 0.000000
vn -0.000000 0.096593 -0.025882
vn -0.000000 0.086603 -0.050000
vn -0.000000 0.070711 -0.070711
vn -0.000000 0.050000 -0.086603
vn -0.000000 0.025882 -0.096593
vn -0.000000 0.086603 -0.050000
vn -0.000000 0.070711 -0.070711
vn -0.000000 0.050000 -0.086603
vn -0.000000 0.025882 -0.096593
vn -0.000000 0.025882 -0.096593
vn -0.000000 0.025882 -0.096593
vn -0.000000 0.025882 -0.096593
vn -0.000000 0.050000 -0.086603
vn -0.000000 0.050000 -0.086603
vn -0.000000 0.070711 -0.070711
vn -0.000000 0.096593 -0.025882
vn -0.000000 0.096593 -0.025882
vn -0.000000 0.096593 -0.025882
vn -0.000000 0.086603 -0.050000
vn -0.000000 0.086603 -0.050000
vn -0.000000 0.096593 -0.025882
vn -0.000000 0.086603 -0.050000
vn -0.000000 0.086603 -0.050000
vn -0.000000 0.070711 -0.070711
vn -0.000000 0.070711 -0.070711
vn -0.000000 0.050000 -0.086603
vn -0.000000 0.070711 -0.070711
vn -0.000000 0.050000 -0.086603
vn -0.000000 0.025882 -0.096593
vn 0.000000 -0.025882 -0.096593
vn 0.000000 -0.025882 -0.096593
vn 0.000000 -0.025882 -0.096593
vn 0.000000 -0.050000 -0.086603
vn 0.000000 -0.050000 -0.086603
vn 0.000000 -0.070711 -0.070711
vn 0.000000 -0.070711 -0.070711
vn 0.000000 -0.086603 -0.050000
vn 0.000000 -0.086603 -0.050000
vn 0.000000 -0.096593 -0.025882
vn 0.000000 -0.096593 -0.025882
vn 0.000000 -0.100000 0.000000
vn 0.000000 -0.096593 -0.025882
vn 0.000000 -0.096593 -0.025882
vn 0.000000 -0.086603 -0.050000
vn 0.000000 -0.086603 -0.050000
vn 0.000000 -0.070711 -0.070711
vn 0.000000 -0.070711 -0.070711
vn 0.000000 -0.050000 -0.086603
vn 0.000000 -0.050000 -0.086603
vn 0.000000 -0.025882 -0.096593
vn 0.000000 -0.025882 -0.096593
vn 0.000000 -0.050000 -0.086603
vn 0.000000 -0.070711 -0.070711
vn 0.000000 -0.086603 -0.050000
vn 0.000000 -0.096593 -0.025882
vn 0.000000 -0.096593 -0.025882
vn 0.000000 -0.096593 -0.025882
vn 0.000000 -0.096593 -0.025882
vn 0.000000 -0.086603 -0.050000
vn 0.000000 -0.025882 -0.096593
vn 0.000000 -0.025882 -0.096593
vn 0.000000 -0.025882 -0.096593
vn 0.000000 -0.050000 -0.086603
vn 0.000000 -0.050000 -0.086603
vn 0.000000 -0.070711 -0.070711
vn 0.000000 -0.025882 -0.096593
vn 0.000000 -0.050000 -0.086603
vn 0.000000 -0.050000 -0.086603
vn 0.000000 -0.070711 -0.070711
vn 0.000000 -0.070711 -0.070711
vn 0.000000 -0.086603 -0.050000
vn 0.000000 -0.096593 -0.025882
vn 0.000000 -0.070711 -0.070711
vn 0.000000 -0.086603 -0.050000
vn 0.000000 -0.086603 -0.050000
vn 0.000000 -0.100000 0.000000
vn 0.000000 0.025882 0.096593
vn 0.000000 0.025882 0.096593
vn 0.000000 0.025882 0.096593
vn 0.000000 0.050000 0.086603
vn 0.000000 0.050000 0.086603
vn 0.000000 0.070711 0.070711
vn 0.000000 0.070711 0.070711
vn 0.000000 0.086603 0.050000
vn 0.000000 0.086603 0.050000
vn 0.000000 0.096593 0.025882
vn 0.000000 0.096593 0.025882
vn 0.000000 0.100000 0.000000
vn 0.000000 0.096593 0.025882
vn 0.000000 0.096593 0.025882
vn 0.000000 0.086603 0.050000
vn 0.000000 0.086603 0.050000
vn 0.000000 0.070711 0.070711
vn 0.000000 0.070711 0.070711
vn 0.000000 0.050000 0.086603
vn 0.000000 0.050000 0.086603
vn 0.000000 0.025882 0.096593
vn 0.000000 0.025882 0.096593
vn 0.000000 0.025882 0.096593
vn 0.000000 0.050000 0.086603
vn 0.000000 0.070711 0.070711
vn 0.000000 0.086603 0.050000
vn 0.000000 0.096593 0.025882
vn 0.000000 0.050000 0.086603
vn 0.000000 0.070711 0.070711
vn 0.000000 0.086603 0.050000
vn 0.000000 0.096593 0.025882
vn 0.000000 0.096593 0.025882
vn 0.000000 0.096593 0.025882
vn 0.000000 0.096593 0.025882
vn 0.000000 0.086603 0.050000
vn 0.000000 0.086603 0.050000
vn 0.000000 0.070711 0.070711
vn 0.000000 0.025882 0.096593
vn 0.000000 0.025882 0.096593
vn 0.000000 0.025882 0.096593
vn 0.000000 0.050000 0.086603
vn 0.000000 0.050000 0.086603
vn 0.000000 0.025882 0.096593
vn 0.000000 0.050000 0.086603
vn 0.000000 0.050000 0.086603
vn 0.000000 0.070711 0.070711
vn 0.000000 0.070711 0.070711
vn 0.000000 0.086603 0.050000
vn 0.000000 0.070711 0.070711
vn 0.000000 0.086603 0.050000
vn 0.000000 0.096593 0.025882
vn 0.000000 -0.096593 0.025882
vn 0.000000 -0.096593 0.025882
vn 0.000000 -0.096593 0.025882
vn 0.000000 -0.086603 0.050000
vn 0.000000 -0.086603 0.050000
vn 0.000000 -0.070711 0.070711
vn 0.000000 -0.070711 0.070711
vn 0.000000 -0.050000 0.086603
vn 0.000000 -0.050000 0.086603
vn 0.000000 -0.025882 0.096593
vn 0.000000 -0.025882 0.096593
vn 0.000000 -0.025882 0.096593
vn 0.000000 -0.025882 0.096593
vn 0.000000 -0.050000 0.086603
vn 0.000000 -0.086603 0.050000
vn 0.000000 -0.070711 0.070711
vn 0.000000 -0.050000 0.086603
vn 0.000000 -0.025882 0.096593
vn 0.000000 -0.025882 0.096593
vn 0.000000 -0.025882 0.096593
vn 0.000000 -0.025882 0.096593
vn 0.000000 -0.050000 0.086603
vn 0.000000 -0.050000 0.086603
vn 0.000000 -0.070711 0.070711
vn 0.000000 -0.070711 0.070711
vn 0.000000 -0.086603 0.050000
vn 0.000000 -0.086603 0.050000
vn 0.000000 -0.096593 0.025882
vn 0.000000 -0.096593 0.025882
vn 0.000000 -0.096593 0.025882
vn 0.000000 -0.096593 0.025882
vn 0.000000 -0.086603 0.050000
vn 0.000000 -0.086603 0.050000
vn 0.000000 -0.070711 0.070711
vn 0.000000 -0.070711 0.070711
vn 0.000000 -0.050000 0.086603
vn 0.000000 -0.096593 0.025882
vn 0.000000 -0.096593 0.025882
vn 0.000000 -0.086603 0.050000
vn 0.000000 -0.070711 0.070711
vn 0.000000 -0.086603 0.050000
vn 0.000000 -0.070711 0.070711
vn 0.000000 -0.050000 0.086603
vn 0.000000 -0.025882 0.096593
vn 0.000000 -0.050000 0.086603
vn -0.080016 -0.046197 0.038252
vn -0.080016 -0.046197 0.038252
vn -0.080016 -0.046197 0.038252
vn -0.080016 -0.046197 0.038252
vn -0.049810 0.086273 0.008716
vn -0.049810 0.086273 0.008716
vn -0.068053 0.071012 0.018058
vn -0.068053 0.071012 0.018057
vn -0.081853 0.051113 0.026220
vn -0.081853 0.051113 0.026220
vn -0.090308 0.027877 0.032671
vn -0.090308 0.027877 0.032671
vn -0.092865 0.002820 0.036988
vn -0.092865 0.002820 0.036988
vn -0.089358 -0.022421 0.038890
vn -0.089358 -0.022421 0.038890
vn -0.080016 -0.046197 0.038252
vn -0.080016 -0.046198 0.038252
vn -0.049810 0.086273 0.008716
vn -0.049810 0.086273 0.008716
vn -0.049810 0.086273 0.008716
vn -0.049810 0.086273 0.008716
vn -0.049810 0.086273 0.008716
vn -0.049810 0.086273 0.008716
vn -0.049810 0.086273 0.008716
vn -0.049810 0.086273 0.008716
vn -0.049810 0.086273 0.008716
vn -0.049810 0.086273 0.008716
vn -0.049810 0.086273 0.008716
vn -0.049810 0.086273 0.008716
vn -0.049810 0.086273 0.008716
vn -0.009093 0.015749 0.098333
vn -0.012237 0.021195 0.096959
vn 0.000000 -0.000000 0.100000
vn -0.012237 0.021195 0.096959
vn -0.012237 0.021195 0.096959
vn -0.023730 0.041102 0.088020
vn -0.023730 0.041102 0.088020
vn -0.033780 0.058508 0.073728
vn -0.033780 0.058508 0.073728
vn -0.041774 0.072355 0.054951
vn -0.041774 0.072355 0.054951
vn -0.047228 0.081802 0.032832
vn -0.047228 0.081802 0.032832
vn -0.049810 0.086273 0.008716
vn -0.047228 0.081802 0.032832
vn -0.047228 0.081802 0.032832
vn -0.041774 0.072355 0.054951
vn -0.041774 0.072355 0.054951
vn -0.033780 0.058508 0.073728
vn -0.033780 0.058508 0.073728
vn -0.023730 0.041102 0.088020
vn -0.023730 0.041102 0.088020
vn -0.012237 0.021195 0.096959
vn -0.012237 0.021195 0.096959
vn 0.000000 -0.000000 0.100000
vn -0.012237 0.021195 0.096959
vn -0.012237 0.021195 0.096959
vn -0.023730 0.041102 0.088020
vn -0.023730 0.041102 0.088020
vn -0.033780 0.058508 0.073728
vn -0.033780 0.058508 0.073728
vn -0.041774 0.072355 0.054951
vn -0.041774 0.072355 0.054951
vn -0.047228 0.081802 0.032832
vn -0.047228 0.081802 0.032832
vn -0.047228 0.081802 0.032832
vn -0.047228 0.081802 0.032832
vn -0.041774 0.072355 0.054951
vn -0.018135 0.031411 0.093191
vn -0.023730 0.041102 0.088020
vn -0.023730 0.041102 0.088020
vn -0.033780 0.058508 0.073728
vn -0.033780 0.058508 0.073728
vn -0.041774 0.072355 0.054951
vn -0.041774 0.072355 0.054951
vn -0.047228 0.081802 0.032832
vn -0.047228 0.081802 0.032832
vn -0.026556 0.045996 0.084730
vn -0.033780 0.058508 0.073728
vn -0.041774 0.072355 0.054951
vn -0.047228 0.081802 0.032832
vn -0.048175 0.083442 0.026768
vn -0.049810 0.086273 0.008716
vn -0.033878 0.058679 0.073547
vn -0.039948 0.069191 0.060140
vn -0.041774 0.072355 0.054951
vn -0.044835 0.077657 0.044262
vn -0.047228 0.081802 0.032832
vn -0.047228 0.081802 0.032832
vn -0.023730 0.041102 0.088020
vn -0.012237 0.021195 0.096959
vn -0.012237 0.021195 0.096959
vn -0.012237 0.021195 0.096959
vn -0.012237 0.021195 0.096959
vn -0.012237 0.021195 0.096959
vn -0.023730 0.041102 0.088020
vn -0.023730 0.041102 0.088020
vn -0.033780 0.058508 0.073728
vn -0.012237 0.021195 0.096959
vn -0.023730 0.041102 0.088020
vn -0.033780 0.058508 0.073728
vn -0.041774 0.072355 0.054951
vn -0.023730 0.041102 0.088020
vn -0.033780 0.058508 0.073728
vn -0.033780 0.058508 0.073728
vn -0.041774 0.072355 0.054951
vn -0.047230 0.081801 0.032832
vn -0.049810 0.086273 0.008716
vn -0.050449 0.081772 0.027715
vn -0.049809 0.086273 0.008713
vn -0.052851 0.080447 0.027112
vn -0.054656 0.079479 0.026378
vn -0.057528 0.068853 0.044156
vn -0.061018 0.067033 0.042231
vn -0.063018 0.051776 0.057862
vn -0.072484 0.047075 0.050299
vn -0.074080 0.027521 0.061276
vn -0.084218 0.022927 0.048802
vn -0.084241 0.005751 0.053576
vn -0.092865 0.002820 0.036989
vn -0.081649 -0.011332 0.056613
vn -0.089358 -0.022421 0.038890
vn -0.076737 -0.027563 0.057894
vn -0.080016 -0.046198 0.038252
vn -0.071076 -0.041028 0.057140
vn -0.049809 0.086273 0.008714
vn -0.056377 0.078581 0.025429
vn -0.067396 0.063865 0.037135
vn -0.080378 0.043497 0.040587
vn -0.090307 0.027877 0.032672
vn -0.049811 0.086272 0.008717
vn -0.059523 0.077019 0.022915
vn -0.072715 0.061455 0.030592
vn -0.081852 0.051113 0.026222
vn -0.049813 0.086271 0.008718
vn -0.062146 0.075830 0.019688
vn -0.068053 0.071012 0.018060
vn -0.049810 0.086273 0.008716
vn -0.066086 -0.038152 0.064630
vn -0.063504 -0.021568 0.074176
vn -0.069053 -0.005625 0.072111
vn -0.053945 0.001879 0.084181
vn -0.058821 0.017873 0.078871
vn -0.051237 0.021829 0.083056
vn -0.055268 0.037030 0.074660
vn -0.048296 0.040770 0.077494
vn -0.052409 0.057390 0.062926
vn -0.045182 0.061378 0.064741
vn -0.049001 0.073502 0.046865
vn -0.041776 0.072354 0.054951
vn -0.061281 -0.035383 0.070659
vn -0.047041 -0.027163 0.083960
vn -0.047633 -0.013685 0.086855
vn -0.033124 -0.019124 0.092396
vn -0.038949 -0.009156 0.091647
vn -0.029848 -0.004275 0.095346
vn -0.037017 0.010836 0.092262
vn -0.025483 0.017201 0.095156
vn -0.032705 0.031932 0.088942
vn -0.012238 0.021195 0.096959
vn -0.023731 0.041101 0.088020
vn -0.024857 -0.014352 0.095792
vn -0.017731 0.002413 0.098386
vn -0.006689 -0.003862 0.099701
vn -0.000000 -0.000000 0.100000
vn -0.039013 0.045893 0.079824
vn -0.033781 0.058507 0.073728
vn -0.053871 0.070815 0.045642
vn -0.043289 0.026092 0.086286
vn -0.057838 0.054478 0.060720
vn -0.061921 0.033560 0.070990
vn -0.072683 0.010988 0.067797
vn -0.045680 0.006190 0.088741
vn -0.000000 -0.000000 0.100000
vn -0.006656 -0.003843 0.099704
vn -0.000000 -0.000000 0.100000
vn -0.020221 -0.011675 0.097236
vn -0.020221 -0.011675 0.097236
vn -0.039324 -0.022704 0.089096
vn -0.039324 -0.022704 0.089096
vn -0.056252 -0.032477 0.076032
vn -0.056252 -0.032477 0.076032
vn -0.070071 -0.040455 0.058766
vn -0.070071 -0.040456 0.058766
vn -0.080016 -0.046197 0.038252
vn -0.070071 -0.040455 0.058766
vn -0.070071 -0.040455 0.058766
vn -0.056252 -0.032477 0.076032
vn -0.056252 -0.032477 0.076032
vn -0.039324 -0.022704 0.089097
vn -0.039324 -0.022703 0.089097
vn -0.020221 -0.011675 0.097236
vn -0.020221 -0.011674 0.097236
vn -0.020221 -0.011674 0.097236
vn -0.020221 -0.011674 0.097236
vn -0.039323 -0.022703 0.089097
vn -0.039323 -0.022703 0.089097
vn -0.056252 -0.032477 0.076033
vn -0.056252 -0.032477 0.076033
vn -0.070071 -0.040455 0.058766
vn -0.070070 -0.040455 0.058767
vn -0.070070 -0.040455 0.058767
vn -0.071056 -0.041024 0.057168
vn -0.070070 -0.040455 0.058767
vn -0.066072 -0.038147 0.064648
vn -0.061290 -0.035386 0.070649
vn -0.056251 -0.032477 0.076033
vn -0.047042 -0.027160 0.083960
vn -0.039322 -0.022703 0.089097
vn -0.033114 -0.019118 0.092401
vn -0.020220 -0.011674 0.097236
vn -0.024874 -0.014361 0.095786
vn -0.020220 -0.011674 0.097236
vn -0.020220 -0.011674 0.097236
vn -0.039323 -0.022703 0.089097
vn -0.039323 -0.022703 0.089097
vn -0.056251 -0.032477 0.076033
vn -0.056251 -0.032477 0.076033
vn -0.080016 -0.046197 0.038252
vn -0.020220 -0.011674 0.097236
vn -0.020220 -0.011674 0.097236
vn -0.039323 -0.022703 0.089097
vn -0.039323 -0.022703 0.089097
vn -0.056252 -0.032477 0.076033
vn -0.070071 -0.040455 0.058766
vn -0.056252 -0.032477 0.076033
vn -0.070071 -0.040455 0.058766
vn -0.070071 -0.040455 0.058766
vn 0.049810 -0.086273 0.008716
vn 0.049810 -0.086273 0.008716
vn 0.049810 -0.086273 0.008716
vn 0.049810 -0.086273 0.008716
vn 0.049810 -0.086273 0.008716
vn 0.049810 -0.086273 0.008716
vn 0.049810 -0.086273 0.008716
vn 0.049810 -0.086273 0.008716
vn 0.049810 -0.086273 0.008716
vn 0.049810 -0.086273 0.008716
vn 0.049810 -0.086273 0.008716
vn 0.049810 -0.086273 0.008716
vn 0.049810 -0.086273 0.008716
vn 0.049810 -0.086273 0.008716
vn 0.048175 -0.083442 0.026768
vn 0.047228 -0.081802 0.032832
vn 0.049810 -0.086273 0.008716
vn 0.047228 -0.081802 0.032832
vn 0.047228 -0.081802 0.032832
vn 0.041774 -0.072355 0.054951
vn 0.041774 -0.072355 0.054951
vn 0.033779 -0.058508 0.073728
vn 0.033779 -0.058508 0.073728
vn 0.023730 -0.041102 0.088020
vn 0.023730 -0.041101 0.088020
vn 0.012237 -0.021195 0.096959
vn 0.012237 -0.021195 0.096959
vn 0.009093 -0.015749 0.098333
vn 0.012237 -0.021195 0.096959
vn 0.000000 -0.000000 0.100000
vn 0.012237 -0.021195 0.096959
vn 0.012237 -0.021195 0.096959
vn 0.023730 -0.041101 0.088020
vn 0.023730 -0.041101 0.088020
vn 0.033779 -0.058508 0.073728
vn 0.033779 -0.058508 0.073728
vn 0.041774 -0.072355 0.054951
vn 0.041774 -0.072355 0.054951
vn 0.047228 -0.081802 0.032832
vn 0.047228 -0.081802 0.032832
vn 0.049810 -0.086273 0.008716
vn 0.047228 -0.081802 0.032832
vn 0.047228 -0.081802 0.032832
vn 0.041774 -0.072355 0.054951
vn 0.041774 -0.072355 0.054951
vn 0.033779 -0.058508 0.073728
vn 0.033779 -0.058508 0.073728
vn 0.023730 -0.041101 0.088020
vn 0.023730 -0.041101 0.088020
vn 0.012237 -0.021195 0.096959
vn 0.012237 -0.021195 0.096959
vn 0.012237 -0.021195 0.096959
vn 0.044835 -0.077657 0.044262
vn 0.041774 -0.072355 0.054951
vn 0.039947 -0.069191 0.060140
vn 0.033779 -0.058508 0.073728
vn 0.033878 -0.058678 0.073547
vn 0.026556 -0.045996 0.084730
vn 0.023730 -0.041102 0.088020
vn 0.018135 -0.031411 0.093191
vn 0.012237 -0.021195 0.096959
vn 0.000000 -0.000000 0.100000
vn 0.023730 -0.041101 0.088020
vn 0.033779 -0.058508 0.073728
vn 0.041774 -0.072355 0.054951
vn 0.047228 -0.081802 0.032832
vn 0.047228 -0.081802 0.032832
vn 0.047228 -0.081802 0.032832
vn 0.047228 -0.081802 0.032832
vn 0.047228 -0.081802 0.032832
vn 0.047228 -0.081802 0.032832
vn 0.041774 -0.072355 0.054951
vn 0.041774 -0.072355 0.054951
vn 0.033779 -0.058508 0.073728
vn 0.033779 -0.058508 0.073728
vn 0.023730 -0.041101 0.088020
vn 0.041774 -0.072355 0.054951
vn 0.041774 -0.072355 0.054951
vn 0.041774 -0.072355 0.054951
vn 0.033779 -0.058508 0.073728
vn 0.023730 -0.041101 0.088020
vn 0.012237 -0.021195 0.096959
vn 0.033779 -0.058508 0.073728
vn 0.033779 -0.058508 0.073728
vn 0.023730 -0.041101 0.088020
vn 0.012237 -0.021195 0.096959
vn 0.023730 -0.041101 0.088020
vn 0.023730 -0.041101 0.088020
vn 0.012237 -0.021195 0.096959
vn 0.012237 -0.021195 0.096959
vn 0.027472 -0.094442 0.018058
vn 0.049810 -0.086273 0.008715
vn 0.034295 -0.091985 0.019045
vn 0.049805 -0.086275 0.008720
vn 0.035820 -0.090857 0.021494
vn 0.049811 -0.086272 0.008714
vn 0.037468 -0.089712 0.023408
vn 0.039209 -0.088555 0.024915
vn 0.026219 -0.087267 0.041194
vn 0.029982 -0.084851 0.043605
vn 0.016961 -0.078249 0.059912
vn 0.023077 -0.074440 0.062659
vn 0.010632 -0.062700 0.077173
vn 0.019489 -0.057344 0.079573
vn 0.010417 -0.044954 0.088716
vn 0.023730 -0.041101 0.088020
vn 0.012237 -0.021195 0.096959
vn 0.049812 -0.086272 0.008712
vn 0.041065 -0.087363 0.026104
vn 0.034102 -0.082286 0.045455
vn 0.029971 -0.070271 0.064527
vn 0.033779 -0.058508 0.073728
vn 0.043097 -0.086098 0.027016
vn 0.049809 -0.086273 0.008719
vn 0.045387 -0.084713 0.027637
vn 0.049810 -0.086273 0.008716
vn 0.047228 -0.081802 0.032832
vn 0.038746 -0.079477 0.046713
vn 0.041774 -0.072355 0.054951
vn 0.000000 0.000000 0.100000
vn -0.007845 -0.017247 0.098189
vn 0.001162 -0.031357 0.094949
vn 0.000312 -0.051065 0.085978
vn 0.002775 -0.067593 0.073644
vn 0.011374 -0.081836 0.056334
vn 0.022689 -0.089614 0.038139
vn -0.020222 -0.011674 0.097236
vn -0.019423 -0.024248 0.095051
vn -0.009856 -0.038020 0.091964
vn -0.019630 -0.044106 0.087574
vn -0.008652 -0.056647 0.081953
vn -0.016842 -0.061905 0.076708
vn -0.004403 -0.072202 0.069047
vn -0.011134 -0.076677 0.063220
vn 0.006134 -0.085319 0.051798
vn 0.001174 -0.088765 0.046037
vn 0.019348 -0.091935 0.034258
vn 0.016256 -0.094222 0.029291
vn -0.039326 -0.022703 0.089096
vn -0.029694 -0.030644 0.090439
vn -0.028559 -0.049840 0.081856
vn -0.024521 -0.067011 0.070059
vn -0.017507 -0.081104 0.055818
vn -0.003416 -0.092160 0.038664
vn 0.003339 -0.096444 0.026220
vn -0.039078 -0.036669 0.084429
vn -0.056255 -0.032478 0.076030
vn -0.047877 -0.042519 0.076811
vn -0.056208 -0.048306 0.067136
vn -0.044861 -0.060914 0.065399
vn -0.052196 -0.066340 0.053615
vn -0.038520 -0.077037 0.050808
vn -0.043990 -0.081834 0.036987
vn -0.023404 -0.085465 0.046346
vn -0.021012 -0.092147 0.032671
vn -0.070071 -0.040454 0.058767
vn -0.063916 -0.054007 0.054754
vn -0.064096 -0.066176 0.038889
vn -0.080016 -0.046198 0.038251
vn -0.031792 -0.072062 0.061615
vn -0.036933 -0.055407 0.074606
vn -0.080016 -0.046197 0.038252
vn -0.080016 -0.046197 0.038252
vn -0.064096 -0.066176 0.038890
vn -0.064096 -0.066176 0.038890
vn -0.043990 -0.081834 0.036988
vn -0.043990 -0.081834 0.036988
vn -0.021012 -0.092147 0.032671
vn -0.021012 -0.092147 0.032671
vn 0.003339 -0.096444 0.026220
vn 0.003339 -0.096444 0.026220
vn 0.027471 -0.094442 0.018057
vn 0.027472 -0.094442 0.018057
vn 0.049810 -0.086273 0.008716
vn 0.049810 -0.086273 0.008715
vn 0.000000 -0.000000 0.100000
vn 0.000000 -0.000000 0.100000
vn 0.000000 -0.000000 0.100000
vn 0.000000 -0.000000 0.100000
vn -0.022414 -0.012941 0.096593
vn -0.019845 -0.011457 0.097339
vn -0.038633 -0.022305 0.089498
vn -0.043301 -0.025000 0.086603
vn -0.055366 -0.031965 0.076895
vn -0.061237 -0.035355 0.070711
vn -0.069152 -0.039925 0.060200
vn -0.075000 -0.043301 0.050000
vn -0.079258 -0.045760 0.040301
vn -0.083652 -0.048296 0.025882
vn -0.085147 -0.049160 0.018257
vn -0.085669 -0.049461 0.014647
vn -0.086603 -0.050000 -0.000000
vn -0.086063 -0.049688 0.011148
vn -0.086327 -0.049841 0.007975
vn -0.086481 -0.049930 0.005291
vn -0.086562 -0.049977 0.003058
vn -0.086595 -0.049995 0.001362
vn -0.086602 -0.050000 0.000339
vn -0.086603 -0.050000 0.000000
vn -0.083652 -0.048296 0.025882
vn -0.075000 -0.043301 0.050000
vn -0.061237 -0.035355 0.070711
vn -0.043301 -0.025000 0.086603
vn -0.022414 -0.012941 0.096593
vn -0.070711 -0.070711 -0.000000
vn -0.070872 -0.070440 0.003929
vn -0.072358 -0.065151 0.022795
vn -0.072884 -0.055599 0.039958
vn -0.052175 -0.053789 0.066215
vn -0.050539 -0.035214 0.078777
vn -0.026653 -0.041939 0.086780
vn -0.023853 -0.019816 0.095070
vn -0.000956 -0.045813 0.088883
vn 0.001808 -0.023979 0.097066
vn 0.012941 -0.022414 0.096593
vn -0.050000 -0.086603 -0.000000
vn -0.050405 -0.085956 0.008415
vn -0.052106 -0.079905 0.030003
vn -0.052708 -0.068975 0.049643
vn -0.028948 -0.077662 0.055952
vn -0.028385 -0.061594 0.073488
vn -0.003221 -0.081069 0.058459
vn -0.002665 -0.065211 0.075765
vn 0.022725 -0.078966 0.056991
vn 0.023236 -0.064396 0.072892
vn 0.035355 -0.061237 0.070711
vn 0.024806 -0.046573 0.084945
vn 0.025000 -0.043301 0.086603
vn -0.026512 -0.095630 0.012330
vn -0.025882 -0.096593 -0.000000
vn -0.000817 -0.098803 0.015406
vn -0.000000 -0.100000 -0.000000
vn 0.024934 -0.095259 0.017435
vn 0.025882 -0.096593 0.000000
vn 0.050000 -0.086603 0.000000
vn 0.048296 -0.083652 0.025882
vn 0.023302 -0.089453 0.038148
vn -0.002593 -0.092483 0.037950
vn 0.043301 -0.075000 0.050000
vn -0.028312 -0.089227 0.035172
vn -0.086603 -0.050000 0.000000
vn -0.070711 -0.070711 0.000000
vn -0.050000 -0.086603 0.000000
vn -0.025882 -0.096593 0.000000
vn -0.000000 -0.100000 0.000000
vn 0.025882 -0.096593 0.000000
vn 0.050000 -0.086603 0.000000
vn 0.048296 -0.083652 -0.025882
vn 0.024934 -0.095259 -0.017435
vn -0.000817 -0.098803 -0.015406
vn -0.026512 -0.095630 -0.012330
vn -0.050405 -0.085956 -0.008415
vn -0.070872 -0.070440 -0.003929
vn -0.072358 -0.065151 -0.022795
vn -0.083652 -0.048296 -0.025882
vn -0.072884 -0.055599 -0.039958
vn -0.075000 -0.043301 -0.050000
vn -0.052175 -0.053789 -0.066215
vn -0.061237 -0.035355 -0.070711
vn -0.050539 -0.035214 -0.078777
vn -0.043301 -0.025000 -0.086603
vn -0.026653 -0.041939 -0.086780
vn -0.023853 -0.019816 -0.095070
vn 0.001808 -0.023979 -0.097066
vn -0.022414 -0.012941 -0.096593
vn 0.012941 -0.022414 -0.096593
vn -0.000956 -0.045813 -0.088883
vn -0.028385 -0.061594 -0.073488
vn -0.052708 -0.068975 -0.049643
vn 0.025000 -0.043301 -0.086603
vn 0.024806 -0.046573 -0.084945
vn -0.002665 -0.065211 -0.075765
vn 0.023236 -0.064396 -0.072892
vn -0.003221 -0.081069 -0.058459
vn 0.022725 -0.078966 -0.056991
vn -0.002593 -0.092483 -0.037950
vn 0.023302 -0.089453 -0.038148
vn 0.035355 -0.061237 -0.070711
vn 0.043301 -0.075000 -0.050000
vn -0.052106 -0.079905 -0.030003
vn -0.028312 -0.089227 -0.035172
vn -0.028948 -0.077662 -0.055952
vn -0.086603 -0.050000 0.000000
vn -0.086603 -0.050000 0.000000
vn -0.086603 -0.050000 0.000000
vn -0.085669 -0.049461 0.014647
vn -0.085147 -0.049160 0.018257
vn -0.083652 -0.048296 0.025882
vn -0.079258 -0.045760 0.040300
vn -0.075000 -0.043301 0.050000
vn -0.069152 -0.039925 0.060200
vn -0.061237 -0.035355 0.070711
vn -0.055366 -0.031965 0.076895
vn -0.043301 -0.025000 0.086603
vn -0.038633 -0.022305 0.089498
vn -0.022414 -0.012941 0.096593
vn -0.019845 -0.011457 0.097339
vn -0.022414 -0.012941 0.096593
vn -0.043301 -0.025000 0.086603
vn -0.061237 -0.035355 0.070711
vn -0.075000 -0.043301 0.050000
vn -0.083652 -0.048296 0.025882
vn -0.086063 -0.049688 0.011148
vn -0.086327 -0.049841 0.007975
vn -0.086481 -0.049930 0.005291
vn -0.086562 -0.049977 0.003058
vn -0.086595 -0.049995 0.001362
vn -0.086602 -0.050000 0.000339
vn 0.012941 -0.022414 0.096593
vn 0.025000 -0.043301 0.086603
vn 0.035355 -0.061237 0.070711
vn 0.043301 -0.075000 0.050000
vn 0.048296 -0.083652 0.025882
vn 0.050000 -0.086603 0.000000
vn -0.096593 -0.025882 0.000000
vn -0.096593 -0.025882 0.000000
vn -0.100000 -0.000000 0.000000
vn -0.100000 -0.000000 0.000000
vn -0.096593 0.025882 0.000000
vn -0.096593 0.025882 0.000000
vn -0.086603 0.050000 0.000000
vn -0.086603 0.050000 0.000000
vn -0.070711 0.070711 0.000000
vn -0.070711 0.070711 0.000000
vn -0.050000 0.086603 0.000000
vn -0.050000 0.086603 0.000000
vn -0.083652 -0.048296 -0.025882
vn -0.093332 -0.032438 -0.015391
vn -0.097031 -0.010002 -0.022023
vn -0.095775 0.013402 -0.025449
vn -0.089644 0.036281 -0.025449
vn -0.079030 0.057177 -0.022023
vn -0.064609 0.074758 -0.015391
vn -0.048296 0.083652 -0.025882
vn -0.053196 0.075232 -0.038864
vn -0.043301 0.075000 -0.050000
vn -0.068503 0.056570 -0.045904
vn -0.053308 0.052107 -0.066657
vn -0.079770 0.034389 -0.049540
vn -0.064459 0.030153 -0.070255
vn -0.086277 0.010103 -0.049540
vn -0.070900 0.006116 -0.070255
vn -0.087610 -0.014739 -0.045904
vn -0.072219 -0.018472 -0.066657
vn -0.075000 -0.043301 -0.050000
vn -0.061237 -0.035355 -0.070711
vn -0.051907 -0.020947 -0.082867
vn -0.043301 -0.025000 -0.086603
vn -0.050691 0.001712 -0.086183
vn -0.027027 -0.002809 -0.096237
vn -0.022002 0.015946 -0.096237
vn -0.012941 0.022414 -0.096593
vn -0.025000 0.043301 -0.086603
vn -0.044756 0.023863 -0.086183
vn -0.034479 0.044094 -0.082867
vn -0.035355 0.061237 -0.070711
vn -0.022414 -0.012941 -0.096593
vn -0.083685 -0.038555 -0.038864
vn -0.093332 -0.032438 0.015391
vn -0.083685 -0.038555 0.038864
vn -0.087610 -0.014739 0.045904
vn -0.072219 -0.018472 0.066657
vn -0.086277 0.010103 0.049540
vn -0.070900 0.006116 0.070255
vn -0.079770 0.034389 0.049540
vn -0.064459 0.030153 0.070255
vn -0.068503 0.056570 0.045904
vn -0.053308 0.052107 0.066657
vn -0.043301 0.075000 0.050000
vn -0.035355 0.061237 0.070711
vn -0.034479 0.044094 0.082867
vn -0.025000 0.043301 0.086603
vn -0.044756 0.023863 0.086183
vn -0.022002 0.015946 0.096237
vn -0.027027 -0.002809 0.096237
vn -0.050691 0.001712 0.086183
vn -0.051907 -0.020947 0.082867
vn -0.012941 0.022414 0.096593
vn -0.053196 0.075232 0.038864
vn -0.048296 0.083652 0.025882
vn -0.064609 0.074758 0.015391
vn -0.079030 0.057177 0.022023
vn -0.089644 0.036281 0.025449
vn -0.095775 0.013402 0.025449
vn -0.097031 -0.010002 0.022023
vn -0.012941 0.022414 -0.096593
vn -0.025000 0.043301 -0.086603
vn -0.035355 0.061237 -0.070711
vn -0.043301 0.075000 -0.050000
vn -0.048296 0.083652 -0.025882
vn -0.050000 0.086603 -0.000000
vn -0.048296 0.083652 -0.025882
vn -0.043301 0.075000 -0.050000
vn -0.035355 0.061237 -0.070711
vn -0.025000 0.043301 -0.086603
vn -0.012941 0.022414 -0.096593
vn -0.012941 0.022414 -0.096593
vn -0.025000 0.043301 -0.086603
vn -0.035355 0.061237 -0.070711
vn -0.043301 0.075000 -0.050000
vn -0.048296 0.083652 -0.025882
vn -0.050000 0.086603 0.000000
vn -0.048296 0.083652 0.025882
vn -0.048296 0.083652 0.025882
vn -0.048296 0.083652 0.025882
vn -0.043301 0.075000 0.050000
vn -0.043301 0.075000 0.050000
vn -0.035355 0.061237 0.070711
vn -0.035355 0.061237 0.070711
vn -0.025000 0.043301 0.086603
vn -0.025000 0.043301 0.086603
vn -0.012941 0.022414 0.096593
vn -0.012941 0.022414 0.096593
vn -0.012941 0.022414 0.096593
vn -0.025000 0.043301 0.086603
vn -0.035355 0.061237 0.070711
vn -0.043301 0.075000 0.050000
vn 0.050000 -0.086603 -0.000000
vn 0.048296 -0.083652 -0.025882
vn 0.043301 -0.075000 -0.050000
vn 0.035355 -0.061237 -0.070711
vn 0.025000 -0.043301 -0.086603
vn 0.012941 -0.022414 -0.096593
vn -0.022414 -0.012941 -0.096593
vn -0.022414 -0.012941 -0.096593
vn -0.022414 -0.012941 -0.096593
vn -0.043301 -0.025000 -0.086603
vn -0.043301 -0.025000 -0.086603
vn -0.061237 -0.035355 -0.070711
vn -0.075000 -0.043301 -0.050000
vn -0.083652 -0.048296 -0.025882
vn -0.083652 -0.048296 -0.025882
vn -0.083652 -0.048296 -0.025882
vn -0.075000 -0.043301 -0.050000
vn -0.075000 -0.043301 -0.050000
vn -0.061237 -0.035355 -0.070711
vn -0.043301 -0.025000 -0.086603
vn -0.083652 -0.048296 -0.025882
vn -0.022414 -0.012941 -0.096593
vn -0.043301 -0.025000 -0.086603
vn -0.061237 -0.035355 -0.070711
vn -0.061237 -0.035355 -0.070711
vn -0.075000 -0.043301 -0.050000
usemtl Steel_-_Satin
f 2/1/1 15/2/2 1/3/3
f 1/3/3 15/2/2 16/4/4
f 1/3/3 16/4/4 17/5/5
f 17/5/5 16/4/4 22/6/6
f 17/5/5 22/6/6 23/7/7
f 23/7/7 22/6/6 28/8/8
f 23/7/7 28/8/8 29/9/9
f 29/9/9 28/8/8 34/10/10
f 29/9/9 34/10/10 10/11/11
f 10/11/11 34/10/10 9/12/12
f 9/12/12 34/10/10 39/13/13
f 9/12/12 39/13/13 8/14/14
f 8/14/14 39/13/13 38/15/15
f 8/14/14 38/15/15 37/16/16
f 37/16/16 38/15/15 32/17/17
f 37/16/16 32/17/17 31/18/18
f 31/18/18 32/17/17 26/19/19
f 31/18/18 26/19/19 25/20/20
f 25/20/20 26/19/19 20/21/21
f 25/20/20 20/21/21 3/22/22
f 3/22/22 20/21/21 2/1/1
f 2/1/1 20/21/21 15/2/2
f 3/22/22 4/23/23 25/20/20
f 25/20/20 4/23/23 30/24/24
f 25/20/20 30/24/24 31/18/18
f 31/18/18 30/24/24 36/25/25
f 31/18/18 36/25/25 37/16/16
f 37/16/16 36/25/25 7/26/26
f 37/16/16 7/26/26 8/14/14
f 4/23/23 5/27/27 30/24/24
f 30/24/24 5/27/27 35/28/28
f 30/24/24 35/28/28 36/25/25
f 36/25/25 35/28/28 7/26/26
f 5/27/27 6/29/29 35/28/28
f 35/28/28 6/29/29 7/26/26
f 10/11/11 11/30/30 29/9/9
f 29/9/9 11/30/30 24/31/31
f 29/9/9 24/31/31 23/7/7
f 23/7/7 24/31/31 18/32/32
f 23/7/7 18/32/32 17/5/5
f 17/5/5 18/32/32 14/33/33
f 17/5/5 14/33/33 1/3/3
f 11/30/30 12/34/34 24/31/31
f 24/31/31 12/34/34 19/35/35
f 24/31/31 19/35/35 18/32/32
f 18/32/32 19/35/35 14/33/33
f 12/34/34 13/36/36 19/35/35
f 19/35/35 13/36/36 14/33/33
f 16/4/4 15/2/2 21/37/37
f 21/37/37 15/2/2 20/21/21
f 21/37/37 20/21/21 26/19/19
f 16/4/4 21/37/37 22/6/6
f 22/6/6 21/37/37 27/38/38
f 22/6/6 27/38/38 28/8/8
f 28/8/8 27/38/38 33/39/39
f 28/8/8 33/39/39 34/10/10
f 34/10/10 33/39/39 39/13/13
f 27/38/38 21/37/37 26/19/19
f 33/39/39 27/38/38 32/17/17
f 32/17/17 27/38/38 26/19/19
f 39/13/13 33/39/39 38/15/15
f 38/15/15 33/39/39 32/17/17
f 52/40/40 40/41/41 53/42/42
f 53/42/42 40/41/41 41/43/43
f 53/42/42 41/43/43 54/44/44
f 54/44/44 41/43/43 42/45/45
f 54/44/44 42/45/45 55/46/46
f 55/46/46 42/45/45 43/47/47
f 55/46/46 43/47/47 56/48/48
f 56/48/48 43/47/47 44/49/49
f 56/48/48 44/49/49 57/50/50
f 57/50/50 44/49/49 45/51/51
f 57/50/50 45/51/51 1/52/3
f 1/52/3 46/53/52 57/50/50
f 57/50/50 46/53/52 47/54/53
f 57/50/50 47/54/53 56/48/48
f 56/48/48 47/54/53 48/55/54
f 56/48/48 48/55/54 55/46/46
f 55/46/46 48/55/54 49/56/55
f 55/46/46 49/56/55 50/57/56
f 55/46/46 50/57/56 54/44/44
f 54/44/44 50/57/56 51/58/57
f 54/44/44 51/58/57 53/42/42
f 53/42/42 51/58/57 52/40/40
f 2/59/1 1/60/3 68/61/58
f 68/61/58 1/60/3 45/62/51
f 68/61/58 45/62/51 69/63/59
f 69/63/59 45/62/51 44/64/49
f 69/63/59 44/64/49 70/65/60
f 70/65/60 44/64/49 73/66/61
f 70/65/60 73/66/61 74/67/62
f 74/67/62 73/66/61 43/68/47
f 74/67/62 43/68/47 42/69/45
f 44/64/49 43/68/47 73/66/61
f 41/70/43 77/71/63 42/69/45
f 42/69/45 77/71/63 75/72/64
f 42/69/45 75/72/64 74/67/62
f 74/67/62 75/72/64 71/73/65
f 74/67/62 71/73/65 70/65/60
f 70/65/60 71/73/65 67/74/66
f 70/65/60 67/74/66 68/61/58
f 68/61/58 67/74/66 3/75/22
f 68/61/58 3/75/22 2/59/1
f 77/71/63 41/70/43 78/76/67
f 78/76/67 41/70/43 40/77/41
f 78/76/67 40/77/41 58/78/68
f 78/76/67 58/78/68 76/79/69
f 76/79/69 58/78/68 59/80/70
f 76/79/69 59/80/70 60/81/71
f 76/79/69 60/81/71 63/82/72
f 63/82/72 60/81/71 61/83/73
f 63/82/72 61/83/73 64/84/74
f 64/84/74 61/83/73 62/85/75
f 64/84/74 62/85/75 79/86/76
f 79/86/76 62/85/75 7/87/26
f 79/86/76 7/87/26 6/88/29
f 79/86/76 6/88/29 80/89/77
f 80/89/77 6/88/29 5/90/27
f 80/89/77 5/90/27 81/91/78
f 81/91/78 5/90/27 4/92/23
f 81/91/78 4/92/23 3/75/22
f 64/84/74 65/93/79 63/82/72
f 63/82/72 65/93/79 72/94/80
f 63/82/72 72/94/80 76/79/69
f 76/79/69 72/94/80 75/72/64
f 76/79/69 75/72/64 78/76/67
f 78/76/67 75/72/64 77/71/63
f 65/93/79 66/95/81 72/94/80
f 72/94/80 66/95/81 71/73/65
f 72/94/80 71/73/65 75/72/64
f 79/86/76 80/89/77 64/84/74
f 64/84/74 80/89/77 65/93/79
f 71/73/65 66/95/81 67/74/66
f 67/74/66 66/95/81 81/91/78
f 67/74/66 81/91/78 3/75/22
f 80/89/77 81/91/78 65/93/79
f 65/93/79 81/91/78 66/95/81
f 69/63/59 70/65/60 68/61/58
f 8/96/14 7/97/26 83/98/82
f 83/98/82 7/97/26 82/99/83
f 62/100/75 90/101/84 7/102/26
f 7/102/26 90/101/84 91/103/85
f 7/102/26 91/103/85 92/104/86
f 92/104/86 91/103/85 109/105/87
f 92/104/86 109/105/87 110/106/88
f 110/106/88 109/105/87 127/107/89
f 110/106/88 127/107/89 128/108/90
f 128/108/90 127/107/89 145/109/91
f 128/108/90 145/109/91 146/110/92
f 146/110/92 145/109/91 163/111/93
f 146/110/92 163/111/93 164/112/94
f 164/112/94 163/111/93 40/113/41
f 164/112/94 40/113/41 165/114/95
f 165/114/95 40/113/41 166/115/96
f 165/114/95 166/115/96 148/116/97
f 148/116/97 166/115/96 149/117/98
f 148/116/97 149/117/98 131/118/99
f 131/118/99 149/117/98 132/119/100
f 131/118/99 132/119/100 114/120/101
f 114/120/101 132/119/100 115/121/102
f 114/120/101 115/121/102 97/122/103
f 97/122/103 115/121/102 98/123/104
f 97/122/103 98/123/104 7/102/26
f 7/102/26 98/123/104 82/124/83
f 82/124/83 98/123/104 99/125/105
f 82/124/83 99/125/105 100/126/106
f 100/126/106 99/125/105 117/127/107
f 100/126/106 117/127/107 118/128/108
f 118/128/108 117/127/107 135/129/109
f 118/128/108 135/129/109 136/130/110
f 136/130/110 135/129/109 153/131/111
f 136/130/110 153/131/111 154/132/112
f 154/132/112 153/131/111 171/133/113
f 154/132/112 171/133/113 172/134/114
f 172/134/114 171/133/113 84/135/115
f 172/134/114 84/135/115 173/136/116
f 173/136/116 84/135/115 174/137/117
f 173/136/116 174/137/117 156/138/118
f 156/138/118 174/137/117 157/139/119
f 156/138/118 157/139/119 139/140/120
f 139/140/120 157/139/119 140/141/121
f 139/140/120 140/141/121 122/142/122
f 122/142/122 140/141/121 123/143/123
f 122/142/122 123/143/123 105/144/124
f 105/144/124 123/143/123 106/145/125
f 105/144/124 106/145/125 82/124/83
f 82/124/83 106/145/125 89/146/126
f 89/146/126 106/145/125 88/147/127
f 88/147/127 106/145/125 123/143/123
f 88/147/127 123/143/123 87/148/128
f 87/148/128 123/143/123 140/141/121
f 87/148/128 140/141/121 86/149/129
f 86/149/129 140/141/121 157/139/119
f 86/149/129 157/139/119 85/150/130
f 85/150/130 157/139/119 174/137/117
f 85/150/130 174/137/117 84/135/115
f 90/101/84 62/100/75 107/151/131
f 107/151/131 62/100/75 61/152/73
f 107/151/131 61/152/73 124/153/132
f 124/153/132 61/152/73 60/154/71
f 124/153/132 60/154/71 141/155/133
f 141/155/133 60/154/71 59/156/70
f 141/155/133 59/156/70 158/157/134
f 158/157/134 59/156/70 58/158/68
f 158/157/134 58/158/68 40/113/41
f 40/113/41 84/135/115 166/115/96
f 166/115/96 84/135/115 167/159/135
f 166/115/96 167/159/135 149/117/98
f 149/117/98 167/159/135 150/160/136
f 149/117/98 150/160/136 132/119/100
f 132/119/100 150/160/136 133/161/137
f 132/119/100 133/161/137 115/121/102
f 115/121/102 133/161/137 116/162/138
f 115/121/102 116/162/138 98/123/104
f 98/123/104 116/162/138 99/125/105
f 91/103/85 90/101/84 108/163/139
f 108/163/139 90/101/84 107/151/131
f 108/163/139 107/151/131 125/164/140
f 125/164/140 107/151/131 124/153/132
f 125/164/140 124/153/132 142/165/141
f 142/165/141 124/153/132 141/155/133
f 142/165/141 141/155/133 159/166/142
f 159/166/142 141/155/133 158/157/134
f 159/166/142 158/157/134 40/113/41
f 92/104/86 93/167/143 7/102/26
f 7/102/26 93/167/143 94/168/144
f 7/102/26 94/168/144 95/169/145
f 95/169/145 94/168/144 112/170/146
f 95/169/145 112/170/146 113/171/147
f 113/171/147 112/170/146 130/172/148
f 113/171/147 130/172/148 131/118/99
f 131/118/99 130/172/148 148/116/97
f 92/104/86 110/106/88 93/167/143
f 93/167/143 110/106/88 111/173/149
f 93/167/143 111/173/149 94/168/144
f 94/168/144 111/173/149 112/170/146
f 97/122/103 7/102/26 96/174/150
f 96/174/150 7/102/26 95/169/145
f 96/174/150 95/169/145 113/171/147
f 114/120/101 97/122/103 96/174/150
f 114/120/101 96/174/150 113/171/147
f 117/127/107 99/125/105 116/162/138
f 100/126/106 101/175/151 82/124/83
f 82/124/83 101/175/151 102/176/152
f 82/124/83 102/176/152 103/177/153
f 103/177/153 102/176/152 120/178/154
f 103/177/153 120/178/154 121/179/155
f 121/179/155 120/178/154 138/180/156
f 121/179/155 138/180/156 139/140/120
f 139/140/120 138/180/156 156/138/118
f 100/126/106 118/128/108 101/175/151
f 101/175/151 118/128/108 119/181/157
f 101/175/151 119/181/157 102/176/152
f 102/176/152 119/181/157 120/178/154
f 105/144/124 82/124/83 104/182/158
f 104/182/158 82/124/83 103/177/153
f 104/182/158 103/177/153 121/179/155
f 122/142/122 105/144/124 104/182/158
f 122/142/122 104/182/158 121/179/155
f 91/103/85 108/163/139 109/105/87
f 109/105/87 108/163/139 126/183/159
f 109/105/87 126/183/159 127/107/89
f 127/107/89 126/183/159 144/184/160
f 127/107/89 144/184/160 145/109/91
f 145/109/91 144/184/160 162/185/161
f 145/109/91 162/185/161 163/111/93
f 163/111/93 162/185/161 40/113/41
f 126/183/159 108/163/139 125/164/140
f 110/106/88 128/108/90 111/173/149
f 111/173/149 128/108/90 129/186/162
f 111/173/149 129/186/162 112/170/146
f 112/170/146 129/186/162 130/172/148
f 131/118/99 114/120/101 113/171/147
f 117/127/107 116/162/138 134/187/163
f 134/187/163 116/162/138 133/161/137
f 134/187/163 133/161/137 151/188/164
f 151/188/164 133/161/137 150/160/136
f 151/188/164 150/160/136 168/189/165
f 168/189/165 150/160/136 167/159/135
f 168/189/165 167/159/135 84/135/115
f 118/128/108 136/130/110 119/181/157
f 119/181/157 136/130/110 137/190/166
f 119/181/157 137/190/166 120/178/154
f 120/178/154 137/190/166 138/180/156
f 139/140/120 122/142/122 121/179/155
f 126/183/159 125/164/140 143/191/167
f 143/191/167 125/164/140 142/165/141
f 143/191/167 142/165/141 160/192/168
f 160/192/168 142/165/141 159/166/142
f 160/192/168 159/166/142 40/113/41
f 128/108/90 146/110/92 129/186/162
f 129/186/162 146/110/92 147/193/169
f 129/186/162 147/193/169 130/172/148
f 130/172/148 147/193/169 148/116/97
f 117/127/107 134/187/163 135/129/109
f 135/129/109 134/187/163 152/194/170
f 135/129/109 152/194/170 153/131/111
f 153/131/111 152/194/170 170/195/171
f 153/131/111 170/195/171 171/133/113
f 171/133/113 170/195/171 84/135/115
f 152/194/170 134/187/163 151/188/164
f 136/130/110 154/132/112 137/190/166
f 137/190/166 154/132/112 155/196/172
f 137/190/166 155/196/172 138/180/156
f 138/180/156 155/196/172 156/138/118
f 126/183/159 143/191/167 144/184/160
f 144/184/160 143/191/167 161/197/173
f 144/184/160 161/197/173 162/185/161
f 162/185/161 161/197/173 40/113/41
f 161/197/173 143/191/167 160/192/168
f 165/114/95 148/116/97 147/193/169
f 165/114/95 147/193/169 164/112/94
f 164/112/94 147/193/169 146/110/92
f 152/194/170 151/188/164 169/198/174
f 169/198/174 151/188/164 168/189/165
f 169/198/174 168/189/165 84/135/115
f 173/136/116 156/138/118 155/196/172
f 173/136/116 155/196/172 172/134/114
f 172/134/114 155/196/172 154/132/112
f 40/113/41 161/197/173 160/192/168
f 84/135/115 170/195/171 169/198/174
f 169/198/174 170/195/171 152/194/170
f 52/199/40 175/200/175 40/201/41
f 40/201/41 175/200/175 84/202/115
f 177/203/176 181/204/177 176/205/178
f 176/205/178 181/204/177 182/206/179
f 176/205/178 182/206/179 285/207/180
f 285/207/180 182/206/179 278/208/181
f 285/207/180 278/208/181 284/209/182
f 284/209/182 278/208/181 283/210/183
f 283/210/183 278/208/181 236/211/184
f 283/210/183 236/211/184 237/212/185
f 178/213/186 175/214/187 177/203/176
f 177/203/176 175/214/187 52/215/188
f 177/203/176 52/215/188 198/216/189
f 198/216/189 52/215/188 197/217/190
f 197/217/190 52/215/188 196/218/191
f 196/218/191 52/215/188 195/219/192
f 195/219/192 52/215/188 51/220/193
f 195/219/192 51/220/193 50/221/194
f 179/222/195 227/223/196 178/213/186
f 178/213/186 227/223/196 204/224/197
f 178/213/186 204/224/197 205/225/198
f 176/205/178 288/226/199 179/222/195
f 179/222/195 288/226/199 289/227/200
f 179/222/195 289/227/200 290/228/201
f 203/229/202 180/230/203 177/203/176
f 177/203/176 180/230/203 181/204/177
f 182/206/179 183/231/204 278/208/181
f 278/208/181 183/231/204 184/232/205
f 278/208/181 184/232/205 185/233/206
f 278/208/181 185/233/206 277/234/207
f 277/234/207 185/233/206 186/235/208
f 277/234/207 186/235/208 187/236/209
f 187/236/209 188/237/210 277/234/207
f 277/234/207 188/237/210 189/238/211
f 277/234/207 189/238/211 190/239/212
f 277/234/207 190/239/212 46/240/213
f 46/240/213 190/239/212 191/241/214
f 46/240/213 191/241/214 192/242/215
f 46/240/213 192/242/215 47/243/216
f 47/243/216 192/242/215 193/244/217
f 47/243/216 193/244/217 48/245/218
f 48/245/218 193/244/217 194/246/219
f 48/245/218 194/246/219 49/247/220
f 49/247/220 194/246/219 195/219/192
f 49/247/220 195/219/192 50/221/194
f 198/216/189 199/248/221 177/203/176
f 177/203/176 199/248/221 200/249/222
f 177/203/176 200/249/222 201/250/223
f 201/250/223 202/251/224 177/203/176
f 177/203/176 202/251/224 203/229/202
f 205/225/198 206/252/225 178/213/186
f 178/213/186 206/252/225 207/253/226
f 178/213/186 207/253/226 208/254/227
f 208/254/227 209/255/228 178/213/186
f 178/213/186 209/255/228 210/256/229
f 178/213/186 210/256/229 175/214/187
f 175/214/187 210/256/229 211/257/230
f 175/214/187 211/257/230 212/258/231
f 212/258/231 213/259/232 175/214/187
f 175/214/187 213/259/232 305/260/233
f 305/260/233 213/259/232 304/261/234
f 304/261/234 213/259/232 303/262/235
f 303/262/235 213/259/232 214/263/236
f 303/262/235 214/263/236 302/264/237
f 302/264/237 214/263/236 215/265/238
f 302/264/237 215/265/238 301/266/239
f 301/266/239 215/265/238 216/267/240
f 301/266/239 216/267/240 300/268/241
f 300/268/241 216/267/240 217/269/242
f 300/268/241 217/269/242 218/270/243
f 300/268/241 218/270/243 298/271/244
f 298/271/244 218/270/243 219/272/245
f 298/271/244 219/272/245 220/273/246
f 220/273/246 221/274/247 298/271/244
f 298/271/244 221/274/247 222/275/248
f 298/271/244 222/275/248 223/276/249
f 298/271/244 223/276/249 297/277/250
f 297/277/250 223/276/249 224/278/251
f 297/277/250 224/278/251 225/279/252
f 225/279/252 226/280/253 297/277/250
f 297/277/250 226/280/253 266/281/254
f 297/277/250 266/281/254 267/282/255
f 226/280/253 227/223/196 266/281/254
f 266/281/254 227/223/196 179/222/195
f 266/281/254 179/222/195 265/283/256
f 265/283/256 179/222/195 264/284/257
f 264/284/257 179/222/195 263/285/258
f 263/285/258 179/222/195 262/286/259
f 262/286/259 179/222/195 261/287/260
f 261/287/260 179/222/195 294/288/261
f 261/287/260 294/288/261 260/289/262
f 260/289/262 294/288/261 259/290/263
f 259/290/263 294/288/261 258/291/264
f 258/291/264 294/288/261 257/292/265
f 257/292/265 294/288/261 256/293/266
f 256/293/266 294/288/261 295/294/267
f 256/293/266 295/294/267 255/295/268
f 255/295/268 295/294/267 254/296/269
f 254/296/269 295/294/267 253/297/270
f 253/297/270 295/294/267 252/298/271
f 252/298/271 295/294/267 275/299/272
f 275/299/272 295/294/267 274/300/273
f 274/300/273 295/294/267 273/301/274
f 273/301/274 295/294/267 272/302/275
f 272/302/275 295/294/267 297/277/250
f 272/302/275 297/277/250 271/303/276
f 271/303/276 297/277/250 270/304/277
f 270/304/277 297/277/250 269/305/278
f 269/305/278 297/277/250 268/306/279
f 268/306/279 297/277/250 267/282/255
f 251/307/280 228/308/281 279/309/282
f 279/309/282 228/308/281 229/310/283
f 279/309/282 229/310/283 230/311/284
f 230/311/284 231/312/285 279/309/282
f 279/309/282 231/312/285 232/313/286
f 279/309/282 232/313/286 278/208/181
f 278/208/181 232/313/286 233/314/287
f 278/208/181 233/314/287 234/315/288
f 234/315/288 235/316/289 278/208/181
f 278/208/181 235/316/289 236/211/184
f 283/210/183 237/212/185 282/317/290
f 282/317/290 237/212/185 238/318/291
f 282/317/290 238/318/291 281/319/292
f 281/319/292 238/318/291 239/320/293
f 281/319/292 239/320/293 240/321/294
f 240/321/294 241/322/295 281/319/292
f 281/319/292 241/322/295 242/323/296
f 281/319/292 242/323/296 243/324/297
f 243/324/297 244/325/298 281/319/292
f 281/319/292 244/325/298 245/326/299
f 281/319/292 245/326/299 280/327/300
f 280/327/300 245/326/299 246/328/301
f 280/327/300 246/328/301 247/329/302
f 247/329/302 248/330/303 280/327/300
f 280/327/300 248/330/303 279/309/282
f 279/309/282 248/330/303 249/331/304
f 279/309/282 249/331/304 250/332/305
f 250/332/305 251/307/280 279/309/282
f 46/240/213 276/333/306 277/234/207
f 285/207/180 286/334/307 176/205/178
f 176/205/178 286/334/307 287/335/308
f 176/205/178 287/335/308 288/226/199
f 290/228/201 291/336/309 179/222/195
f 179/222/195 291/336/309 292/337/310
f 179/222/195 292/337/310 293/338/311
f 293/338/311 294/288/261 179/222/195
f 295/294/267 296/339/312 297/277/250
f 298/271/244 299/340/313 300/268/241
f 14/341/33 306/342/314 1/343/3
f 1/343/3 306/342/314 307/344/315
f 1/343/3 307/344/315 46/345/52
f 46/345/52 307/344/315 308/346/316
f 46/345/52 308/346/316 276/347/317
f 276/347/317 308/346/316 309/348/318
f 276/347/317 309/348/318 310/349/319
f 310/349/319 311/350/320 276/347/317
f 300/351/321 312/352/322 318/353/323
f 318/353/323 312/352/322 313/354/324
f 318/353/323 313/354/324 319/355/325
f 319/355/325 313/354/324 314/356/326
f 319/355/325 314/356/326 320/357/327
f 320/357/327 314/356/326 315/358/328
f 320/357/327 315/358/328 321/359/329
f 321/359/329 315/358/328 316/360/330
f 321/359/329 316/360/330 322/361/331
f 322/361/331 316/360/330 317/362/332
f 322/361/331 317/362/332 84/363/115
f 84/363/115 175/364/175 322/361/331
f 322/361/331 175/364/175 305/365/333
f 322/361/331 305/365/333 321/359/329
f 321/359/329 305/365/333 304/366/334
f 321/359/329 304/366/334 320/357/327
f 320/357/327 304/366/334 303/367/335
f 320/357/327 303/367/335 302/368/336
f 320/357/327 302/368/336 319/355/325
f 319/355/325 302/368/336 301/369/337
f 319/355/325 301/369/337 318/353/323
f 318/353/323 301/369/337 300/351/321
f 323/370/338 334/371/339 82/372/83
f 82/372/83 334/371/339 335/373/340
f 82/372/83 335/373/340 336/374/341
f 336/374/341 335/373/340 341/375/342
f 336/374/341 341/375/342 342/376/343
f 342/376/343 341/375/342 347/377/344
f 342/376/343 347/377/344 348/378/345
f 348/378/345 347/377/344 353/379/346
f 348/378/345 353/379/346 330/380/347
f 330/380/347 353/379/346 329/381/348
f 329/381/348 353/379/346 358/382/349
f 329/381/348 358/382/349 328/383/350
f 328/383/350 358/382/349 357/384/351
f 328/383/350 357/384/351 356/385/352
f 356/385/352 357/384/351 351/386/353
f 356/385/352 351/386/353 350/387/354
f 350/387/354 351/386/353 345/388/355
f 350/387/354 345/388/355 344/389/356
f 344/389/356 345/388/355 339/390/357
f 344/389/356 339/390/357 324/391/358
f 324/391/358 339/390/357 323/370/338
f 323/370/338 339/390/357 334/371/339
f 324/391/358 325/392/359 344/389/356
f 344/389/356 325/392/359 349/393/360
f 344/389/356 349/393/360 350/387/354
f 350/387/354 349/393/360 355/394/361
f 350/387/354 355/394/361 356/385/352
f 356/385/352 355/394/361 312/395/322
f 356/385/352 312/395/322 328/383/350
f 325/392/359 326/396/362 349/393/360
f 349/393/360 326/396/362 354/397/363
f 349/393/360 354/397/363 355/394/361
f 355/394/361 354/397/363 312/395/322
f 326/396/362 327/398/364 354/397/363
f 354/397/363 327/398/364 312/395/322
f 330/380/347 331/399/365 348/378/345
f 348/378/345 331/399/365 343/400/366
f 348/378/345 343/400/366 342/376/343
f 342/376/343 343/400/366 337/401/367
f 342/376/343 337/401/367 336/374/341
f 336/374/341 337/401/367 83/402/82
f 336/374/341 83/402/82 82/372/83
f 331/399/365 332/403/368 343/400/366
f 343/400/366 332/403/368 338/404/369
f 343/400/366 338/404/369 337/401/367
f 337/401/367 338/404/369 83/402/82
f 332/403/368 333/405/370 338/404/369
f 338/404/369 333/405/370 83/402/82
f 335/373/340 334/371/339 340/406/371
f 340/406/371 334/371/339 339/390/357
f 340/406/371 339/390/357 345/388/355
f 335/373/340 340/406/371 341/375/342
f 341/375/342 340/406/371 346/407/372
f 341/375/342 346/407/372 347/377/344
f 347/377/344 346/407/372 352/408/373
f 347/377/344 352/408/373 353/379/346
f 353/379/346 352/408/373 358/382/349
f 346/407/372 340/406/371 345/388/355
f 352/408/373 346/407/372 351/386/353
f 351/386/353 346/407/372 345/388/355
f 358/382/349 352/408/373 357/384/351
f 357/384/351 352/408/373 351/386/353
f 313/409/324 312/410/322 364/411/374
f 364/411/374 312/410/322 327/412/364
f 364/411/374 327/412/364 326/413/362
f 364/411/374 326/413/362 365/414/375
f 365/414/375 326/413/362 325/415/359
f 365/414/375 325/415/359 366/416/376
f 366/416/376 325/415/359 369/417/377
f 366/416/376 369/417/377 370/418/378
f 370/418/378 369/417/377 324/419/358
f 370/418/378 324/419/358 323/420/338
f 325/415/359 324/419/358 369/417/377
f 370/418/378 323/420/338 371/421/379
f 371/421/379 323/420/338 82/422/83
f 371/421/379 82/422/83 89/423/126
f 371/421/379 89/423/126 368/424/380
f 368/424/380 89/423/126 88/425/127
f 368/424/380 88/425/127 359/426/381
f 359/426/381 88/425/127 87/427/128
f 359/426/381 87/427/128 372/428/382
f 372/428/382 87/427/128 86/429/129
f 372/428/382 86/429/129 85/430/130
f 372/428/382 85/430/130 376/431/383
f 376/431/383 85/430/130 84/432/115
f 376/431/383 84/432/115 317/433/332
f 376/431/383 317/433/332 377/434/384
f 377/434/384 317/433/332 316/435/330
f 377/434/384 316/435/330 373/436/385
f 373/436/385 316/435/330 374/437/386
f 373/436/385 374/437/386 360/438/387
f 360/438/387 374/437/386 361/439/388
f 360/438/387 361/439/388 367/440/389
f 367/440/389 361/439/388 366/416/376
f 367/440/389 366/416/376 370/418/378
f 316/435/330 315/441/328 374/437/386
f 374/437/386 315/441/328 375/442/390
f 374/437/386 375/442/390 361/439/388
f 361/439/388 375/442/390 362/443/391
f 361/439/388 362/443/391 366/416/376
f 366/416/376 362/443/391 365/414/375
f 315/441/328 314/444/326 375/442/390
f 375/442/390 314/444/326 362/443/391
f 362/443/391 314/444/326 363/445/392
f 363/445/392 314/444/326 313/409/324
f 363/445/392 313/409/324 364/411/374
f 359/426/381 360/438/387 368/424/380
f 368/424/380 360/438/387 367/440/389
f 368/424/380 367/440/389 371/421/379
f 371/421/379 367/440/389 370/418/378
f 360/438/387 359/426/381 373/436/385
f 373/436/385 359/426/381 372/428/382
f 373/436/385 372/428/382 377/434/384
f 377/434/384 372/428/382 376/431/383
f 364/411/374 365/414/375 363/445/392
f 363/445/392 365/414/375 362/443/391
f 306/446/393 14/447/394 382/448/395
f 382/448/395 14/447/394 13/449/396
f 382/448/395 13/449/396 12/450/397
f 382/448/395 12/450/397 381/451/398
f 381/451/398 12/450/397 11/452/399
f 381/451/398 11/452/399 10/453/400
f 10/453/400 9/454/401 381/451/398
f 381/451/398 9/454/401 8/455/402
f 381/451/398 8/455/402 83/456/403
f 381/451/398 83/456/403 380/457/404
f 380/457/404 83/456/403 333/458/405
f 380/457/404 333/458/405 332/459/406
f 332/459/406 331/460/407 380/457/404
f 380/457/404 331/460/407 330/461/408
f 380/457/404 330/461/408 379/462/409
f 379/462/409 330/461/408 329/463/410
f 379/462/409 329/463/410 328/464/411
f 328/464/411 378/465/412 379/462/409
f 300/466/321 387/467/413 312/468/322
f 312/468/322 387/467/413 378/469/414
f 312/468/322 378/469/414 328/470/350
f 387/467/413 300/466/321 386/471/415
f 386/471/415 300/466/321 299/472/416
f 386/471/415 299/472/416 385/473/417
f 385/473/417 299/472/416 384/474/418
f 384/474/418 299/472/416 383/475/419
f 389/476/420 253/477/421 388/478/422
f 388/478/422 253/477/421 252/479/423
f 388/478/422 252/479/423 411/480/424
f 411/480/424 252/479/423 275/481/425
f 411/480/424 275/481/425 410/482/426
f 410/482/426 275/481/425 274/483/427
f 410/482/426 274/483/427 409/484/428
f 409/484/428 274/483/427 273/485/429
f 409/484/428 273/485/429 408/486/430
f 408/486/430 273/485/429 272/487/431
f 408/486/430 272/487/431 407/488/432
f 407/488/432 272/487/431 271/489/433
f 407/488/432 271/489/433 406/490/434
f 406/490/434 271/489/433 270/491/435
f 406/490/434 270/491/435 405/492/436
f 405/492/436 270/491/435 269/493/437
f 405/492/436 269/493/437 404/494/438
f 404/494/438 269/493/437 268/495/439
f 404/494/438 268/495/439 403/496/440
f 403/496/440 268/495/439 267/497/441
f 403/496/440 267/497/441 402/498/442
f 402/498/442 267/497/441 266/499/443
f 402/498/442 266/499/443 401/500/444
f 401/500/444 266/499/443 265/501/445
f 401/500/444 265/501/445 400/502/446
f 400/502/446 265/501/445 264/503/447
f 400/504/446 264/505/447 399/506/448
f 399/506/448 264/505/447 263/507/449
f 399/506/448 263/507/449 398/508/450
f 398/508/450 263/507/449 262/509/451
f 398/508/450 262/509/451 397/510/452
f 397/510/452 262/509/451 261/511/453
f 397/510/452 261/511/453 396/512/454
f 396/512/454 261/511/453 260/513/455
f 396/512/454 260/513/455 395/514/456
f 395/514/456 260/513/455 259/515/457
f 395/514/456 259/515/457 394/516/458
f 394/516/458 259/515/457 258/517/459
f 394/516/458 258/517/459 393/518/460
f 393/518/460 258/517/459 257/519/461
f 393/518/460 257/519/461 392/520/462
f 392/520/462 257/519/461 256/521/463
f 392/520/462 256/521/463 391/522/464
f 391/522/464 256/521/463 255/523/465
f 391/522/464 255/523/465 390/524/466
f 390/524/466 255/523/465 254/525/467
f 390/524/466 254/525/467 389/476/420
f 389/476/420 254/525/467 253/477/421
f 413/526/468 229/527/469 412/528/470
f 412/528/470 229/527/469 228/529/471
f 412/528/470 228/529/471 435/530/472
f 435/530/472 228/529/471 251/531/473
f 435/530/472 251/531/473 434/532/474
f 434/532/474 251/531/473 250/533/475
f 434/532/474 250/533/475 433/534/476
f 433/534/476 250/533/475 249/535/477
f 433/534/476 249/535/477 432/536/478
f 432/536/478 249/535/477 248/537/479
f 432/536/478 248/537/479 431/538/480
f 431/538/480 248/537/479 247/539/481
f 431/538/480 247/539/481 430/540/482
f 430/540/482 247/539/481 246/541/483
f 430/540/482 246/541/483 429/542/484
f 429/542/484 246/541/483 245/543/485
f 429/542/484 245/543/485 428/544/486
f 428/544/486 245/543/485 244/545/487
f 428/544/486 244/545/487 427/546/488
f 427/546/488 244/545/487 243/547/489
f 427/546/488 243/547/489 426/548/490
f 426/548/490 243/547/489 242/549/491
f 426/548/490 242/549/491 425/550/492
f 425/550/492 242/549/491 241/551/493
f 425/550/492 241/551/493 424/552/494
f 424/552/494 241/551/493 240/553/495
f 424/554/494 240/555/495 423/556/496
f 423/556/496 240/555/495 239/557/497
f 423/556/496 239/557/497 422/558/498
f 422/558/498 239/557/497 238/559/499
f 422/558/498 238/559/499 421/560/500
f 421/560/500 238/559/499 237/561/501
f 421/560/500 237/561/501 420/562/502
f 420/562/502 237/561/501 236/563/503
f 420/562/502 236/563/503 419/564/504
f 419/564/504 236/563/503 235/565/505
f 419/564/504 235/565/505 418/566/506
f 418/566/506 235/565/505 234/567/507
f 418/566/506 234/567/507 417/568/508
f 417/568/508 234/567/507 233/569/509
f 417/568/508 233/569/509 416/570/510
f 416/570/510 233/569/509 232/571/511
f 416/570/510 232/571/511 415/572/512
f 415/572/512 232/571/511 231/573/513
f 415/572/512 231/573/513 414/574/514
f 414/574/514 231/573/513 230/575/515
f 414/574/514 230/575/515 413/526/468
f 413/526/468 230/575/515 229/527/469
f 436/576/516 437/577/517 455/578/518
f 455/578/518 437/577/517 457/579/519
f 455/578/518 457/579/519 454/580/520
f 454/580/520 457/579/519 459/581/521
f 454/580/520 459/581/521 453/582/522
f 453/582/522 459/581/521 461/583/523
f 453/582/522 461/583/523 452/584/524
f 452/584/524 461/583/523 451/585/525
f 451/585/525 461/583/523 463/586/526
f 451/585/525 463/586/526 450/587/527
f 450/587/527 463/586/526 465/588/528
f 450/587/527 465/588/528 449/589/529
f 449/589/529 465/588/528 448/590/530
f 448/590/530 465/588/528 447/591/531
f 447/591/531 465/588/528 464/592/532
f 447/591/531 464/592/532 445/593/533
f 445/593/533 464/592/532 444/594/534
f 444/594/534 464/592/532 443/595/535
f 443/595/535 464/592/532 462/596/536
f 443/595/535 462/596/536 442/597/537
f 442/597/537 462/596/536 460/598/538
f 442/597/537 460/598/538 441/599/539
f 441/599/539 460/598/538 440/600/540
f 440/600/540 460/598/538 458/601/541
f 440/600/540 458/601/541 439/602/542
f 439/602/542 458/601/541 456/603/543
f 439/602/542 456/603/543 438/604/544
f 438/604/544 456/603/543 437/577/517
f 437/577/517 456/603/543 457/579/519
f 445/593/533 446/605/545 447/591/531
f 459/581/521 457/579/519 456/603/543
f 461/583/523 459/581/521 458/601/541
f 458/601/541 459/581/521 456/603/543
f 463/586/526 461/583/523 460/598/538
f 460/598/538 461/583/523 458/601/541
f 465/588/528 463/586/526 462/596/536
f 462/596/536 463/586/526 460/598/538
f 464/592/532 465/588/528 462/596/536
f 437/606/517 466/607/546 438/608/547
f 438/608/547 466/607/546 477/609/548
f 438/608/547 477/609/548 439/610/549
f 439/610/549 477/609/548 476/611/550
f 439/610/549 476/611/550 440/612/551
f 440/612/551 476/611/550 478/613/552
f 440/612/551 478/613/552 441/614/553
f 441/614/553 478/613/552 442/615/554
f 442/615/554 478/613/552 479/616/555
f 442/615/554 479/616/555 443/617/556
f 443/617/556 479/616/555 480/618/557
f 443/617/556 480/618/557 444/619/558
f 444/619/558 480/618/557 445/620/559
f 445/620/559 480/618/557 474/621/560
f 445/620/559 474/621/560 446/622/561
f 446/622/561 474/621/560 475/623/562
f 466/607/546 467/624/563 477/609/548
f 477/609/548 467/624/563 468/625/564
f 477/609/548 468/625/564 476/611/550
f 476/611/550 468/625/564 469/626/565
f 476/611/550 469/626/565 478/613/552
f 478/613/552 469/626/565 470/627/566
f 478/613/552 470/627/566 471/628/567
f 478/613/552 471/628/567 479/616/555
f 479/616/555 471/628/567 472/629/568
f 479/616/555 472/629/568 480/618/557
f 480/618/557 472/629/568 473/630/569
f 480/618/557 473/630/569 474/621/560
f 466/631/546 481/632/570 467/633/571
f 467/633/571 481/632/570 492/634/572
f 467/633/571 492/634/572 468/635/573
f 468/635/573 492/634/572 494/636/574
f 468/635/573 494/636/574 469/637/575
f 469/637/575 494/636/574 496/638/576
f 469/637/575 496/638/576 470/639/577
f 470/639/577 496/638/576 471/640/578
f 471/640/578 496/638/576 498/641/579
f 471/640/578 498/641/579 472/642/580
f 472/642/580 498/641/579 500/643/581
f 472/642/580 500/643/581 473/644/582
f 473/644/582 500/643/581 474/645/583
f 474/645/583 500/643/581 475/646/584
f 475/646/584 500/643/581 499/647/585
f 475/646/584 499/647/585 489/648/586
f 489/648/586 499/647/585 488/649/587
f 488/649/587 499/647/585 487/650/588
f 487/650/588 499/647/585 497/651/589
f 487/650/588 497/651/589 486/652/590
f 486/652/590 497/651/589 495/653/591
f 486/652/590 495/653/591 485/654/592
f 485/654/592 495/653/591 484/655/593
f 484/655/593 495/653/591 493/656/594
f 484/655/593 493/656/594 483/657/595
f 483/657/595 493/656/594 491/658/596
f 483/657/595 491/658/596 482/659/597
f 482/659/597 491/658/596 481/632/570
f 481/632/570 491/658/596 492/634/572
f 489/648/586 490/660/598 475/646/584
f 494/636/574 492/634/572 491/658/596
f 496/638/576 494/636/574 493/656/594
f 493/656/594 494/636/574 491/658/596
f 498/641/579 496/638/576 495/653/591
f 495/653/591 496/638/576 493/656/594
f 500/643/581 498/641/579 497/651/589
f 497/651/589 498/641/579 495/653/591
f 499/647/585 500/643/581 497/651/589
f 447/661/599 490/662/600 448/663/601
f 448/663/601 490/662/600 489/664/602
f 448/663/601 489/664/602 501/665/603
f 501/665/603 489/664/602 488/666/604
f 501/665/603 488/666/604 487/667/605
f 501/665/603 487/667/605 502/668/606
f 502/668/606 487/667/605 486/669/607
f 502/668/606 486/669/607 503/670/608
f 503/670/608 486/669/607 485/671/609
f 503/670/608 485/671/609 484/672/610
f 503/670/608 484/672/610 504/673/611
f 504/673/611 484/672/610 483/674/612
f 504/673/611 483/674/612 505/675/613
f 505/675/613 483/674/612 482/676/614
f 505/675/613 482/676/614 436/677/516
f 436/677/516 482/676/614 481/678/570
f 436/677/516 455/679/615 505/675/613
f 505/675/613 455/679/615 454/680/616
f 505/675/613 454/680/616 504/673/611
f 504/673/611 454/680/616 453/681/617
f 504/673/611 453/681/617 503/670/608
f 503/670/608 453/681/617 452/682/618
f 503/670/608 452/682/618 451/683/619
f 503/670/608 451/683/619 502/668/606
f 502/668/606 451/683/619 450/684/620
f 502/668/606 450/684/620 501/665/603
f 501/665/603 450/684/620 449/685/621
f 501/665/603 449/685/621 448/663/601
f 490/686/600 447/687/599 507/688/622
f 507/688/622 447/687/599 506/689/623
f 447/690/531 446/691/545 506/692/624
f 506/692/624 446/691/545 508/693/625
f 411/694/626 512/695/627 388/696/628
f 388/696/628 512/695/627 513/697/629
f 388/696/628 513/697/629 389/698/630
f 389/698/630 513/697/629 390/699/631
f 390/699/631 513/697/629 391/700/632
f 391/700/632 513/697/629 392/701/633
f 392/701/633 513/697/629 431/702/634
f 392/701/633 431/702/634 430/703/635
f 411/694/626 410/704/636 512/695/627
f 512/695/627 410/704/636 409/705/637
f 512/695/627 409/705/637 511/706/638
f 511/706/638 409/705/637 408/707/639
f 511/706/638 408/707/639 407/708/640
f 407/708/640 406/709/641 511/706/638
f 511/706/638 406/709/641 405/710/642
f 511/706/638 405/710/642 404/711/643
f 404/711/643 403/712/644 511/706/638
f 511/706/638 403/712/644 402/713/645
f 511/706/638 402/713/645 541/714/646
f 541/714/646 402/713/645 540/715/647
f 540/715/647 402/713/645 481/716/570
f 540/715/647 481/716/570 466/717/546
f 402/713/645 401/718/648 481/716/570
f 481/716/570 401/718/648 400/719/649
f 481/716/570 400/719/649 399/720/650
f 399/720/650 398/721/651 481/716/570
f 481/716/570 398/721/651 397/722/652
f 481/716/570 397/722/652 396/723/653
f 396/723/653 395/724/654 481/716/570
f 481/716/570 395/724/654 394/725/655
f 481/716/570 394/725/655 429/726/656
f 429/726/656 394/725/655 393/727/657
f 429/726/656 393/727/657 430/703/635
f 430/703/635 393/727/657 392/701/633
f 413/728/658 412/729/659 513/697/629
f 513/697/629 412/729/659 435/730/660
f 513/697/629 435/730/660 434/731/661
f 434/731/661 433/732/662 513/697/629
f 513/697/629 433/732/662 432/733/663
f 513/697/629 432/733/663 431/702/634
f 481/716/570 429/726/656 436/734/516
f 436/734/516 429/726/656 428/735/664
f 436/734/516 428/735/664 427/736/665
f 427/736/665 426/737/666 436/734/516
f 436/734/516 426/737/666 425/738/667
f 436/734/516 425/738/667 424/739/668
f 424/739/668 423/740/669 436/734/516
f 436/734/516 423/740/669 422/741/670
f 436/734/516 422/741/670 514/742/671
f 514/742/671 422/741/670 421/743/672
f 514/742/671 421/743/672 420/744/673
f 420/744/673 419/745/674 514/742/671
f 514/742/671 419/745/674 418/746/675
f 514/742/671 418/746/675 417/747/676
f 417/747/676 416/748/677 514/742/671
f 514/742/671 416/748/677 513/697/629
f 513/697/629 416/748/677 415/749/678
f 513/697/629 415/749/678 414/750/679
f 414/750/679 413/728/658 513/697/629
f 510/751/680 524/752/681 509/753/682
f 509/753/682 524/752/681 525/754/683
f 509/753/682 525/754/683 526/755/684
f 511/706/638 544/756/685 510/751/680
f 510/751/680 544/756/685 545/757/686
f 510/751/680 545/757/686 546/758/687
f 509/753/682 534/759/688 514/742/671
f 514/742/671 534/759/688 535/760/689
f 514/742/671 535/760/689 536/761/690
f 538/762/691 515/763/692 437/764/517
f 437/764/517 515/763/692 516/765/693
f 437/764/517 516/765/693 517/766/694
f 517/766/694 518/767/695 437/764/517
f 437/764/517 518/767/695 519/768/696
f 437/764/517 519/768/696 520/769/697
f 520/769/697 521/770/698 437/764/517
f 437/764/517 521/770/698 522/771/699
f 437/764/517 522/771/699 556/772/700
f 556/772/700 522/771/699 555/773/701
f 555/773/701 522/771/699 523/774/702
f 555/773/701 523/774/702 524/752/681
f 526/755/684 527/775/703 509/753/682
f 509/753/682 527/775/703 528/776/704
f 509/753/682 528/776/704 529/777/705
f 529/777/705 530/778/706 509/753/682
f 509/753/682 530/778/706 531/779/707
f 509/753/682 531/779/707 532/780/708
f 532/780/708 533/781/709 509/753/682
f 509/753/682 533/781/709 534/759/688
f 514/742/671 536/761/690 436/734/516
f 436/734/516 536/761/690 537/782/710
f 436/734/516 537/782/710 538/762/691
f 436/734/516 538/762/691 437/764/517
f 562/783/711 539/784/712 466/717/546
f 466/717/546 539/784/712 540/715/647
f 541/714/646 542/785/713 511/706/638
f 511/706/638 542/785/713 543/786/714
f 511/706/638 543/786/714 544/756/685
f 546/758/687 547/787/715 510/751/680
f 510/751/680 547/787/715 548/788/716
f 510/751/680 548/788/716 549/789/717
f 549/789/717 550/790/718 510/751/680
f 510/751/680 550/790/718 551/791/719
f 510/751/680 551/791/719 552/792/720
f 552/792/720 553/793/721 510/751/680
f 510/751/680 553/793/721 554/794/722
f 510/751/680 554/794/722 524/752/681
f 524/752/681 554/794/722 555/773/701
f 437/764/517 556/772/700 466/717/546
f 466/717/546 556/772/700 557/795/723
f 466/717/546 557/795/723 558/796/724
f 558/796/724 559/797/725 466/717/546
f 466/717/546 559/797/725 560/798/726
f 466/717/546 560/798/726 561/799/727
f 561/799/727 562/783/711 466/717/546
f 177/800/176 176/801/178 578/802/728
f 578/802/728 176/801/178 580/803/729
f 578/802/728 580/803/729 577/804/730
f 577/804/730 580/803/729 582/805/731
f 577/804/730 582/805/731 576/806/732
f 576/806/732 582/805/731 584/807/733
f 576/806/732 584/807/733 575/808/734
f 575/808/734 584/807/733 574/809/735
f 574/809/735 584/807/733 586/810/736
f 574/809/735 586/810/736 573/811/737
f 573/811/737 586/810/736 588/812/738
f 573/811/737 588/812/738 572/813/739
f 572/813/739 588/812/738 571/814/740
f 571/814/740 588/812/738 508/815/625
f 508/815/625 588/812/738 587/816/741
f 508/815/625 587/816/741 570/817/742
f 570/817/742 587/816/741 569/818/743
f 569/818/743 587/816/741 568/819/744
f 568/819/744 587/816/741 585/820/745
f 568/819/744 585/820/745 567/821/746
f 567/821/746 585/820/745 583/822/747
f 567/821/746 583/822/747 566/823/748
f 566/823/748 583/822/747 565/824/749
f 565/824/749 583/822/747 581/825/750
f 565/824/749 581/825/750 564/826/751
f 564/826/751 581/825/750 579/827/752
f 564/826/751 579/827/752 563/828/753
f 563/828/753 579/827/752 176/801/178
f 176/801/178 579/827/752 580/803/729
f 570/817/742 506/829/624 508/815/625
f 582/805/731 580/803/729 579/827/752
f 584/807/733 582/805/731 581/825/750
f 581/825/750 582/805/731 579/827/752
f 586/810/736 584/807/733 583/822/747
f 583/822/747 584/807/733 581/825/750
f 588/812/738 586/810/736 585/820/745
f 585/820/745 586/810/736 583/822/747
f 587/816/741 588/812/738 585/820/745
f 508/830/754 589/831/755 571/832/756
f 571/832/756 589/831/755 590/833/757
f 571/832/756 590/833/757 598/834/758
f 598/834/758 590/833/757 591/835/759
f 598/834/758 591/835/759 592/836/760
f 598/834/758 592/836/760 599/837/761
f 599/837/761 592/836/760 593/838/762
f 599/837/761 593/838/762 600/839/763
f 600/839/763 593/838/762 594/840/764
f 600/839/763 594/840/764 595/841/765
f 600/839/763 595/841/765 601/842/766
f 601/842/766 595/841/765 596/843/767
f 601/842/766 596/843/767 602/844/768
f 602/844/768 596/843/767 597/845/769
f 602/844/768 597/845/769 177/846/176
f 177/846/176 597/845/769 178/847/186
f 177/846/176 578/848/770 602/844/768
f 602/844/768 578/848/770 577/849/771
f 602/844/768 577/849/771 601/842/766
f 601/842/766 577/849/771 576/850/772
f 601/842/766 576/850/772 600/839/763
f 600/839/763 576/850/772 575/851/773
f 600/839/763 575/851/773 574/852/774
f 600/839/763 574/852/774 599/837/761
f 599/837/761 574/852/774 573/853/775
f 599/837/761 573/853/775 598/834/758
f 598/834/758 573/853/775 572/854/776
f 598/834/758 572/854/776 571/832/756
f 179/855/195 178/856/186 610/857/777
f 610/857/777 178/856/186 612/858/778
f 610/857/777 612/858/778 609/859/779
f 609/859/779 612/858/778 614/860/780
f 609/859/779 614/860/780 608/861/781
f 608/861/781 614/860/780 616/862/782
f 608/861/781 616/862/782 607/863/783
f 607/863/783 616/862/782 606/864/784
f 606/864/784 616/862/782 618/865/785
f 606/864/784 618/865/785 605/866/786
f 605/866/786 618/865/785 620/867/787
f 605/866/786 620/867/787 604/868/788
f 604/868/788 620/867/787 603/869/789
f 603/869/789 620/867/787 507/870/790
f 507/870/790 620/867/787 619/871/791
f 507/870/790 619/871/791 590/872/792
f 590/872/792 619/871/791 591/873/793
f 591/873/793 619/871/791 592/874/794
f 592/874/794 619/871/791 617/875/795
f 592/874/794 617/875/795 593/876/796
f 593/876/796 617/875/795 615/877/797
f 593/876/796 615/877/797 594/878/798
f 594/878/798 615/877/797 595/879/799
f 595/879/799 615/877/797 613/880/800
f 595/879/799 613/880/800 596/881/801
f 596/881/801 613/880/800 611/882/802
f 596/881/801 611/882/802 597/883/803
f 597/883/803 611/882/802 178/856/186
f 178/856/186 611/882/802 612/858/778
f 590/872/792 589/884/804 507/870/790
f 614/860/780 612/858/778 611/882/802
f 616/862/782 614/860/780 613/880/800
f 613/880/800 614/860/780 611/882/802
f 618/865/785 616/862/782 615/877/797
f 615/877/797 616/862/782 613/880/800
f 620/867/787 618/865/785 617/875/795
f 617/875/795 618/865/785 615/877/797
f 619/871/791 620/867/787 617/875/795
f 176/885/178 179/886/195 563/887/805
f 563/887/805 179/886/195 622/888/806
f 563/887/805 622/888/806 564/889/807
f 564/889/807 622/888/806 621/890/808
f 564/889/807 621/890/808 565/891/809
f 565/891/809 621/890/808 623/892/810
f 565/891/809 623/892/810 566/893/811
f 566/893/811 623/892/810 567/894/812
f 567/894/812 623/892/810 624/895/813
f 567/894/812 624/895/813 568/896/814
f 568/896/814 624/895/813 625/897/815
f 568/896/814 625/897/815 569/898/816
f 569/898/816 625/897/815 570/899/817
f 570/899/817 625/897/815 603/900/818
f 570/899/817 603/900/818 506/901/623
f 506/901/623 603/900/818 507/902/622
f 179/886/195 610/903/819 622/888/806
f 622/888/806 610/903/819 609/904/820
f 622/888/806 609/904/820 621/890/808
f 621/890/808 609/904/820 608/905/821
f 621/890/808 608/905/821 623/892/810
f 623/892/810 608/905/821 607/906/822
f 623/892/810 607/906/822 606/907/823
f 623/892/810 606/907/823 624/895/813
f 624/895/813 606/907/823 605/908/824
f 624/895/813 605/908/824 625/897/815
f 625/897/815 605/908/824 604/909/825
f 625/897/815 604/909/825 603/900/818
f 446/910/561 475/911/562 508/912/754
f 508/912/754 475/911/562 589/913/755
f 475/914/584 490/915/598 589/916/804
f 589/916/804 490/915/598 507/917/790
f 277/918/207 276/919/306 630/920/826
f 630/920/826 276/919/306 311/921/827
f 630/920/826 311/921/827 629/922/828
f 629/922/828 311/921/827 310/923/829
f 629/922/828 310/923/829 628/924/830
f 628/924/830 310/923/829 309/925/831
f 628/924/830 309/925/831 627/926/832
f 627/926/832 309/925/831 308/927/833
f 627/926/832 308/927/833 626/928/834
f 626/928/834 308/927/833 307/929/835
f 626/928/834 307/929/835 382/930/395
f 382/930/395 307/929/835 306/931/393
f 562/932/836 205/933/837 539/934/838
f 539/934/838 205/933/837 204/935/839
f 539/934/838 204/935/839 540/936/840
f 540/936/840 204/935/839 227/937/841
f 540/936/840 227/937/841 541/938/842
f 541/938/842 227/937/841 226/939/843
f 541/938/842 226/939/843 542/940/844
f 542/940/844 226/939/843 225/941/845
f 542/940/844 225/941/845 543/942/846
f 543/942/846 225/941/845 224/943/847
f 543/942/846 224/943/847 544/944/848
f 544/944/848 224/943/847 223/945/849
f 544/944/848 223/945/849 545/946/850
f 545/946/850 223/945/849 222/947/851
f 545/946/850 222/947/851 546/948/852
f 546/948/852 222/947/851 221/949/853
f 546/948/852 221/949/853 547/950/854
f 547/950/854 221/949/853 220/951/855
f 547/950/854 220/951/855 548/952/856
f 548/952/856 220/951/855 219/953/857
f 548/952/856 219/953/857 549/954/858
f 549/954/858 219/953/857 218/955/859
f 549/954/858 218/955/859 550/956/860
f 550/956/860 218/955/859 217/957/861
f 550/956/860 217/957/861 551/958/862
f 551/958/862 217/957/861 216/959/863
f 551/960/862 216/961/863 552/962/864
f 552/962/864 216/961/863 215/963/865
f 552/962/864 215/963/865 553/964/866
f 553/964/866 215/963/865 214/965/867
f 553/964/866 214/965/867 554/966/868
f 554/966/868 214/965/867 213/967/869
f 554/966/868 213/967/869 555/968/870
f 555/968/870 213/967/869 212/969/871
f 555/968/870 212/969/871 556/970/872
f 556/970/872 212/969/871 211/971/873
f 556/970/872 211/971/873 557/972/874
f 557/972/874 211/971/873 210/973/875
f 557/972/874 210/973/875 558/974/876
f 558/974/876 210/973/875 209/975/877
f 558/974/876 209/975/877 559/976/878
f 559/976/878 209/975/877 208/977/879
f 559/976/878 208/977/879 560/978/880
f 560/978/880 208/977/879 207/979/881
f 560/978/880 207/979/881 561/980/882
f 561/980/882 207/979/881 206/981/883
f 561/980/882 206/981/883 562/932/836
f 562/932/836 206/981/883 205/933/837
f 538/982/884 181/983/885 515/984/886
f 515/984/886 181/983/885 180/985/887
f 515/984/886 180/985/887 516/986/888
f 516/986/888 180/985/887 203/987/889
f 516/986/888 203/987/889 517/988/890
f 517/988/890 203/987/889 202/989/891
f 517/988/890 202/989/891 518/990/892
f 518/990/892 202/989/891 201/991/893
f 518/990/892 201/991/893 519/992/894
f 519/992/894 201/991/893 200/993/895
f 519/992/894 200/993/895 520/994/896
f 520/994/896 200/993/895 199/995/897
f 520/994/896 199/995/897 521/996/898
f 521/996/898 199/995/897 198/997/899
f 521/996/898 198/997/899 522/998/900
f 522/998/900 198/997/899 197/999/901
f 522/998/900 197/999/901 523/1000/902
f 523/1000/902 197/999/901 196/1001/903
f 523/1000/902 196/1001/903 524/1002/904
f 524/1002/904 196/1001/903 195/1003/905
f 524/1002/904 195/1003/905 525/1004/906
f 525/1004/906 195/1003/905 194/1005/907
f 525/1004/906 194/1005/907 526/1006/908
f 526/1006/908 194/1005/907 193/1007/909
f 526/1006/908 193/1007/909 527/1008/910
f 527/1008/910 193/1007/909 192/1009/911
f 527/1010/910 192/1011/911 528/1012/912
f 528/1012/912 192/1011/911 191/1013/913
f 528/1012/912 191/1013/913 529/1014/914
f 529/1014/914 191/1013/913 190/1015/915
f 529/1014/914 190/1015/915 530/1016/916
f 530/1016/916 190/1015/915 189/1017/917
f 530/1016/916 189/1017/917 531/1018/918
f 531/1018/918 189/1017/917 188/1019/919
f 531/1018/918 188/1019/919 532/1020/920
f 532/1020/920 188/1019/919 187/1021/921
f 532/1020/920 187/1021/921 533/1022/922
f 533/1022/922 187/1021/921 186/1023/923
f 533/1022/922 186/1023/923 534/1024/924
f 534/1024/924 186/1023/923 185/1025/925
f 534/1024/924 185/1025/925 535/1026/926
f 535/1026/926 185/1025/925 184/1027/927
f 535/1026/926 184/1027/927 536/1028/928
f 536/1028/928 184/1027/927 183/1029/929
f 536/1028/928 183/1029/929 537/1030/930
f 537/1030/930 183/1029/929 182/1031/931
f 537/1030/930 182/1031/931 538/982/884
f 538/982/884 182/1031/931 181/983/885
f 631/1032/932 641/1033/933 380/1034/404
f 380/1034/404 641/1033/933 642/1035/934
f 380/1034/404 642/1035/934 643/1036/935
f 643/1036/935 642/1035/934 647/1037/936
f 643/1036/935 647/1037/936 648/1038/937
f 648/1038/937 647/1037/936 652/1039/938
f 648/1038/937 652/1039/938 638/1040/939
f 638/1040/939 652/1039/938 637/1041/940
f 637/1041/940 652/1039/938 656/1042/941
f 637/1041/940 656/1042/941 636/1043/942
f 636/1043/942 656/1042/941 660/1044/943
f 636/1043/942 660/1044/943 509/1045/682
f 509/1045/682 660/1044/943 659/1046/944
f 509/1045/682 659/1046/944 658/1047/945
f 658/1047/945 659/1046/944 654/1048/946
f 658/1047/945 654/1048/946 653/1049/947
f 653/1049/947 654/1048/946 649/1050/948
f 653/1049/947 649/1050/948 633/1051/949
f 633/1051/949 649/1050/948 632/1052/950
f 632/1052/950 649/1050/948 645/1053/951
f 632/1052/950 645/1053/951 631/1032/932
f 631/1032/932 645/1053/951 641/1033/933
f 633/1051/949 634/1054/952 653/1049/947
f 653/1049/947 634/1054/952 657/1055/953
f 653/1049/947 657/1055/953 658/1047/945
f 658/1047/945 657/1055/953 510/1056/680
f 658/1047/945 510/1056/680 509/1045/682
f 634/1054/952 635/1057/954 657/1055/953
f 657/1055/953 635/1057/954 510/1056/680
f 638/1040/939 639/1058/955 648/1038/937
f 648/1038/937 639/1058/955 644/1059/956
f 648/1038/937 644/1059/956 643/1036/935
f 643/1036/935 644/1059/956 381/1060/398
f 643/1036/935 381/1060/398 380/1034/404
f 639/1058/955 640/1061/957 644/1059/956
f 644/1059/956 640/1061/957 381/1060/398
f 642/1035/934 641/1033/933 646/1062/958
f 646/1062/958 641/1033/933 645/1053/951
f 646/1062/958 645/1053/951 650/1063/959
f 650/1063/959 645/1053/951 649/1050/948
f 650/1063/959 649/1050/948 654/1048/946
f 642/1035/934 646/1062/958 647/1037/936
f 647/1037/936 646/1062/958 651/1064/960
f 647/1037/936 651/1064/960 652/1039/938
f 652/1039/938 651/1064/960 656/1042/941
f 651/1064/960 646/1062/958 650/1063/959
f 651/1064/960 650/1063/959 655/1065/961
f 655/1065/961 650/1063/959 654/1048/946
f 655/1065/961 654/1048/946 659/1046/944
f 660/1044/943 656/1042/941 655/1065/961
f 655/1065/961 656/1042/941 651/1064/960
f 660/1044/943 655/1065/961 659/1046/944
f 382/1066/395 381/1067/398 672/1068/962
f 672/1068/962 381/1067/398 661/1069/963
f 672/1068/962 661/1069/963 671/1070/964
f 671/1070/964 661/1069/963 662/1071/965
f 671/1070/964 662/1071/965 670/1072/966
f 670/1072/966 662/1071/965 663/1073/967
f 670/1072/966 663/1073/967 669/1074/968
f 669/1074/968 663/1073/967 664/1075/969
f 669/1074/968 664/1075/969 668/1076/970
f 668/1076/970 664/1075/969 665/1077/971
f 668/1076/970 665/1077/971 667/1078/972
f 667/1078/972 665/1077/971 666/1079/973
f 378/1080/412 387/1081/974 379/1082/409
f 379/1082/409 387/1081/974 677/1083/975
f 677/1083/975 387/1081/974 386/1084/976
f 677/1083/975 386/1084/976 676/1085/977
f 676/1085/977 386/1084/976 385/1086/978
f 676/1085/977 385/1086/978 675/1087/979
f 675/1087/979 385/1086/978 384/1088/980
f 675/1087/979 384/1088/980 674/1089/981
f 674/1089/981 384/1088/980 383/1090/982
f 674/1089/981 383/1090/982 673/1091/983
f 673/1091/983 383/1090/982 299/1092/313
f 673/1091/983 299/1092/313 298/1093/244
f 689/1094/984 678/1095/985 688/1096/986
f 688/1096/986 678/1095/985 679/1097/987
f 688/1096/986 679/1097/987 687/1098/988
f 687/1098/988 679/1097/987 680/1099/989
f 687/1098/988 680/1099/989 686/1100/990
f 686/1100/990 680/1099/989 681/1101/991
f 686/1100/990 681/1101/991 685/1102/992
f 685/1102/992 681/1101/991 682/1103/993
f 685/1102/992 682/1103/993 684/1104/994
f 684/1104/994 682/1103/993 683/1105/995
f 684/1104/994 683/1105/995 379/1106/409
f 379/1106/409 683/1105/995 380/1107/404
f 694/1108/996 689/1109/984 697/1110/997
f 697/1110/997 689/1109/984 688/1111/986
f 697/1110/997 688/1111/986 696/1112/998
f 696/1112/998 688/1111/986 687/1113/988
f 696/1112/998 687/1113/988 700/1114/999
f 700/1114/999 687/1113/988 699/1115/1000
f 700/1114/999 699/1115/1000 705/1116/1001
f 705/1116/1001 699/1115/1000 704/1117/1002
f 705/1116/1001 704/1117/1002 710/1118/1003
f 710/1118/1003 704/1117/1002 709/1119/1004
f 710/1118/1003 709/1119/1004 714/1120/1005
f 714/1120/1005 709/1119/1004 713/1121/1006
f 714/1120/1005 713/1121/1006 674/1122/981
f 674/1122/981 713/1121/1006 675/1123/979
f 675/1123/979 713/1121/1006 712/1124/1007
f 675/1123/979 712/1124/1007 676/1125/977
f 676/1125/977 712/1124/1007 708/1126/1008
f 676/1125/977 708/1126/1008 707/1127/1009
f 707/1127/1009 708/1126/1008 702/1128/1010
f 707/1127/1009 702/1128/1010 379/1129/409
f 379/1129/409 702/1128/1010 684/1130/994
f 684/1130/994 702/1128/1010 685/1131/992
f 685/1131/992 702/1128/1010 703/1132/1011
f 685/1131/992 703/1132/1011 698/1133/1012
f 698/1133/1012 703/1132/1011 704/1117/1002
f 698/1133/1012 704/1117/1002 699/1115/1000
f 687/1113/988 686/1134/990 699/1115/1000
f 699/1115/1000 686/1134/990 698/1133/1012
f 686/1134/990 685/1131/992 698/1133/1012
f 379/1129/409 677/1135/975 707/1127/1009
f 707/1127/1009 677/1135/975 676/1125/977
f 714/1120/1005 674/1122/981 716/1136/1013
f 716/1136/1013 674/1122/981 673/1137/983
f 716/1136/1013 673/1137/983 695/1138/1014
f 695/1138/1014 673/1137/983 298/1139/244
f 695/1138/1014 298/1139/244 690/1140/1015
f 695/1138/1014 690/1140/1015 715/1141/1016
f 715/1141/1016 690/1140/1015 691/1142/1017
f 715/1141/1016 691/1142/1017 711/1143/1018
f 711/1143/1018 691/1142/1017 692/1144/1019
f 711/1143/1018 692/1144/1019 706/1145/1020
f 706/1145/1020 692/1144/1019 693/1146/1021
f 706/1145/1020 693/1146/1021 701/1147/1022
f 701/1147/1022 693/1146/1021 694/1108/996
f 701/1147/1022 694/1108/996 697/1110/997
f 701/1147/1022 697/1110/997 696/1112/998
f 706/1145/1020 701/1147/1022 700/1114/999
f 700/1114/999 701/1147/1022 696/1112/998
f 706/1145/1020 700/1114/999 705/1116/1001
f 709/1119/1004 704/1117/1002 703/1132/1011
f 709/1119/1004 703/1132/1011 708/1126/1008
f 708/1126/1008 703/1132/1011 702/1128/1010
f 711/1143/1018 706/1145/1020 705/1116/1001
f 711/1143/1018 705/1116/1001 710/1118/1003
f 713/1121/1006 709/1119/1004 708/1126/1008
f 712/1124/1007 713/1121/1006 708/1126/1008
f 715/1141/1016 711/1143/1018 710/1118/1003
f 715/1141/1016 710/1118/1003 714/1120/1005
f 695/1138/1014 715/1141/1016 714/1120/1005
f 716/1136/1013 695/1138/1014 714/1120/1005
f 721/1148/1023 277/1149/207 724/1150/1024
f 724/1150/1024 277/1149/207 630/1151/826
f 724/1150/1024 630/1151/826 723/1152/1025
f 723/1152/1025 630/1151/826 629/1153/828
f 723/1152/1025 629/1153/828 727/1154/1026
f 727/1154/1026 629/1153/828 726/1155/1027
f 727/1154/1026 726/1155/1027 732/1156/1028
f 732/1156/1028 726/1155/1027 731/1157/1029
f 732/1156/1028 731/1157/1029 737/1158/1030
f 737/1158/1030 731/1157/1029 736/1159/1031
f 737/1158/1030 736/1159/1031 741/1160/1032
f 741/1160/1032 736/1159/1031 740/1161/1033
f 741/1160/1032 740/1161/1033 669/1162/968
f 669/1162/968 740/1161/1033 670/1163/966
f 670/1163/966 740/1161/1033 739/1164/1034
f 670/1163/966 739/1164/1034 671/1165/964
f 671/1165/964 739/1164/1034 735/1166/1035
f 671/1165/964 735/1166/1035 734/1167/1036
f 734/1167/1036 735/1166/1035 729/1168/1037
f 734/1167/1036 729/1168/1037 382/1169/395
f 382/1169/395 729/1168/1037 626/1170/834
f 626/1170/834 729/1168/1037 627/1171/832
f 627/1171/832 729/1168/1037 730/1172/1038
f 627/1171/832 730/1172/1038 725/1173/1039
f 725/1173/1039 730/1172/1038 731/1157/1029
f 725/1173/1039 731/1157/1029 726/1155/1027
f 629/1153/828 628/1174/830 726/1155/1027
f 726/1155/1027 628/1174/830 725/1173/1039
f 628/1174/830 627/1171/832 725/1173/1039
f 382/1169/395 672/1175/962 734/1167/1036
f 734/1167/1036 672/1175/962 671/1165/964
f 741/1160/1032 669/1162/968 743/1176/1040
f 743/1176/1040 669/1162/968 668/1177/970
f 743/1176/1040 668/1177/970 722/1178/1041
f 722/1178/1041 668/1177/970 667/1179/972
f 722/1178/1041 667/1179/972 717/1180/1042
f 722/1178/1041 717/1180/1042 742/1181/1043
f 742/1181/1043 717/1180/1042 718/1182/1044
f 742/1181/1043 718/1182/1044 738/1183/1045
f 738/1183/1045 718/1182/1044 719/1184/1046
f 738/1183/1045 719/1184/1046 733/1185/1047
f 733/1185/1047 719/1184/1046 720/1186/1048
f 733/1185/1047 720/1186/1048 728/1187/1049
f 728/1187/1049 720/1186/1048 721/1148/1023
f 728/1187/1049 721/1148/1023 724/1150/1024
f 728/1187/1049 724/1150/1024 723/1152/1025
f 733/1185/1047 728/1187/1049 727/1154/1026
f 727/1154/1026 728/1187/1049 723/1152/1025
f 733/1185/1047 727/1154/1026 732/1156/1028
f 736/1159/1031 731/1157/1029 730/1172/1038
f 736/1159/1031 730/1172/1038 735/1166/1035
f 735/1166/1035 730/1172/1038 729/1168/1037
f 738/1183/1045 733/1185/1047 732/1156/1028
f 738/1183/1045 732/1156/1028 737/1158/1030
f 740/1161/1033 736/1159/1031 735/1166/1035
f 739/1164/1034 740/1161/1033 735/1166/1035
f 742/1181/1043 738/1183/1045 737/1158/1030
f 742/1181/1043 737/1158/1030 741/1160/1032
f 722/1178/1041 742/1181/1043 741/1160/1032
f 743/1176/1040 722/1178/1041 741/1160/1032
f 748/1188/1050 666/1189/973 751/1190/1051
f 751/1190/1051 666/1189/973 665/1191/971
f 751/1190/1051 665/1191/971 750/1192/1052
f 750/1192/1052 665/1191/971 664/1193/969
f 750/1192/1052 664/1193/969 754/1194/1053
f 754/1194/1053 664/1193/969 753/1195/1054
f 754/1194/1053 753/1195/1054 759/1196/1055
f 759/1196/1055 753/1195/1054 758/1197/1056
f 759/1196/1055 758/1197/1056 764/1198/1057
f 764/1198/1057 758/1197/1056 763/1199/1058
f 764/1198/1057 763/1199/1058 768/1200/1059
f 768/1200/1059 763/1199/1058 767/1201/1060
f 768/1200/1059 767/1201/1060 637/1202/940
f 637/1202/940 767/1201/1060 638/1203/939
f 638/1203/939 767/1201/1060 766/1204/1061
f 638/1203/939 766/1204/1061 639/1205/955
f 639/1205/955 766/1204/1061 762/1206/1062
f 639/1205/955 762/1206/1062 761/1207/1063
f 761/1207/1063 762/1206/1062 756/1208/1064
f 761/1207/1063 756/1208/1064 381/1209/398
f 381/1209/398 756/1208/1064 661/1210/963
f 661/1210/963 756/1208/1064 662/1211/965
f 662/1211/965 756/1208/1064 757/1212/1065
f 662/1211/965 757/1212/1065 752/1213/1066
f 752/1213/1066 757/1212/1065 758/1197/1056
f 752/1213/1066 758/1197/1056 753/1195/1054
f 664/1193/969 663/1214/967 753/1195/1054
f 753/1195/1054 663/1214/967 752/1213/1066
f 663/1214/967 662/1211/965 752/1213/1066
f 381/1209/398 640/1215/957 761/1207/1063
f 761/1207/1063 640/1215/957 639/1205/955
f 768/1200/1059 637/1202/940 770/1216/1067
f 770/1216/1067 637/1202/940 636/1217/942
f 770/1216/1067 636/1217/942 749/1218/1068
f 749/1218/1068 636/1217/942 509/1219/682
f 749/1218/1068 509/1219/682 744/1220/1069
f 749/1218/1068 744/1220/1069 769/1221/1070
f 769/1221/1070 744/1220/1069 745/1222/1071
f 769/1221/1070 745/1222/1071 765/1223/1072
f 765/1223/1072 745/1222/1071 746/1224/1073
f 765/1223/1072 746/1224/1073 760/1225/1074
f 760/1225/1074 746/1224/1073 747/1226/1075
f 760/1225/1074 747/1226/1075 755/1227/1076
f 755/1227/1076 747/1226/1075 748/1188/1050
f 755/1227/1076 748/1188/1050 751/1190/1051
f 755/1227/1076 751/1190/1051 750/1192/1052
f 760/1225/1074 755/1227/1076 754/1194/1053
f 754/1194/1053 755/1227/1076 750/1192/1052
f 760/1225/1074 754/1194/1053 759/1196/1055
f 763/1199/1058 758/1197/1056 757/1212/1065
f 763/1199/1058 757/1212/1065 762/1206/1062
f 762/1206/1062 757/1212/1065 756/1208/1064
f 765/1223/1072 760/1225/1074 759/1196/1055
f 765/1223/1072 759/1196/1055 764/1198/1057
f 767/1201/1060 763/1199/1058 762/1206/1062
f 766/1204/1061 767/1201/1060 762/1206/1062
f 769/1221/1070 765/1223/1072 764/1198/1057
f 769/1221/1070 764/1198/1057 768/1200/1059
f 749/1218/1068 769/1221/1070 768/1200/1059
f 770/1216/1067 749/1218/1068 768/1200/1059
f 635/1228/954 781/1229/1077 510/1230/680
f 510/1230/680 781/1229/1077 780/1231/1078
f 510/1230/680 780/1231/1078 775/1232/1079
f 775/1232/1079 780/1231/1078 774/1233/1080
f 774/1233/1080 780/1231/1078 779/1234/1081
f 774/1233/1080 779/1234/1081 795/1235/1082
f 795/1235/1082 779/1234/1081 778/1236/1083
f 795/1235/1082 778/1236/1083 794/1237/1084
f 794/1237/1084 778/1236/1083 777/1238/1085
f 794/1237/1084 777/1238/1085 793/1239/1086
f 793/1239/1086 777/1238/1085 776/1240/1087
f 793/1239/1086 776/1240/1087 792/1241/1088
f 792/1241/1088 776/1240/1087 680/1242/989
f 792/1241/1088 680/1242/989 679/1243/987
f 635/1228/954 634/1244/952 781/1229/1077
f 781/1229/1077 634/1244/952 782/1245/1089
f 781/1229/1077 782/1245/1089 780/1231/1078
f 780/1231/1078 782/1245/1089 779/1234/1081
f 782/1245/1089 634/1244/952 786/1246/1090
f 786/1246/1090 634/1244/952 633/1247/949
f 786/1246/1090 633/1247/949 787/1248/1091
f 787/1248/1091 633/1247/949 632/1249/950
f 787/1248/1091 632/1249/950 788/1250/1092
f 788/1250/1092 632/1249/950 790/1251/1093
f 788/1250/1092 790/1251/1093 791/1252/1094
f 791/1252/1094 790/1251/1093 631/1253/932
f 791/1252/1094 631/1253/932 380/1254/404
f 632/1249/950 631/1253/932 790/1251/1093
f 380/1254/404 683/1255/995 791/1252/1094
f 791/1252/1094 683/1255/995 789/1256/1095
f 791/1252/1094 789/1256/1095 788/1250/1092
f 788/1250/1092 789/1256/1095 784/1257/1096
f 788/1250/1092 784/1257/1096 783/1258/1097
f 783/1258/1097 784/1257/1096 778/1236/1083
f 783/1258/1097 778/1236/1083 779/1234/1081
f 683/1255/995 682/1259/993 789/1256/1095
f 789/1256/1095 682/1259/993 785/1260/1098
f 789/1256/1095 785/1260/1098 784/1257/1096
f 784/1257/1096 785/1260/1098 777/1238/1085
f 784/1257/1096 777/1238/1085 778/1236/1083
f 682/1259/993 681/1261/991 785/1260/1098
f 785/1260/1098 681/1261/991 776/1240/1087
f 785/1260/1098 776/1240/1087 777/1238/1085
f 681/1261/991 680/1242/989 776/1240/1087
f 792/1241/1088 679/1243/987 796/1262/1099
f 796/1262/1099 679/1243/987 678/1263/985
f 796/1262/1099 678/1263/985 771/1264/1100
f 796/1262/1099 771/1264/1100 797/1265/1101
f 797/1265/1101 771/1264/1100 772/1266/1102
f 797/1265/1101 772/1266/1102 793/1239/1086
f 793/1239/1086 772/1266/1102 794/1237/1084
f 772/1266/1102 773/1267/1103 794/1237/1084
f 794/1237/1084 773/1267/1103 795/1235/1082
f 773/1267/1103 774/1233/1080 795/1235/1082
f 783/1258/1097 779/1234/1081 782/1245/1089
f 786/1246/1090 787/1248/1091 782/1245/1089
f 782/1245/1089 787/1248/1091 783/1258/1097
f 787/1248/1091 788/1250/1092 783/1258/1097
f 797/1265/1101 793/1239/1086 792/1241/1088
f 796/1262/1099 797/1265/1101 792/1241/1088
f 748/1268/1050 804/1269/1104 666/1270/973
f 666/1270/973 804/1269/1104 805/1271/1105
f 666/1270/973 805/1271/1105 806/1272/1106
f 806/1272/1106 805/1271/1105 815/1273/1107
f 806/1272/1106 815/1273/1107 816/1274/1108
f 816/1274/1108 815/1273/1107 825/1275/1109
f 816/1274/1108 825/1275/1109 826/1276/1110
f 826/1276/1110 825/1275/1109 835/1277/1111
f 826/1276/1110 835/1277/1111 836/1278/1112
f 836/1278/1112 835/1277/1111 845/1279/1113
f 836/1278/1112 845/1279/1113 846/1280/1114
f 846/1280/1114 845/1279/1113 514/1281/671
f 846/1280/1114 514/1281/671 847/1282/1115
f 847/1282/1115 514/1281/671 848/1283/1116
f 847/1282/1115 848/1283/1116 838/1284/1117
f 838/1284/1117 848/1283/1116 839/1285/1118
f 838/1284/1117 839/1285/1118 829/1286/1119
f 829/1286/1119 839/1285/1118 830/1287/1120
f 829/1286/1119 830/1287/1120 820/1288/1121
f 820/1288/1121 830/1287/1120 821/1289/1122
f 820/1288/1121 821/1289/1122 811/1290/1123
f 811/1290/1123 821/1289/1122 812/1291/1124
f 811/1290/1123 812/1291/1124 803/1292/1125
f 803/1292/1125 812/1291/1124 802/1293/1126
f 802/1293/1126 812/1291/1124 801/1294/1127
f 801/1294/1127 812/1291/1124 821/1289/1122
f 801/1294/1127 821/1289/1122 800/1295/1128
f 800/1295/1128 821/1289/1122 830/1287/1120
f 800/1295/1128 830/1287/1120 799/1296/1129
f 799/1296/1129 830/1287/1120 839/1285/1118
f 799/1296/1129 839/1285/1118 798/1297/1130
f 798/1297/1130 839/1285/1118 848/1283/1116
f 798/1297/1130 848/1283/1116 514/1281/671
f 804/1269/1104 748/1268/1050 813/1298/1131
f 813/1298/1131 748/1268/1050 747/1299/1075
f 813/1298/1131 747/1299/1075 822/1300/1132
f 822/1300/1132 747/1299/1075 746/1301/1073
f 822/1300/1132 746/1301/1073 831/1302/1133
f 831/1302/1133 746/1301/1073 745/1303/1071
f 831/1302/1133 745/1303/1071 840/1304/1134
f 840/1304/1134 745/1303/1071 744/1305/1069
f 840/1304/1134 744/1305/1069 509/1306/682
f 514/1281/671 844/1307/1135 509/1306/682
f 509/1306/682 844/1307/1135 843/1308/1136
f 509/1306/682 843/1308/1136 842/1309/1137
f 842/1309/1137 843/1308/1136 833/1310/1138
f 842/1309/1137 833/1310/1138 832/1311/1139
f 832/1311/1139 833/1310/1138 823/1312/1140
f 832/1311/1139 823/1312/1140 822/1300/1132
f 822/1300/1132 823/1312/1140 813/1298/1131
f 666/1270/973 808/1313/1141 803/1292/1125
f 803/1292/1125 808/1313/1141 809/1314/1142
f 803/1292/1125 809/1314/1142 810/1315/1143
f 810/1315/1143 809/1314/1142 819/1316/1144
f 810/1315/1143 819/1316/1144 820/1288/1121
f 820/1288/1121 819/1316/1144 829/1286/1119
f 805/1271/1105 804/1269/1104 814/1317/1145
f 814/1317/1145 804/1269/1104 813/1298/1131
f 814/1317/1145 813/1298/1131 823/1312/1140
f 808/1313/1141 666/1270/973 807/1318/1146
f 807/1318/1146 666/1270/973 806/1272/1106
f 807/1318/1146 806/1272/1106 816/1274/1108
f 808/1313/1141 807/1318/1146 817/1319/1147
f 817/1319/1147 807/1318/1146 816/1274/1108
f 817/1319/1147 816/1274/1108 826/1276/1110
f 811/1290/1123 803/1292/1125 810/1315/1143
f 809/1314/1142 808/1313/1141 818/1320/1148
f 818/1320/1148 808/1313/1141 817/1319/1147
f 818/1320/1148 817/1319/1147 827/1321/1149
f 827/1321/1149 817/1319/1147 826/1276/1110
f 827/1321/1149 826/1276/1110 836/1278/1112
f 820/1288/1121 811/1290/1123 810/1315/1143
f 805/1271/1105 814/1317/1145 815/1273/1107
f 815/1273/1107 814/1317/1145 824/1322/1150
f 815/1273/1107 824/1322/1150 825/1275/1109
f 825/1275/1109 824/1322/1150 834/1323/1151
f 825/1275/1109 834/1323/1151 835/1277/1111
f 835/1277/1111 834/1323/1151 844/1307/1135
f 835/1277/1111 844/1307/1135 845/1279/1113
f 845/1279/1113 844/1307/1135 514/1281/671
f 824/1322/1150 814/1317/1145 823/1312/1140
f 809/1314/1142 818/1320/1148 819/1316/1144
f 819/1316/1144 818/1320/1148 828/1324/1152
f 819/1316/1144 828/1324/1152 829/1286/1119
f 829/1286/1119 828/1324/1152 838/1284/1117
f 828/1324/1152 818/1320/1148 827/1321/1149
f 832/1311/1139 822/1300/1132 831/1302/1133
f 834/1323/1151 824/1322/1150 833/1310/1138
f 833/1310/1138 824/1322/1150 823/1312/1140
f 828/1324/1152 827/1321/1149 837/1325/1153
f 837/1325/1153 827/1321/1149 836/1278/1112
f 837/1325/1153 836/1278/1112 846/1280/1114
f 832/1311/1139 831/1302/1133 841/1326/1154
f 841/1326/1154 831/1302/1133 840/1304/1134
f 841/1326/1154 840/1304/1134 509/1306/682
f 844/1307/1135 834/1323/1151 843/1308/1136
f 843/1308/1136 834/1323/1151 833/1310/1138
f 847/1282/1115 838/1284/1117 837/1325/1153
f 837/1325/1153 838/1284/1117 828/1324/1152
f 847/1282/1115 837/1325/1153 846/1280/1114
f 509/1306/682 842/1309/1137 841/1326/1154
f 841/1326/1154 842/1309/1137 832/1311/1139
f 775/1327/1079 855/1328/1155 510/1329/680
f 510/1329/680 855/1328/1155 856/1330/1156
f 510/1329/680 856/1330/1156 857/1331/1157
f 857/1331/1157 856/1330/1156 865/1332/1158
f 857/1331/1157 865/1332/1158 866/1333/1159
f 866/1333/1159 865/1332/1158 874/1334/1160
f 866/1333/1159 874/1334/1160 875/1335/1161
f 875/1335/1161 874/1334/1160 883/1336/1162
f 875/1335/1161 883/1336/1162 884/1337/1163
f 884/1337/1163 883/1336/1162 892/1338/1164
f 884/1337/1163 892/1338/1164 893/1339/1165
f 893/1339/1165 892/1338/1164 849/1340/1166
f 893/1339/1165 849/1340/1166 894/1341/1167
f 894/1341/1167 849/1340/1166 850/1342/1168
f 894/1341/1167 850/1342/1168 886/1343/1169
f 886/1343/1169 850/1342/1168 851/1344/1170
f 886/1343/1169 851/1344/1170 878/1345/1171
f 878/1345/1171 851/1344/1170 852/1346/1172
f 878/1345/1171 852/1346/1172 870/1347/1173
f 870/1347/1173 852/1346/1172 853/1348/1174
f 870/1347/1173 853/1348/1174 862/1349/1175
f 862/1349/1175 853/1348/1174 854/1350/1176
f 862/1349/1175 854/1350/1176 511/1351/638
f 855/1328/1155 775/1327/1079 863/1352/1177
f 863/1352/1177 775/1327/1079 774/1353/1080
f 863/1352/1177 774/1353/1080 871/1354/1178
f 871/1354/1178 774/1353/1080 773/1355/1103
f 871/1354/1178 773/1355/1103 879/1356/1179
f 879/1356/1179 773/1355/1103 772/1357/1102
f 879/1356/1179 772/1357/1102 887/1358/1180
f 887/1358/1180 772/1357/1102 771/1359/1100
f 887/1358/1180 771/1359/1100 678/1360/985
f 849/1340/1166 890/1361/1181 678/1360/985
f 678/1360/985 890/1361/1181 889/1362/1182
f 678/1360/985 889/1362/1182 888/1363/1183
f 888/1363/1183 889/1362/1182 880/1364/1184
f 888/1363/1183 880/1364/1184 879/1356/1179
f 879/1356/1179 880/1364/1184 871/1354/1178
f 510/1329/680 859/1365/1185 511/1351/638
f 511/1351/638 859/1365/1185 860/1366/1186
f 511/1351/638 860/1366/1186 861/1367/1187
f 861/1367/1187 860/1366/1186 869/1368/1188
f 861/1367/1187 869/1368/1188 870/1347/1173
f 870/1347/1173 869/1368/1188 878/1345/1171
f 856/1330/1156 855/1328/1155 864/1369/1189
f 864/1369/1189 855/1328/1155 863/1352/1177
f 864/1369/1189 863/1352/1177 872/1370/1190
f 872/1370/1190 863/1352/1177 871/1354/1178
f 872/1370/1190 871/1354/1178 880/1364/1184
f 859/1365/1185 510/1329/680 858/1371/1191
f 858/1371/1191 510/1329/680 857/1331/1157
f 858/1371/1191 857/1331/1157 866/1333/1159
f 859/1365/1185 858/1371/1191 867/1372/1192
f 867/1372/1192 858/1371/1191 866/1333/1159
f 867/1372/1192 866/1333/1159 875/1335/1161
f 862/1349/1175 511/1351/638 861/1367/1187
f 860/1366/1186 859/1365/1185 868/1373/1193
f 868/1373/1193 859/1365/1185 867/1372/1192
f 868/1373/1193 867/1372/1192 876/1374/1194
f 876/1374/1194 867/1372/1192 875/1335/1161
f 876/1374/1194 875/1335/1161 884/1337/1163
f 870/1347/1173 862/1349/1175 861/1367/1187
f 856/1330/1156 864/1369/1189 865/1332/1158
f 865/1332/1158 864/1369/1189 873/1375/1195
f 865/1332/1158 873/1375/1195 874/1334/1160
f 874/1334/1160 873/1375/1195 882/1376/1196
f 874/1334/1160 882/1376/1196 883/1336/1162
f 883/1336/1162 882/1376/1196 891/1377/1197
f 883/1336/1162 891/1377/1197 892/1338/1164
f 892/1338/1164 891/1377/1197 849/1340/1166
f 873/1375/1195 864/1369/1189 872/1370/1190
f 860/1366/1186 868/1373/1193 869/1368/1188
f 869/1368/1188 868/1373/1193 877/1378/1198
f 869/1368/1188 877/1378/1198 878/1345/1171
f 878/1345/1171 877/1378/1198 886/1343/1169
f 877/1378/1198 868/1373/1193 876/1374/1194
f 873/1375/1195 872/1370/1190 881/1379/1199
f 881/1379/1199 872/1370/1190 880/1364/1184
f 881/1379/1199 880/1364/1184 889/1362/1182
f 877/1378/1198 876/1374/1194 885/1380/1200
f 885/1380/1200 876/1374/1194 884/1337/1163
f 885/1380/1200 884/1337/1163 893/1339/1165
f 888/1363/1183 879/1356/1179 887/1358/1180
f 873/1375/1195 881/1379/1199 882/1376/1196
f 882/1376/1196 881/1379/1199 890/1361/1181
f 882/1376/1196 890/1361/1181 891/1377/1197
f 891/1377/1197 890/1361/1181 849/1340/1166
f 890/1361/1181 881/1379/1199 889/1362/1182
f 894/1341/1167 886/1343/1169 885/1380/1200
f 885/1380/1200 886/1343/1169 877/1378/1198
f 894/1341/1167 885/1380/1200 893/1339/1165
f 678/1360/985 888/1363/1183 887/1358/1180
f 689/1381/984 895/1382/1201 678/1383/985
f 678/1383/985 895/1382/1201 849/1384/1166
f 721/1385/1023 902/1386/1202 277/1387/207
f 277/1387/207 902/1386/1202 903/1388/1203
f 277/1387/207 903/1388/1203 904/1389/1204
f 904/1389/1204 903/1388/1203 913/1390/1205
f 904/1389/1204 913/1390/1205 914/1391/1206
f 914/1391/1206 913/1390/1205 923/1392/1207
f 914/1391/1206 923/1392/1207 924/1393/1208
f 924/1393/1208 923/1392/1207 933/1394/1209
f 924/1393/1208 933/1394/1209 934/1395/1210
f 934/1395/1210 933/1394/1209 943/1396/1211
f 934/1395/1210 943/1396/1211 944/1397/1212
f 944/1397/1212 943/1396/1211 896/1398/1213
f 944/1397/1212 896/1398/1213 945/1399/1214
f 945/1399/1214 896/1398/1213 946/1400/1215
f 945/1399/1214 946/1400/1215 936/1401/1216
f 936/1401/1216 946/1400/1215 937/1402/1217
f 936/1401/1216 937/1402/1217 927/1403/1218
f 927/1403/1218 937/1402/1217 928/1404/1219
f 927/1403/1218 928/1404/1219 918/1405/1220
f 918/1405/1220 928/1404/1219 919/1406/1221
f 918/1405/1220 919/1406/1221 909/1407/1222
f 909/1407/1222 919/1406/1221 910/1408/1223
f 909/1407/1222 910/1408/1223 278/1409/181
f 278/1409/181 910/1408/1223 901/1410/1224
f 901/1410/1224 910/1408/1223 919/1406/1221
f 901/1410/1224 919/1406/1221 900/1411/1225
f 900/1411/1225 919/1406/1221 928/1404/1219
f 900/1411/1225 928/1404/1219 899/1412/1226
f 899/1412/1226 928/1404/1219 937/1402/1217
f 899/1412/1226 937/1402/1217 898/1413/1227
f 898/1413/1227 937/1402/1217 946/1400/1215
f 898/1413/1227 946/1400/1215 897/1414/1228
f 897/1414/1228 946/1400/1215 896/1398/1213
f 902/1386/1202 721/1385/1023 911/1415/1229
f 911/1415/1229 721/1385/1023 720/1416/1048
f 911/1415/1229 720/1416/1048 920/1417/1230
f 920/1417/1230 720/1416/1048 719/1418/1046
f 920/1417/1230 719/1418/1046 929/1419/1231
f 929/1419/1231 719/1418/1046 718/1420/1044
f 929/1419/1231 718/1420/1044 938/1421/1232
f 938/1421/1232 718/1420/1044 717/1422/1042
f 938/1421/1232 717/1422/1042 667/1423/972
f 896/1398/1213 942/1424/1233 667/1423/972
f 667/1423/972 942/1424/1233 941/1425/1234
f 667/1423/972 941/1425/1234 940/1426/1235
f 940/1426/1235 941/1425/1234 931/1427/1236
f 940/1426/1235 931/1427/1236 930/1428/1237
f 930/1428/1237 931/1427/1236 921/1429/1238
f 930/1428/1237 921/1429/1238 920/1417/1230
f 920/1417/1230 921/1429/1238 911/1415/1229
f 277/1387/207 906/1430/1239 278/1409/181
f 278/1409/181 906/1430/1239 907/1431/1240
f 278/1409/181 907/1431/1240 908/1432/1241
f 908/1432/1241 907/1431/1240 917/1433/1242
f 908/1432/1241 917/1433/1242 918/1405/1220
f 918/1405/1220 917/1433/1242 927/1403/1218
f 903/1388/1203 902/1386/1202 912/1434/1243
f 912/1434/1243 902/1386/1202 911/1415/1229
f 912/1434/1243 911/1415/1229 921/1429/1238
f 906/1430/1239 277/1387/207 905/1435/1244
f 905/1435/1244 277/1387/207 904/1389/1204
f 905/1435/1244 904/1389/1204 914/1391/1206
f 906/1430/1239 905/1435/1244 915/1436/1245
f 915/1436/1245 905/1435/1244 914/1391/1206
f 915/1436/1245 914/1391/1206 924/1393/1208
f 909/1407/1222 278/1409/181 908/1432/1241
f 907/1431/1240 906/1430/1239 916/1437/1246
f 916/1437/1246 906/1430/1239 915/1436/1245
f 916/1437/1246 915/1436/1245 925/1438/1247
f 925/1438/1247 915/1436/1245 924/1393/1208
f 925/1438/1247 924/1393/1208 934/1395/1210
f 918/1405/1220 909/1407/1222 908/1432/1241
f 903/1388/1203 912/1434/1243 913/1390/1205
f 913/1390/1205 912/1434/1243 922/1439/1248
f 913/1390/1205 922/1439/1248 923/1392/1207
f 923/1392/1207 922/1439/1248 932/1440/1249
f 923/1392/1207 932/1440/1249 933/1394/1209
f 933/1394/1209 932/1440/1249 942/1424/1233
f 933/1394/1209 942/1424/1233 943/1396/1211
f 943/1396/1211 942/1424/1233 896/1398/1213
f 922/1439/1248 912/1434/1243 921/1429/1238
f 907/1431/1240 916/1437/1246 917/1433/1242
f 917/1433/1242 916/1437/1246 926/1441/1250
f 917/1433/1242 926/1441/1250 927/1403/1218
f 927/1403/1218 926/1441/1250 936/1401/1216
f 926/1441/1250 916/1437/1246 925/1438/1247
f 930/1428/1237 920/1417/1230 929/1419/1231
f 932/1440/1249 922/1439/1248 931/1427/1236
f 931/1427/1236 922/1439/1248 921/1429/1238
f 926/1441/1250 925/1438/1247 935/1442/1251
f 935/1442/1251 925/1438/1247 934/1395/1210
f 935/1442/1251 934/1395/1210 944/1397/1212
f 930/1428/1237 929/1419/1231 939/1443/1252
f 939/1443/1252 929/1419/1231 938/1421/1232
f 939/1443/1252 938/1421/1232 667/1423/972
f 942/1424/1233 932/1440/1249 941/1425/1234
f 941/1425/1234 932/1440/1249 931/1427/1236
f 945/1399/1214 936/1401/1216 935/1442/1251
f 935/1442/1251 936/1401/1216 926/1441/1250
f 945/1399/1214 935/1442/1251 944/1397/1212
f 667/1423/972 940/1426/1235 939/1443/1252
f 939/1443/1252 940/1426/1235 930/1428/1237
f 694/1444/996 952/1445/1253 689/1446/984
f 689/1446/984 952/1445/1253 953/1447/1254
f 689/1446/984 953/1447/1254 954/1448/1255
f 954/1448/1255 953/1447/1254 962/1449/1256
f 954/1448/1255 962/1449/1256 963/1450/1257
f 963/1450/1257 962/1449/1256 971/1451/1258
f 963/1450/1257 971/1451/1258 972/1452/1259
f 972/1452/1259 971/1451/1258 980/1453/1260
f 972/1452/1259 980/1453/1260 981/1454/1261
f 981/1454/1261 980/1453/1260 989/1455/1262
f 981/1454/1261 989/1455/1262 990/1456/1263
f 990/1456/1263 989/1455/1262 297/1457/250
f 990/1456/1263 297/1457/250 991/1458/1264
f 991/1458/1264 297/1457/250 947/1459/1265
f 991/1458/1264 947/1459/1265 948/1460/1266
f 952/1445/1253 694/1444/996 960/1461/1267
f 960/1461/1267 694/1444/996 693/1462/1021
f 960/1461/1267 693/1462/1021 968/1463/1268
f 968/1463/1268 693/1462/1021 692/1464/1019
f 968/1463/1268 692/1464/1019 976/1465/1269
f 976/1465/1269 692/1464/1019 691/1466/1017
f 976/1465/1269 691/1466/1017 984/1467/1270
f 984/1467/1270 691/1466/1017 690/1468/1015
f 984/1467/1270 690/1468/1015 298/1469/244
f 297/1457/250 987/1470/1271 298/1469/244
f 298/1469/244 987/1470/1271 986/1471/1272
f 298/1469/244 986/1471/1272 985/1472/1273
f 985/1472/1273 986/1471/1272 977/1473/1274
f 985/1472/1273 977/1473/1274 976/1465/1269
f 976/1465/1269 977/1473/1274 968/1463/1268
f 991/1458/1264 948/1460/1266 983/1474/1275
f 983/1474/1275 948/1460/1266 949/1475/1276
f 983/1474/1275 949/1475/1276 975/1476/1277
f 975/1476/1277 949/1475/1276 950/1477/1278
f 975/1476/1277 950/1477/1278 967/1478/1279
f 967/1478/1279 950/1477/1278 951/1479/1280
f 967/1478/1279 951/1479/1280 959/1480/1281
f 959/1480/1281 951/1479/1280 895/1481/1201
f 959/1480/1281 895/1481/1201 958/1482/1282
f 958/1482/1282 895/1481/1201 957/1483/1283
f 958/1482/1282 957/1483/1283 966/1484/1284
f 966/1484/1284 957/1483/1283 965/1485/1285
f 966/1484/1284 965/1485/1285 974/1486/1286
f 974/1486/1286 965/1485/1285 973/1487/1287
f 974/1486/1286 973/1487/1287 982/1488/1288
f 982/1488/1288 973/1487/1287 981/1454/1261
f 982/1488/1288 981/1454/1261 990/1456/1263
f 689/1446/984 955/1489/1289 895/1481/1201
f 895/1481/1201 955/1489/1289 956/1490/1290
f 895/1481/1201 956/1490/1290 957/1483/1283
f 957/1483/1283 956/1490/1290 965/1485/1285
f 955/1489/1289 689/1446/984 954/1448/1255
f 953/1447/1254 952/1445/1253 961/1491/1291
f 961/1491/1291 952/1445/1253 960/1461/1267
f 961/1491/1291 960/1461/1267 969/1492/1292
f 969/1492/1292 960/1461/1267 968/1463/1268
f 969/1492/1292 968/1463/1268 977/1473/1274
f 954/1448/1255 963/1450/1257 955/1489/1289
f 955/1489/1289 963/1450/1257 964/1493/1293
f 955/1489/1289 964/1493/1293 956/1490/1290
f 956/1490/1290 964/1493/1293 965/1485/1285
f 967/1478/1279 959/1480/1281 958/1482/1282
f 967/1478/1279 958/1482/1282 966/1484/1284
f 953/1447/1254 961/1491/1291 962/1449/1256
f 962/1449/1256 961/1491/1291 970/1494/1294
f 962/1449/1256 970/1494/1294 971/1451/1258
f 971/1451/1258 970/1494/1294 979/1495/1295
f 971/1451/1258 979/1495/1295 980/1453/1260
f 980/1453/1260 979/1495/1295 988/1496/1296
f 980/1453/1260 988/1496/1296 989/1455/1262
f 989/1455/1262 988/1496/1296 297/1457/250
f 970/1494/1294 961/1491/1291 969/1492/1292
f 973/1487/1287 965/1485/1285 964/1493/1293
f 973/1487/1287 964/1493/1293 972/1452/1259
f 972/1452/1259 964/1493/1293 963/1450/1257
f 975/1476/1277 967/1478/1279 966/1484/1284
f 975/1476/1277 966/1484/1284 974/1486/1286
f 970/1494/1294 969/1492/1292 978/1497/1297
f 978/1497/1297 969/1492/1292 977/1473/1274
f 978/1497/1297 977/1473/1274 986/1471/1272
f 981/1454/1261 973/1487/1287 972/1452/1259
f 983/1474/1275 975/1476/1277 974/1486/1286
f 983/1474/1275 974/1486/1286 982/1488/1288
f 985/1472/1273 976/1465/1269 984/1467/1270
f 970/1494/1294 978/1497/1297 979/1495/1295
f 979/1495/1295 978/1497/1297 987/1470/1271
f 979/1495/1295 987/1470/1271 988/1496/1296
f 988/1496/1296 987/1470/1271 297/1457/250
f 987/1470/1271 978/1497/1297 986/1471/1272
f 991/1458/1264 983/1474/1275 982/1488/1288
f 991/1458/1264 982/1488/1288 990/1456/1263
f 298/1469/244 985/1472/1273 984/1467/1270
f 666/1498/973 803/1499/1125 667/1500/972
f 667/1500/972 803/1499/1125 896/1501/1213
f 288/1502/1298 287/1503/1299 993/1504/1300
f 993/1504/1300 287/1503/1299 992/1505/1301
f 999/1506/1302 294/1507/1303 998/1508/1304
f 998/1508/1304 294/1507/1303 293/1509/1305
f 998/1508/1304 293/1509/1305 997/1510/1306
f 997/1510/1306 293/1509/1305 292/1511/1307
f 997/1510/1306 292/1511/1307 996/1512/1308
f 996/1512/1308 292/1511/1307 291/1513/1309
f 996/1512/1308 291/1513/1309 995/1514/1310
f 995/1514/1310 291/1513/1309 290/1515/1311
f 995/1514/1310 290/1515/1311 994/1516/1312
f 994/1516/1312 290/1515/1311 289/1517/1313
f 994/1516/1312 289/1517/1313 288/1518/1314
f 288/1518/1314 993/1519/1315 994/1516/1312
f 1010/1520/1316 295/1521/1317 1009/1522/1318
f 1009/1522/1318 295/1521/1317 294/1523/1319
f 1009/1522/1318 294/1523/1319 1008/1524/1320
f 1008/1524/1320 294/1523/1319 1007/1525/1321
f 1007/1525/1321 294/1523/1319 999/1526/1302
f 1007/1525/1321 999/1526/1302 1006/1527/1322
f 1006/1527/1322 999/1526/1302 1005/1528/1323
f 1005/1528/1323 999/1526/1302 1004/1529/1324
f 1004/1529/1324 999/1526/1302 1000/1530/1325
f 1004/1529/1324 1000/1530/1325 1001/1531/1326
f 1001/1531/1326 1002/1532/1327 1004/1529/1324
f 1004/1529/1324 1002/1532/1327 1003/1533/1328
f 1012/1534/1329 1025/1535/1330 1011/1536/1331
f 1011/1536/1331 1025/1535/1330 1026/1537/1332
f 1011/1536/1331 1026/1537/1332 1027/1538/1333
f 1027/1538/1333 1026/1537/1332 1039/1539/1334
f 1027/1538/1333 1039/1539/1334 1040/1540/1335
f 1040/1540/1335 1039/1539/1334 1052/1541/1336
f 1040/1540/1335 1052/1541/1336 1053/1542/1337
f 1053/1542/1337 1052/1541/1336 1065/1543/1338
f 1053/1542/1337 1065/1543/1338 1066/1544/1339
f 1066/1544/1339 1065/1543/1338 1078/1545/1340
f 1066/1544/1339 1078/1545/1340 1079/1546/1341
f 1079/1546/1341 1078/1545/1340 1004/1547/1342
f 1079/1546/1341 1004/1547/1342 1080/1548/1343
f 1080/1548/1343 1004/1547/1342 1081/1549/1344
f 1080/1548/1343 1081/1549/1344 1068/1550/1345
f 1068/1550/1345 1081/1549/1344 1069/1551/1346
f 1068/1550/1345 1069/1551/1346 1056/1552/1347
f 1056/1552/1347 1069/1551/1346 1057/1553/1348
f 1056/1552/1347 1057/1553/1348 1044/1554/1349
f 1044/1554/1349 1057/1553/1348 1045/1555/1350
f 1044/1554/1349 1045/1555/1350 1032/1556/1351
f 1032/1556/1351 1045/1555/1350 1033/1557/1352
f 1032/1556/1351 1033/1557/1352 1024/1558/1353
f 1024/1558/1353 1033/1557/1352 1034/1559/1354
f 1024/1558/1353 1034/1559/1354 1035/1560/1355
f 1035/1560/1355 1034/1559/1354 1047/1561/1356
f 1035/1560/1355 1047/1561/1356 1048/1562/1357
f 1048/1562/1357 1047/1561/1356 1060/1563/1358
f 1048/1562/1357 1060/1563/1358 1021/1564/1359
f 1021/1564/1359 1060/1563/1358 1020/1565/1360
f 1020/1565/1360 1060/1563/1358 1072/1566/1361
f 1020/1565/1360 1072/1566/1361 1019/1567/1362
f 1019/1567/1362 1072/1566/1361 1084/1568/1363
f 1019/1567/1362 1084/1568/1363 1004/1547/1342
f 1004/1547/1342 1084/1568/1363 1083/1569/1364
f 1004/1547/1342 1083/1569/1364 1082/1570/1365
f 1082/1570/1365 1083/1569/1364 1070/1571/1366
f 1082/1570/1365 1070/1571/1366 1069/1551/1346
f 1069/1551/1346 1070/1571/1366 1057/1553/1348
f 1012/1534/1329 1013/1572/1367 1025/1535/1330
f 1025/1535/1330 1013/1572/1367 1037/1573/1368
f 1025/1535/1330 1037/1573/1368 1038/1574/1369
f 1038/1574/1369 1037/1573/1368 1050/1575/1370
f 1038/1574/1369 1050/1575/1370 1051/1576/1371
f 1051/1576/1371 1050/1575/1370 1063/1577/1372
f 1051/1576/1371 1063/1577/1372 1064/1578/1373
f 1064/1578/1373 1063/1577/1372 1076/1579/1374
f 1064/1578/1373 1076/1579/1374 1077/1580/1375
f 1077/1580/1375 1076/1579/1374 1004/1547/1342
f 1077/1580/1375 1004/1547/1342 1078/1545/1340
f 1013/1572/1367 1014/1581/1376 1037/1573/1368
f 1037/1573/1368 1014/1581/1376 1049/1582/1377
f 1037/1573/1368 1049/1582/1377 1050/1575/1370
f 1050/1575/1370 1049/1582/1377 1062/1583/1378
f 1050/1575/1370 1062/1583/1378 1063/1577/1372
f 1063/1577/1372 1062/1583/1378 1075/1584/1379
f 1063/1577/1372 1075/1584/1379 1076/1579/1374
f 1076/1579/1374 1075/1584/1379 1018/1585/1380
f 1076/1579/1374 1018/1585/1380 1004/1547/1342
f 1004/1547/1342 1018/1585/1380 1005/1586/1381
f 1014/1581/1376 1015/1587/1382 1049/1582/1377
f 1049/1582/1377 1015/1587/1382 1016/1588/1383
f 1049/1582/1377 1016/1588/1383 1061/1589/1384
f 1061/1589/1384 1016/1588/1383 1017/1590/1385
f 1061/1589/1384 1017/1590/1385 1073/1591/1386
f 1073/1591/1386 1017/1590/1385 1018/1585/1380
f 1073/1591/1386 1018/1585/1380 1074/1592/1387
f 1074/1592/1387 1018/1585/1380 1075/1584/1379
f 1074/1592/1387 1075/1584/1379 1062/1583/1378
f 1021/1564/1359 1022/1593/1388 1048/1562/1357
f 1048/1562/1357 1022/1593/1388 1036/1594/1389
f 1048/1562/1357 1036/1594/1389 1035/1560/1355
f 1035/1560/1355 1036/1594/1389 1024/1558/1353
f 1022/1593/1388 1023/1595/1390 1036/1594/1389
f 1036/1594/1389 1023/1595/1390 1024/1558/1353
f 1032/1556/1351 1024/1558/1353 1031/1596/1391
f 1031/1596/1391 1024/1558/1353 1011/1536/1331
f 1031/1596/1391 1011/1536/1331 1030/1597/1392
f 1030/1597/1392 1011/1536/1331 1029/1598/1393
f 1030/1597/1392 1029/1598/1393 1042/1599/1394
f 1042/1599/1394 1029/1598/1393 1041/1600/1395
f 1042/1599/1394 1041/1600/1395 1054/1601/1396
f 1054/1601/1396 1041/1600/1395 1053/1542/1337
f 1054/1601/1396 1053/1542/1337 1066/1544/1339
f 1039/1539/1334 1026/1537/1332 1038/1574/1369
f 1038/1574/1369 1026/1537/1332 1025/1535/1330
f 1029/1598/1393 1011/1536/1331 1028/1602/1397
f 1028/1602/1397 1011/1536/1331 1027/1538/1333
f 1028/1602/1397 1027/1538/1333 1040/1540/1335
f 1041/1600/1395 1029/1598/1393 1028/1602/1397
f 1041/1600/1395 1028/1602/1397 1040/1540/1335
f 1044/1554/1349 1032/1556/1351 1031/1596/1391
f 1031/1596/1391 1030/1597/1392 1043/1603/1398
f 1043/1603/1398 1030/1597/1392 1042/1599/1394
f 1043/1603/1398 1042/1599/1394 1055/1604/1399
f 1055/1604/1399 1042/1599/1394 1054/1601/1396
f 1055/1604/1399 1054/1601/1396 1067/1605/1400
f 1067/1605/1400 1054/1601/1396 1066/1544/1339
f 1067/1605/1400 1066/1544/1339 1079/1546/1341
f 1034/1559/1354 1033/1557/1352 1046/1606/1401
f 1046/1606/1401 1033/1557/1352 1045/1555/1350
f 1046/1606/1401 1045/1555/1350 1058/1607/1402
f 1058/1607/1402 1045/1555/1350 1057/1553/1348
f 1058/1607/1402 1057/1553/1348 1070/1571/1366
f 1052/1541/1336 1039/1539/1334 1051/1576/1371
f 1051/1576/1371 1039/1539/1334 1038/1574/1369
f 1053/1542/1337 1041/1600/1395 1040/1540/1335
f 1056/1552/1347 1044/1554/1349 1043/1603/1398
f 1043/1603/1398 1044/1554/1349 1031/1596/1391
f 1056/1552/1347 1043/1603/1398 1055/1604/1399
f 1034/1559/1354 1046/1606/1401 1047/1561/1356
f 1047/1561/1356 1046/1606/1401 1059/1608/1403
f 1047/1561/1356 1059/1608/1403 1060/1563/1358
f 1060/1563/1358 1059/1608/1403 1072/1566/1361
f 1059/1608/1403 1046/1606/1401 1058/1607/1402
f 1065/1543/1338 1052/1541/1336 1064/1578/1373
f 1064/1578/1373 1052/1541/1336 1051/1576/1371
f 1068/1550/1345 1056/1552/1347 1055/1604/1399
f 1068/1550/1345 1055/1604/1399 1067/1605/1400
f 1059/1608/1403 1058/1607/1402 1071/1609/1404
f 1071/1609/1404 1058/1607/1402 1070/1571/1366
f 1071/1609/1404 1070/1571/1366 1083/1569/1364
f 1074/1592/1387 1062/1583/1378 1061/1589/1384
f 1061/1589/1384 1062/1583/1378 1049/1582/1377
f 1073/1591/1386 1074/1592/1387 1061/1589/1384
f 1078/1545/1340 1065/1543/1338 1077/1580/1375
f 1077/1580/1375 1065/1543/1338 1064/1578/1373
f 1080/1548/1343 1068/1550/1345 1067/1605/1400
f 1080/1548/1343 1067/1605/1400 1079/1546/1341
f 1082/1570/1365 1069/1551/1346 1081/1549/1344
f 1084/1568/1363 1072/1566/1361 1071/1609/1404
f 1071/1609/1404 1072/1566/1361 1059/1608/1403
f 1084/1568/1363 1071/1609/1404 1083/1569/1364
f 1004/1547/1342 1082/1570/1365 1081/1549/1344
f 1019/1610/1405 1004/1611/1406 1095/1612/1407
f 1095/1612/1407 1004/1611/1406 1003/1613/1408
f 1095/1612/1407 1003/1613/1408 1101/1614/1409
f 1101/1614/1409 1003/1613/1408 1094/1615/1410
f 1101/1614/1409 1094/1615/1410 1113/1616/1411
f 1113/1616/1411 1094/1615/1410 1115/1617/1412
f 1113/1616/1411 1115/1617/1412 1116/1618/1413
f 1116/1618/1413 1115/1617/1412 1122/1619/1414
f 1116/1618/1413 1122/1619/1414 1123/1620/1415
f 1123/1620/1415 1122/1619/1414 1130/1621/1416
f 1123/1620/1415 1130/1621/1416 1131/1622/1417
f 1131/1622/1417 1130/1621/1416 995/1623/1418
f 1131/1622/1417 995/1623/1418 1132/1624/1419
f 1132/1624/1419 995/1623/1418 994/1625/1420
f 1132/1624/1419 994/1625/1420 1133/1626/1421
f 1133/1626/1421 994/1625/1420 993/1627/1422
f 1133/1626/1421 993/1627/1422 1085/1628/1423
f 1003/1613/1408 1002/1629/1424 1094/1615/1410
f 1094/1615/1410 1002/1629/1424 1114/1630/1425
f 1094/1615/1410 1114/1630/1425 1115/1617/1412
f 1115/1617/1412 1114/1630/1425 1121/1631/1426
f 1115/1617/1412 1121/1631/1426 1122/1619/1414
f 1122/1619/1414 1121/1631/1426 1129/1632/1427
f 1122/1619/1414 1129/1632/1427 1130/1621/1416
f 1130/1621/1416 1129/1632/1427 996/1633/1428
f 1130/1621/1416 996/1633/1428 995/1623/1418
f 1002/1629/1424 1001/1634/1429 1114/1630/1425
f 1114/1630/1425 1001/1634/1429 1120/1635/1430
f 1114/1630/1425 1120/1635/1430 1121/1631/1426
f 1121/1631/1426 1120/1635/1430 1128/1636/1431
f 1121/1631/1426 1128/1636/1431 1129/1632/1427
f 1129/1632/1427 1128/1636/1431 997/1637/1432
f 1129/1632/1427 997/1637/1432 996/1633/1428
f 1001/1634/1429 1000/1638/1433 1120/1635/1430
f 1120/1635/1430 1000/1638/1433 1127/1639/1434
f 1120/1635/1430 1127/1639/1434 1128/1636/1431
f 1128/1636/1431 1127/1639/1434 998/1640/1435
f 1128/1636/1431 998/1640/1435 997/1637/1432
f 1000/1638/1433 999/1641/1436 1127/1639/1434
f 1127/1639/1434 999/1641/1436 998/1640/1435
f 1085/1628/1423 1086/1642/1437 1133/1626/1421
f 1133/1626/1421 1086/1642/1437 1126/1643/1438
f 1133/1626/1421 1126/1643/1438 1125/1644/1439
f 1125/1644/1439 1126/1643/1438 1119/1645/1440
f 1125/1644/1439 1119/1645/1440 1118/1646/1441
f 1118/1646/1441 1119/1645/1440 1110/1647/1442
f 1118/1646/1441 1110/1647/1442 1111/1648/1443
f 1111/1648/1443 1110/1647/1442 1104/1649/1444
f 1111/1648/1443 1104/1649/1444 1103/1650/1445
f 1103/1650/1445 1104/1649/1444 1097/1651/1446
f 1103/1650/1445 1097/1651/1446 1096/1652/1447
f 1096/1652/1447 1097/1651/1446 1020/1653/1448
f 1096/1652/1447 1020/1653/1448 1019/1610/1405
f 1086/1642/1437 1087/1654/1449 1126/1643/1438
f 1126/1643/1438 1087/1654/1449 1088/1655/1450
f 1126/1643/1438 1088/1655/1450 1093/1656/1451
f 1093/1656/1451 1088/1655/1450 1089/1657/1452
f 1093/1656/1451 1089/1657/1452 1108/1658/1453
f 1108/1658/1453 1089/1657/1452 1107/1659/1454
f 1108/1658/1453 1107/1659/1454 1106/1660/1455
f 1106/1660/1455 1107/1659/1454 1100/1661/1456
f 1106/1660/1455 1100/1661/1456 1099/1662/1457
f 1099/1662/1457 1100/1661/1456 1023/1663/1458
f 1099/1662/1457 1023/1663/1458 1022/1664/1459
f 1089/1657/1452 1090/1665/1460 1107/1659/1454
f 1107/1659/1454 1090/1665/1460 1092/1666/1461
f 1107/1659/1454 1092/1666/1461 1100/1661/1456
f 1100/1661/1456 1092/1666/1461 1023/1663/1458
f 1090/1665/1460 1091/1667/1462 1092/1666/1461
f 1092/1666/1461 1091/1667/1462 1023/1663/1458
f 1091/1667/1462 1024/1668/1463 1023/1663/1458
f 1099/1662/1457 1022/1664/1459 1098/1669/1464
f 1098/1669/1464 1022/1664/1459 1021/1670/1465
f 1098/1669/1464 1021/1670/1465 1097/1651/1446
f 1097/1651/1446 1021/1670/1465 1020/1653/1448
f 1096/1652/1447 1019/1610/1405 1095/1612/1407
f 1096/1652/1447 1095/1612/1407 1102/1671/1466
f 1102/1671/1466 1095/1612/1407 1101/1614/1409
f 1102/1671/1466 1101/1614/1409 1113/1616/1411
f 1097/1651/1446 1104/1649/1444 1098/1669/1464
f 1098/1669/1464 1104/1649/1444 1105/1672/1467
f 1098/1669/1464 1105/1672/1467 1099/1662/1457
f 1099/1662/1457 1105/1672/1467 1106/1660/1455
f 1096/1652/1447 1102/1671/1466 1103/1650/1445
f 1103/1650/1445 1102/1671/1466 1112/1673/1468
f 1103/1650/1445 1112/1673/1468 1111/1648/1443
f 1111/1648/1443 1112/1673/1468 1117/1674/1469
f 1111/1648/1443 1117/1674/1469 1118/1646/1441
f 1118/1646/1441 1117/1674/1469 1124/1675/1470
f 1118/1646/1441 1124/1675/1470 1125/1644/1439
f 1125/1644/1439 1124/1675/1470 1132/1624/1419
f 1125/1644/1439 1132/1624/1419 1133/1626/1421
f 1112/1673/1468 1102/1671/1466 1113/1616/1411
f 1104/1649/1444 1110/1647/1442 1105/1672/1467
f 1105/1672/1467 1110/1647/1442 1109/1676/1471
f 1105/1672/1467 1109/1676/1471 1106/1660/1455
f 1106/1660/1455 1109/1676/1471 1108/1658/1453
f 1108/1658/1453 1109/1676/1471 1093/1656/1451
f 1093/1656/1451 1109/1676/1471 1119/1645/1440
f 1093/1656/1451 1119/1645/1440 1126/1643/1438
f 1109/1676/1471 1110/1647/1442 1119/1645/1440
f 1117/1674/1469 1112/1673/1468 1116/1618/1413
f 1116/1618/1413 1112/1673/1468 1113/1616/1411
f 1124/1675/1470 1117/1674/1469 1123/1620/1415
f 1123/1620/1415 1117/1674/1469 1116/1618/1413
f 1132/1624/1419 1124/1675/1470 1131/1622/1417
f 1131/1622/1417 1124/1675/1470 1123/1620/1415
f 1024/1677/1472 1091/1678/1473 1138/1679/1474
f 1138/1679/1474 1091/1678/1473 1151/1680/1475
f 1138/1679/1474 1151/1680/1475 1137/1681/1476
f 1137/1681/1476 1151/1680/1475 1160/1682/1477
f 1137/1681/1476 1160/1682/1477 1136/1683/1478
f 1136/1683/1478 1160/1682/1477 1169/1684/1479
f 1136/1683/1478 1169/1684/1479 1135/1685/1480
f 1135/1685/1480 1169/1684/1479 1178/1686/1481
f 1135/1685/1480 1178/1686/1481 1134/1687/1482
f 1134/1687/1482 1178/1686/1481 992/1688/1483
f 992/1688/1483 1178/1686/1481 1177/1689/1484
f 992/1688/1483 1177/1689/1484 1176/1690/1485
f 1176/1690/1485 1177/1689/1484 1168/1691/1486
f 1176/1690/1485 1168/1691/1486 1167/1692/1487
f 1167/1692/1487 1168/1691/1486 1159/1693/1488
f 1167/1692/1487 1159/1693/1488 1158/1694/1489
f 1158/1694/1489 1159/1693/1488 1150/1695/1490
f 1158/1694/1489 1150/1695/1490 1149/1696/1491
f 1149/1696/1491 1150/1695/1490 1091/1678/1473
f 1149/1696/1491 1091/1678/1473 1148/1697/1492
f 1148/1697/1492 1091/1678/1473 1147/1698/1493
f 1148/1697/1492 1147/1698/1493 1156/1699/1494
f 1156/1699/1494 1147/1698/1493 1155/1700/1495
f 1156/1699/1494 1155/1700/1495 1164/1701/1496
f 1164/1701/1496 1155/1700/1495 1163/1702/1497
f 1164/1701/1496 1163/1702/1497 1172/1703/1498
f 1172/1703/1498 1163/1702/1497 1171/1704/1499
f 1172/1703/1498 1171/1704/1499 992/1688/1483
f 992/1688/1483 1171/1704/1499 1170/1705/1500
f 992/1688/1483 1170/1705/1500 1085/1706/1501
f 1085/1706/1501 1170/1705/1500 1142/1707/1502
f 1085/1706/1501 1142/1707/1502 1086/1708/1503
f 1086/1708/1503 1142/1707/1502 1087/1709/1504
f 1087/1709/1504 1142/1707/1502 1141/1710/1505
f 1087/1709/1504 1141/1710/1505 1088/1711/1506
f 1088/1711/1506 1141/1710/1505 1140/1712/1507
f 1088/1711/1506 1140/1712/1507 1089/1713/1508
f 1089/1713/1508 1140/1712/1507 1139/1714/1509
f 1089/1713/1508 1139/1714/1509 1090/1715/1510
f 1090/1715/1510 1139/1714/1509 1091/1678/1473
f 1091/1678/1473 1139/1714/1509 1143/1716/1511
f 1091/1678/1473 1143/1716/1511 1144/1717/1512
f 1144/1717/1512 1143/1716/1511 1152/1718/1513
f 1144/1717/1512 1152/1718/1513 1153/1719/1514
f 1153/1719/1514 1152/1718/1513 1161/1720/1515
f 1153/1719/1514 1161/1720/1515 1162/1721/1516
f 1162/1721/1516 1161/1720/1515 1170/1705/1500
f 1162/1721/1516 1170/1705/1500 1171/1704/1499
f 1085/1706/1501 993/1722/1517 992/1688/1483
f 1177/1689/1484 1178/1686/1481 1169/1684/1479
f 1152/1718/1513 1143/1716/1511 1140/1712/1507
f 1140/1712/1507 1143/1716/1511 1139/1714/1509
f 1144/1717/1512 1145/1723/1518 1091/1678/1473
f 1091/1678/1473 1145/1723/1518 1146/1724/1519
f 1091/1678/1473 1146/1724/1519 1147/1698/1493
f 1147/1698/1493 1146/1724/1519 1155/1700/1495
f 1144/1717/1512 1153/1719/1514 1145/1723/1518
f 1145/1723/1518 1153/1719/1514 1154/1725/1520
f 1145/1723/1518 1154/1725/1520 1146/1724/1519
f 1146/1724/1519 1154/1725/1520 1155/1700/1495
f 1151/1680/1475 1091/1678/1473 1150/1695/1490
f 1149/1696/1491 1148/1697/1492 1157/1726/1521
f 1157/1726/1521 1148/1697/1492 1156/1699/1494
f 1157/1726/1521 1156/1699/1494 1165/1727/1522
f 1165/1727/1522 1156/1699/1494 1164/1701/1496
f 1165/1727/1522 1164/1701/1496 1173/1728/1523
f 1173/1728/1523 1164/1701/1496 1172/1703/1498
f 1173/1728/1523 1172/1703/1498 992/1688/1483
f 1160/1682/1477 1151/1680/1475 1159/1693/1488
f 1159/1693/1488 1151/1680/1475 1150/1695/1490
f 1161/1720/1515 1152/1718/1513 1141/1710/1505
f 1141/1710/1505 1152/1718/1513 1140/1712/1507
f 1163/1702/1497 1155/1700/1495 1154/1725/1520
f 1163/1702/1497 1154/1725/1520 1162/1721/1516
f 1162/1721/1516 1154/1725/1520 1153/1719/1514
f 1149/1696/1491 1157/1726/1521 1158/1694/1489
f 1158/1694/1489 1157/1726/1521 1166/1729/1524
f 1158/1694/1489 1166/1729/1524 1167/1692/1487
f 1167/1692/1487 1166/1729/1524 1175/1730/1525
f 1167/1692/1487 1175/1730/1525 1176/1690/1485
f 1176/1690/1485 1175/1730/1525 992/1688/1483
f 1166/1729/1524 1157/1726/1521 1165/1727/1522
f 1169/1684/1479 1160/1682/1477 1168/1691/1486
f 1168/1691/1486 1160/1682/1477 1159/1693/1488
f 1170/1705/1500 1161/1720/1515 1142/1707/1502
f 1142/1707/1502 1161/1720/1515 1141/1710/1505
f 1171/1704/1499 1163/1702/1497 1162/1721/1516
f 1166/1729/1524 1165/1727/1522 1174/1731/1526
f 1174/1731/1526 1165/1727/1522 1173/1728/1523
f 1174/1731/1526 1173/1728/1523 992/1688/1483
f 1177/1689/1484 1169/1684/1479 1168/1691/1486
f 992/1688/1483 1175/1730/1525 1174/1731/1526
f 1174/1731/1526 1175/1730/1525 1166/1729/1524
f 280/1732/1527 1180/1733/1528 281/1734/1529
f 281/1734/1529 1180/1733/1528 1181/1735/1530
f 281/1734/1529 1181/1735/1530 1182/1736/1531
f 280/1732/1527 1179/1737/1532 1180/1733/1528
f 281/1734/1529 1182/1736/1531 1190/1738/1533
f 1190/1738/1533 1182/1736/1531 1183/1739/1534
f 1190/1738/1533 1183/1739/1534 1184/1740/1535
f 1184/1740/1535 1185/1741/1536 1190/1738/1533
f 1190/1738/1533 1185/1741/1536 1189/1742/1537
f 1189/1742/1537 1185/1741/1536 1188/1743/1538
f 1188/1743/1538 1185/1741/1536 1187/1744/1539
f 1187/1744/1539 1185/1741/1536 1186/1745/1540
f 1191/1746/1541 1204/1747/1542 1184/1748/1543
f 1184/1748/1543 1204/1747/1542 1209/1749/1544
f 1184/1748/1543 1209/1749/1544 1210/1750/1545
f 1210/1750/1545 1209/1749/1544 1220/1751/1546
f 1210/1750/1545 1220/1751/1546 1221/1752/1547
f 1221/1752/1547 1220/1751/1546 1231/1753/1548
f 1221/1752/1547 1231/1753/1548 1232/1754/1549
f 1232/1754/1549 1231/1753/1548 1242/1755/1550
f 1232/1754/1549 1242/1755/1550 1243/1756/1551
f 1243/1756/1551 1242/1755/1550 1253/1757/1552
f 1243/1756/1551 1253/1757/1552 1254/1758/1553
f 1254/1758/1553 1253/1757/1552 1197/1759/1554
f 1254/1758/1553 1197/1759/1554 1255/1760/1555
f 1255/1760/1555 1197/1759/1554 1138/1761/1556
f 1255/1760/1555 1138/1761/1556 1256/1762/1557
f 1256/1762/1557 1138/1761/1556 1257/1763/1558
f 1256/1762/1557 1257/1763/1558 1246/1764/1559
f 1246/1764/1559 1257/1763/1558 1247/1765/1560
f 1246/1764/1559 1247/1765/1560 1236/1766/1561
f 1236/1766/1561 1247/1765/1560 1237/1767/1562
f 1236/1766/1561 1237/1767/1562 1226/1768/1563
f 1226/1768/1563 1237/1767/1562 1227/1769/1564
f 1226/1768/1563 1227/1769/1564 1216/1770/1565
f 1216/1770/1565 1227/1769/1564 1217/1771/1566
f 1216/1770/1565 1217/1771/1566 1185/1772/1567
f 1185/1772/1567 1217/1771/1566 1218/1773/1568
f 1185/1772/1567 1218/1773/1568 1219/1774/1569
f 1219/1774/1569 1218/1773/1568 1229/1775/1570
f 1219/1774/1569 1229/1775/1570 1230/1776/1571
f 1230/1776/1571 1229/1775/1570 1240/1777/1572
f 1230/1776/1571 1240/1777/1572 1241/1778/1573
f 1241/1778/1573 1240/1777/1572 1251/1779/1574
f 1241/1778/1573 1251/1779/1574 1252/1780/1575
f 1252/1780/1575 1251/1779/1574 1262/1781/1576
f 1252/1780/1575 1262/1781/1576 1263/1782/1577
f 1263/1782/1577 1262/1781/1576 1138/1761/1556
f 1263/1782/1577 1138/1761/1556 1199/1783/1578
f 1191/1746/1541 1192/1784/1579 1204/1747/1542
f 1204/1747/1542 1192/1784/1579 1205/1785/1580
f 1204/1747/1542 1205/1785/1580 1209/1749/1544
f 1209/1749/1544 1205/1785/1580 1220/1751/1546
f 1192/1784/1579 1193/1786/1581 1205/1785/1580
f 1205/1785/1580 1193/1786/1581 1206/1787/1582
f 1205/1785/1580 1206/1787/1582 1220/1751/1546
f 1220/1751/1546 1206/1787/1582 1231/1753/1548
f 1193/1786/1581 1194/1788/1583 1206/1787/1582
f 1206/1787/1582 1194/1788/1583 1195/1789/1584
f 1206/1787/1582 1195/1789/1584 1207/1790/1585
f 1207/1790/1585 1195/1789/1584 1196/1791/1586
f 1207/1790/1585 1196/1791/1586 1208/1792/1587
f 1208/1792/1587 1196/1791/1586 1197/1759/1554
f 1208/1792/1587 1197/1759/1554 1253/1757/1552
f 1197/1759/1554 1198/1793/1588 1138/1761/1556
f 1199/1783/1578 1200/1794/1589 1263/1782/1577
f 1263/1782/1577 1200/1794/1589 1252/1780/1575
f 1200/1794/1589 1201/1795/1590 1252/1780/1575
f 1252/1780/1575 1201/1795/1590 1241/1778/1573
f 1201/1795/1590 1202/1796/1591 1241/1778/1573
f 1241/1778/1573 1202/1796/1591 1230/1776/1571
f 1202/1796/1591 1203/1797/1592 1230/1776/1571
f 1230/1776/1571 1203/1797/1592 1219/1774/1569
f 1203/1797/1592 1185/1772/1567 1219/1774/1569
f 1184/1748/1543 1214/1798/1593 1185/1772/1567
f 1185/1772/1567 1214/1798/1593 1215/1799/1594
f 1185/1772/1567 1215/1799/1594 1216/1770/1565
f 1216/1770/1565 1215/1799/1594 1226/1768/1563
f 1210/1750/1545 1211/1800/1595 1184/1748/1543
f 1184/1748/1543 1211/1800/1595 1212/1801/1596
f 1184/1748/1543 1212/1801/1596 1213/1802/1597
f 1213/1802/1597 1212/1801/1596 1223/1803/1598
f 1213/1802/1597 1223/1803/1598 1224/1804/1599
f 1224/1804/1599 1223/1803/1598 1234/1805/1600
f 1224/1804/1599 1234/1805/1600 1235/1806/1601
f 1235/1806/1601 1234/1805/1600 1245/1807/1602
f 1235/1806/1601 1245/1807/1602 1246/1764/1559
f 1246/1764/1559 1245/1807/1602 1256/1762/1557
f 1210/1750/1545 1221/1752/1547 1211/1800/1595
f 1211/1800/1595 1221/1752/1547 1222/1808/1603
f 1211/1800/1595 1222/1808/1603 1212/1801/1596
f 1212/1801/1596 1222/1808/1603 1223/1803/1598
f 1214/1798/1593 1184/1748/1543 1213/1802/1597
f 1213/1802/1597 1224/1804/1599 1214/1798/1593
f 1214/1798/1593 1224/1804/1599 1225/1809/1604
f 1214/1798/1593 1225/1809/1604 1215/1799/1594
f 1215/1799/1594 1225/1809/1604 1226/1768/1563
f 1218/1773/1568 1217/1771/1566 1228/1810/1605
f 1228/1810/1605 1217/1771/1566 1227/1769/1564
f 1228/1810/1605 1227/1769/1564 1238/1811/1606
f 1238/1811/1606 1227/1769/1564 1237/1767/1562
f 1238/1811/1606 1237/1767/1562 1248/1812/1607
f 1248/1812/1607 1237/1767/1562 1247/1765/1560
f 1248/1812/1607 1247/1765/1560 1258/1813/1608
f 1258/1813/1608 1247/1765/1560 1257/1763/1558
f 1258/1813/1608 1257/1763/1558 1138/1761/1556
f 1221/1752/1547 1232/1754/1549 1222/1808/1603
f 1222/1808/1603 1232/1754/1549 1233/1814/1609
f 1222/1808/1603 1233/1814/1609 1223/1803/1598
f 1223/1803/1598 1233/1814/1609 1234/1805/1600
f 1236/1766/1561 1226/1768/1563 1225/1809/1604
f 1236/1766/1561 1225/1809/1604 1235/1806/1601
f 1235/1806/1601 1225/1809/1604 1224/1804/1599
f 1218/1773/1568 1228/1810/1605 1229/1775/1570
f 1229/1775/1570 1228/1810/1605 1239/1815/1610
f 1229/1775/1570 1239/1815/1610 1240/1777/1572
f 1240/1777/1572 1239/1815/1610 1250/1816/1611
f 1240/1777/1572 1250/1816/1611 1251/1779/1574
f 1251/1779/1574 1250/1816/1611 1261/1817/1612
f 1251/1779/1574 1261/1817/1612 1262/1781/1576
f 1262/1781/1576 1261/1817/1612 1138/1761/1556
f 1239/1815/1610 1228/1810/1605 1238/1811/1606
f 1242/1755/1550 1231/1753/1548 1207/1790/1585
f 1207/1790/1585 1231/1753/1548 1206/1787/1582
f 1232/1754/1549 1243/1756/1551 1233/1814/1609
f 1233/1814/1609 1243/1756/1551 1244/1818/1613
f 1233/1814/1609 1244/1818/1613 1234/1805/1600
f 1234/1805/1600 1244/1818/1613 1245/1807/1602
f 1246/1764/1559 1236/1766/1561 1235/1806/1601
f 1239/1815/1610 1238/1811/1606 1249/1819/1614
f 1249/1819/1614 1238/1811/1606 1248/1812/1607
f 1249/1819/1614 1248/1812/1607 1259/1820/1615
f 1259/1820/1615 1248/1812/1607 1258/1813/1608
f 1259/1820/1615 1258/1813/1608 1138/1761/1556
f 1253/1757/1552 1242/1755/1550 1208/1792/1587
f 1208/1792/1587 1242/1755/1550 1207/1790/1585
f 1243/1756/1551 1254/1758/1553 1244/1818/1613
f 1244/1818/1613 1254/1758/1553 1255/1760/1555
f 1244/1818/1613 1255/1760/1555 1245/1807/1602
f 1245/1807/1602 1255/1760/1555 1256/1762/1557
f 1239/1815/1610 1249/1819/1614 1250/1816/1611
f 1250/1816/1611 1249/1819/1614 1260/1821/1616
f 1250/1816/1611 1260/1821/1616 1261/1817/1612
f 1261/1817/1612 1260/1821/1616 1138/1761/1556
f 1260/1821/1616 1249/1819/1614 1259/1820/1615
f 1138/1761/1556 1260/1821/1616 1259/1820/1615
f 1268/1822/1617 1190/1823/1618 1273/1824/1619
f 1273/1824/1619 1190/1823/1618 1189/1825/1620
f 1273/1824/1619 1189/1825/1620 1280/1826/1621
f 1280/1826/1621 1189/1825/1620 1188/1827/1622
f 1280/1826/1621 1188/1827/1622 1287/1828/1623
f 1287/1828/1623 1188/1827/1622 1270/1829/1624
f 1287/1828/1623 1270/1829/1624 1298/1830/1625
f 1298/1830/1625 1270/1829/1624 1300/1831/1626
f 1298/1830/1625 1300/1831/1626 1301/1832/1627
f 1301/1832/1627 1300/1831/1626 1316/1833/1628
f 1301/1832/1627 1316/1833/1628 1315/1834/1629
f 1315/1834/1629 1316/1833/1628 1309/1835/1630
f 1315/1834/1629 1309/1835/1630 1310/1836/1631
f 1310/1836/1631 1309/1835/1630 1200/1837/1632
f 1310/1836/1631 1200/1837/1632 1199/1838/1633
f 1188/1827/1622 1187/1839/1634 1270/1829/1624
f 1270/1829/1624 1187/1839/1634 1299/1840/1635
f 1270/1829/1624 1299/1840/1635 1300/1831/1626
f 1300/1831/1626 1299/1840/1635 1317/1841/1636
f 1300/1831/1626 1317/1841/1636 1316/1833/1628
f 1316/1833/1628 1317/1841/1636 1308/1842/1637
f 1316/1833/1628 1308/1842/1637 1309/1835/1630
f 1309/1835/1630 1308/1842/1637 1201/1843/1638
f 1309/1835/1630 1201/1843/1638 1200/1837/1632
f 1299/1840/1635 1187/1839/1634 1272/1844/1639
f 1272/1844/1639 1187/1839/1634 1186/1845/1640
f 1272/1844/1639 1186/1845/1640 1306/1846/1641
f 1306/1846/1641 1186/1845/1640 1185/1847/1642
f 1306/1846/1641 1185/1847/1642 1203/1848/1643
f 1306/1846/1641 1203/1848/1643 1307/1849/1644
f 1307/1849/1644 1203/1848/1643 1202/1850/1645
f 1307/1849/1644 1202/1850/1645 1308/1842/1637
f 1308/1842/1637 1202/1850/1645 1201/1843/1638
f 1138/1851/1646 1312/1852/1647 1199/1838/1633
f 1199/1838/1633 1312/1852/1647 1311/1853/1648
f 1199/1838/1633 1311/1853/1648 1310/1836/1631
f 1310/1836/1631 1311/1853/1648 1314/1854/1649
f 1310/1836/1631 1314/1854/1649 1315/1834/1629
f 1315/1834/1629 1314/1854/1649 1302/1855/1650
f 1315/1834/1629 1302/1855/1650 1301/1832/1627
f 1301/1832/1627 1302/1855/1650 1297/1856/1651
f 1301/1832/1627 1297/1856/1651 1298/1830/1625
f 1298/1830/1625 1297/1856/1651 1288/1857/1652
f 1298/1830/1625 1288/1857/1652 1287/1828/1623
f 1287/1828/1623 1288/1857/1652 1280/1826/1621
f 1138/1851/1646 1137/1858/1653 1312/1852/1647
f 1312/1852/1647 1137/1858/1653 1271/1859/1654
f 1312/1852/1647 1271/1859/1654 1313/1860/1655
f 1313/1860/1655 1271/1859/1654 1304/1861/1656
f 1313/1860/1655 1304/1861/1656 1303/1862/1657
f 1303/1862/1657 1304/1861/1656 1295/1863/1658
f 1303/1862/1657 1295/1863/1658 1296/1864/1659
f 1296/1864/1659 1295/1863/1658 1290/1865/1660
f 1296/1864/1659 1290/1865/1660 1289/1866/1661
f 1289/1866/1661 1290/1865/1660 1282/1867/1662
f 1289/1866/1661 1282/1867/1662 1281/1868/1663
f 1281/1868/1663 1282/1867/1662 1274/1869/1664
f 1281/1868/1663 1274/1869/1664 1273/1824/1619
f 1273/1824/1619 1274/1869/1664 1268/1822/1617
f 1137/1858/1653 1136/1870/1665 1271/1859/1654
f 1271/1859/1654 1136/1870/1665 1305/1871/1666
f 1271/1859/1654 1305/1871/1666 1304/1861/1656
f 1304/1861/1656 1305/1871/1666 1294/1872/1667
f 1304/1861/1656 1294/1872/1667 1295/1863/1658
f 1295/1863/1658 1294/1872/1667 1291/1873/1668
f 1295/1863/1658 1291/1873/1668 1290/1865/1660
f 1290/1865/1660 1291/1873/1668 1283/1874/1669
f 1290/1865/1660 1283/1874/1669 1282/1867/1662
f 1282/1867/1662 1283/1874/1669 1275/1875/1670
f 1282/1867/1662 1275/1875/1670 1274/1869/1664
f 1274/1869/1664 1275/1875/1670 1267/1876/1671
f 1274/1869/1664 1267/1876/1671 1268/1822/1617
f 1305/1871/1666 1136/1870/1665 1269/1877/1672
f 1269/1877/1672 1136/1870/1665 1135/1878/1673
f 1269/1877/1672 1135/1878/1673 1293/1879/1674
f 1293/1879/1674 1135/1878/1673 1286/1880/1675
f 1293/1879/1674 1286/1880/1675 1285/1881/1676
f 1285/1881/1676 1286/1880/1675 1278/1882/1677
f 1285/1881/1676 1278/1882/1677 1277/1883/1678
f 1277/1883/1678 1278/1882/1677 1265/1884/1679
f 1277/1883/1678 1265/1884/1679 1276/1885/1680
f 1276/1885/1680 1265/1884/1679 1266/1886/1681
f 1276/1885/1680 1266/1886/1681 1275/1875/1670
f 1275/1875/1670 1266/1886/1681 1267/1876/1671
f 1135/1878/1673 1134/1887/1682 1286/1880/1675
f 1286/1880/1675 1134/1887/1682 1279/1888/1683
f 1286/1880/1675 1279/1888/1683 1278/1882/1677
f 1278/1882/1677 1279/1888/1683 1264/1889/1684
f 1278/1882/1677 1264/1889/1684 1265/1884/1679
f 1134/1887/1682 992/1890/1685 1279/1888/1683
f 1279/1888/1683 992/1890/1685 1264/1889/1684
f 1275/1875/1670 1283/1874/1669 1276/1885/1680
f 1276/1885/1680 1283/1874/1669 1284/1891/1686
f 1276/1885/1680 1284/1891/1686 1277/1883/1678
f 1277/1883/1678 1284/1891/1686 1285/1881/1676
f 1273/1824/1619 1280/1826/1621 1281/1868/1663
f 1281/1868/1663 1280/1826/1621 1288/1857/1652
f 1281/1868/1663 1288/1857/1652 1289/1866/1661
f 1289/1866/1661 1288/1857/1652 1297/1856/1651
f 1289/1866/1661 1297/1856/1651 1296/1864/1659
f 1296/1864/1659 1297/1856/1651 1302/1855/1650
f 1296/1864/1659 1302/1855/1650 1303/1862/1657
f 1303/1862/1657 1302/1855/1650 1314/1854/1649
f 1303/1862/1657 1314/1854/1649 1313/1860/1655
f 1313/1860/1655 1314/1854/1649 1311/1853/1648
f 1313/1860/1655 1311/1853/1648 1312/1852/1647
f 1283/1874/1669 1291/1873/1668 1284/1891/1686
f 1284/1891/1686 1291/1873/1668 1292/1892/1687
f 1284/1891/1686 1292/1892/1687 1285/1881/1676
f 1285/1881/1676 1292/1892/1687 1293/1879/1674
f 1269/1877/1672 1293/1879/1674 1292/1892/1687
f 1269/1877/1672 1292/1892/1687 1294/1872/1667
f 1294/1872/1667 1292/1892/1687 1291/1873/1668
f 1269/1877/1672 1294/1872/1667 1305/1871/1666
f 1306/1846/1641 1307/1849/1644 1272/1844/1639
f 1272/1844/1639 1307/1849/1644 1317/1841/1636
f 1272/1844/1639 1317/1841/1636 1299/1840/1635
f 1307/1849/1644 1308/1842/1637 1317/1841/1636
f 992/1893/1688 287/1894/1689 1264/1895/1690
f 1264/1895/1690 287/1894/1689 286/1896/1691
f 1264/1895/1690 286/1896/1691 285/1897/1692
f 1264/1895/1690 285/1897/1692 1265/1898/1693
f 1265/1898/1693 285/1897/1692 284/1899/1694
f 1265/1898/1693 284/1899/1694 1266/1900/1695
f 1266/1900/1695 284/1899/1694 283/1901/1696
f 1266/1900/1695 283/1901/1696 1267/1902/1697
f 1267/1902/1697 283/1901/1696 282/1903/1698
f 1267/1902/1697 282/1903/1698 1268/1904/1699
f 1268/1904/1699 282/1903/1698 281/1905/1700
f 1268/1904/1699 281/1905/1700 1190/1906/1701
f 1011/1907/1702 1024/1908/1703 1198/1909/1704
f 1198/1909/1704 1024/1908/1703 1138/1910/1705
f 296/1911/312 295/1912/267 1324/1913/1706
f 1324/1913/1706 295/1912/267 1010/1914/1707
f 1324/1913/1706 1010/1914/1707 1009/1915/1708
f 1324/1913/1706 1009/1915/1708 1325/1916/1709
f 1325/1916/1709 1009/1915/1708 1008/1917/1710
f 1325/1916/1709 1008/1917/1710 1326/1918/1711
f 1326/1918/1711 1008/1917/1710 1007/1919/1712
f 1326/1918/1711 1007/1919/1712 1327/1920/1713
f 1327/1920/1713 1007/1919/1712 1006/1921/1714
f 1327/1920/1713 1006/1921/1714 1328/1922/1715
f 1328/1922/1715 1006/1921/1714 1005/1923/1716
f 1328/1922/1715 1005/1923/1716 1018/1924/1717
f 1328/1922/1715 1018/1924/1717 1318/1925/1718
f 1318/1925/1718 1018/1924/1717 1017/1926/1719
f 1318/1925/1718 1017/1926/1719 1016/1927/1720
f 1016/1927/1720 1015/1928/1721 1318/1925/1718
f 1318/1925/1718 1015/1928/1721 1014/1929/1722
f 1318/1925/1718 1014/1929/1722 1013/1930/1723
f 1013/1930/1723 1012/1931/1724 1318/1925/1718
f 1318/1925/1718 1012/1931/1724 1011/1932/1725
f 1318/1925/1718 1319/1933/1726 1328/1922/1715
f 1328/1922/1715 1319/1933/1726 1327/1920/1713
f 1319/1933/1726 1320/1934/1727 1327/1920/1713
f 1327/1920/1713 1320/1934/1727 1326/1918/1711
f 1320/1934/1727 1321/1935/1728 1326/1918/1711
f 1326/1918/1711 1321/1935/1728 1325/1916/1709
f 1321/1935/1728 1322/1936/1729 1325/1916/1709
f 1325/1916/1709 1322/1936/1729 1324/1913/1706
f 1322/1936/1729 1323/1937/1730 1324/1913/1706
f 1324/1913/1706 1323/1937/1730 296/1911/312
f 1329/1938/1731 1346/1939/1732 1318/1940/1718
f 1318/1940/1718 1346/1939/1732 1345/1941/1733
f 1318/1940/1718 1345/1941/1733 1319/1942/1726
f 1319/1942/1726 1345/1941/1733 1354/1943/1734
f 1319/1942/1726 1354/1943/1734 1320/1944/1727
f 1320/1944/1727 1354/1943/1734 1355/1945/1735
f 1320/1944/1727 1355/1945/1735 1321/1946/1728
f 1321/1946/1728 1355/1945/1735 1362/1947/1736
f 1321/1946/1728 1362/1947/1736 1322/1948/1729
f 1322/1948/1729 1362/1947/1736 1361/1949/1737
f 1322/1948/1729 1361/1949/1737 1364/1950/1738
f 1364/1950/1738 1361/1949/1737 1360/1951/1739
f 1364/1950/1738 1360/1951/1739 1363/1952/1740
f 1363/1952/1740 1360/1951/1739 1339/1953/1741
f 1363/1952/1740 1339/1953/1741 296/1954/312
f 1329/1938/1731 1330/1955/1742 1346/1939/1732
f 1346/1939/1732 1330/1955/1742 1347/1956/1743
f 1346/1939/1732 1347/1956/1743 1345/1941/1733
f 1345/1941/1733 1347/1956/1743 1344/1957/1744
f 1345/1941/1733 1344/1957/1744 1354/1943/1734
f 1354/1943/1734 1344/1957/1744 1353/1958/1745
f 1354/1943/1734 1353/1958/1745 1355/1945/1735
f 1355/1945/1735 1353/1958/1745 1352/1959/1746
f 1355/1945/1735 1352/1959/1746 1356/1960/1747
f 1356/1960/1747 1352/1959/1746 1351/1961/1748
f 1356/1960/1747 1351/1961/1748 1357/1962/1749
f 1357/1962/1749 1351/1961/1748 1340/1963/1750
f 1357/1962/1749 1340/1963/1750 1358/1964/1751
f 1358/1964/1751 1340/1963/1750 1337/1965/1752
f 1358/1964/1751 1337/1965/1752 1359/1966/1753
f 1359/1966/1753 1337/1965/1752 1338/1967/1754
f 1359/1966/1753 1338/1967/1754 1360/1951/1739
f 1360/1951/1739 1338/1967/1754 1339/1953/1741
f 1347/1956/1743 1330/1955/1742 1348/1968/1755
f 1348/1968/1755 1330/1955/1742 1331/1969/1756
f 1348/1968/1755 1331/1969/1756 1349/1970/1757
f 1349/1970/1757 1331/1969/1756 1332/1971/1758
f 1349/1970/1757 1332/1971/1758 1350/1972/1759
f 1350/1972/1759 1332/1971/1758 1333/1973/1760
f 1350/1972/1759 1333/1973/1760 1334/1974/1761
f 1334/1974/1761 1335/1975/1762 1350/1972/1759
f 1350/1972/1759 1335/1975/1762 1341/1976/1763
f 1350/1972/1759 1341/1976/1763 1342/1977/1764
f 1342/1977/1764 1341/1976/1763 1351/1961/1748
f 1342/1977/1764 1351/1961/1748 1352/1959/1746
f 1335/1975/1762 1336/1978/1765 1341/1976/1763
f 1341/1976/1763 1336/1978/1765 1340/1963/1750
f 1341/1976/1763 1340/1963/1750 1351/1961/1748
f 1336/1978/1765 1337/1965/1752 1340/1963/1750
f 296/1954/312 1323/1979/1730 1363/1952/1740
f 1363/1952/1740 1323/1979/1730 1364/1950/1738
f 1323/1979/1730 1322/1948/1729 1364/1950/1738
f 1349/1970/1757 1350/1972/1759 1342/1977/1764
f 1348/1968/1755 1349/1970/1757 1343/1980/1766
f 1343/1980/1766 1349/1970/1757 1342/1977/1764
f 1343/1980/1766 1342/1977/1764 1352/1959/1746
f 1347/1956/1743 1348/1968/1755 1344/1957/1744
f 1344/1957/1744 1348/1968/1755 1343/1980/1766
f 1344/1957/1744 1343/1980/1766 1353/1958/1745
f 1353/1958/1745 1343/1980/1766 1352/1959/1746
f 1361/1949/1737 1362/1947/1736 1356/1960/1747
f 1356/1960/1747 1362/1947/1736 1355/1945/1735
f 1360/1951/1739 1361/1949/1737 1357/1962/1749
f 1357/1962/1749 1361/1949/1737 1356/1960/1747
f 1359/1966/1753 1360/1951/1739 1358/1964/1751
f 1358/1964/1751 1360/1951/1739 1357/1962/1749
f 1318/1981/1718 1365/1982/1767 1329/1983/1731
f 1329/1983/1731 1365/1982/1767 1366/1984/1768
f 1329/1983/1731 1366/1984/1768 1330/1985/1742
f 1330/1985/1742 1366/1984/1768 1367/1986/1769
f 1330/1985/1742 1367/1986/1769 1331/1987/1756
f 1331/1987/1756 1367/1986/1769 1368/1988/1770
f 1331/1987/1756 1368/1988/1770 1332/1989/1758
f 1332/1989/1758 1368/1988/1770 1369/1990/1771
f 1332/1989/1758 1369/1990/1771 1333/1991/1760
f 1333/1991/1760 1369/1990/1771 1370/1992/1772
f 1333/1991/1760 1370/1992/1772 1334/1993/1761
f 1334/1993/1761 1370/1992/1772 1371/1994/1773
f 1381/1995/1774 1371/1996/1773 1388/1997/1775
f 1388/1997/1775 1371/1996/1773 1370/1998/1772
f 1388/1997/1775 1370/1998/1772 1369/1999/1771
f 1388/1997/1775 1369/1999/1771 1387/2000/1776
f 1387/2000/1776 1369/1999/1771 1368/2001/1770
f 1387/2000/1776 1368/2001/1770 1386/2002/1777
f 1386/2002/1777 1368/2001/1770 1367/2003/1769
f 1386/2002/1777 1367/2003/1769 1385/2004/1778
f 1385/2004/1778 1367/2003/1769 1366/2005/1768
f 1385/2004/1778 1366/2005/1768 1384/2006/1779
f 1384/2006/1779 1366/2005/1768 1365/2007/1767
f 1384/2006/1779 1365/2007/1767 1389/2008/1780
f 1389/2008/1780 1365/2007/1767 1372/2009/1781
f 1389/2008/1780 1372/2009/1781 1394/2010/1782
f 1394/2010/1782 1372/2009/1781 1373/2011/1783
f 1394/2010/1782 1373/2011/1783 1382/2012/1784
f 1382/2012/1784 1373/2011/1783 1374/2013/1785
f 1382/2012/1784 1374/2013/1785 1401/2014/1786
f 1401/2014/1786 1374/2013/1785 1375/2015/1787
f 1401/2014/1786 1375/2015/1787 1402/2016/1788
f 1402/2016/1788 1375/2015/1787 1405/2017/1789
f 1402/2016/1788 1405/2017/1789 1406/2018/1790
f 1406/2018/1790 1405/2017/1789 1376/2019/1791
f 1406/2018/1790 1376/2019/1791 512/2020/627
f 1375/2015/1787 1376/2019/1791 1405/2017/1789
f 512/2020/627 1377/2021/1792 1406/2018/1790
f 1406/2018/1790 1377/2021/1792 1403/2022/1793
f 1406/2018/1790 1403/2022/1793 1402/2016/1788
f 1402/2016/1788 1403/2022/1793 1398/2023/1794
f 1402/2016/1788 1398/2023/1794 1382/2012/1784
f 1382/2012/1784 1398/2023/1794 1395/2024/1795
f 1382/2012/1784 1395/2024/1795 1394/2010/1782
f 1394/2010/1782 1395/2024/1795 1389/2008/1780
f 1377/2021/1792 1378/2025/1796 1403/2022/1793
f 1403/2022/1793 1378/2025/1796 1404/2026/1797
f 1403/2022/1793 1404/2026/1797 1399/2027/1798
f 1399/2027/1798 1404/2026/1797 1400/2028/1799
f 1399/2027/1798 1400/2028/1799 1397/2029/1800
f 1397/2029/1800 1400/2028/1799 1383/2030/1801
f 1397/2029/1800 1383/2030/1801 1392/2031/1802
f 1392/2031/1802 1383/2030/1801 1393/2032/1803
f 1392/2031/1802 1393/2032/1803 1387/2000/1776
f 1387/2000/1776 1393/2032/1803 1388/1997/1775
f 1378/2025/1796 1379/2033/1804 1404/2026/1797
f 1404/2026/1797 1379/2033/1804 1400/2028/1799
f 1400/2028/1799 1379/2033/1804 1383/2030/1801
f 1383/2030/1801 1379/2033/1804 1380/2034/1805
f 1383/2030/1801 1380/2034/1805 1393/2032/1803
f 1393/2032/1803 1380/2034/1805 1381/1995/1774
f 1393/2032/1803 1381/1995/1774 1388/1997/1775
f 1385/2004/1778 1384/2006/1779 1390/2035/1806
f 1390/2035/1806 1384/2006/1779 1389/2008/1780
f 1390/2035/1806 1389/2008/1780 1395/2024/1795
f 1392/2031/1802 1387/2000/1776 1386/2002/1777
f 1386/2002/1777 1385/2004/1778 1391/2036/1807
f 1391/2036/1807 1385/2004/1778 1390/2035/1806
f 1391/2036/1807 1390/2035/1806 1396/2037/1808
f 1396/2037/1808 1390/2035/1806 1395/2024/1795
f 1396/2037/1808 1395/2024/1795 1398/2023/1794
f 1397/2029/1800 1392/2031/1802 1391/2036/1807
f 1391/2036/1807 1392/2031/1802 1386/2002/1777
f 1397/2029/1800 1391/2036/1807 1396/2037/1808
f 1399/2027/1798 1397/2029/1800 1396/2037/1808
f 1399/2027/1798 1396/2037/1808 1398/2023/1794
f 1403/2022/1793 1399/2027/1798 1398/2023/1794
f 1401/2014/1786 1402/2016/1788 1382/2012/1784
f 1318/2038/1718 1011/2039/1725 1365/2040/1767
f 1365/2040/1767 1011/2039/1725 1408/2041/1809
f 1408/2041/1809 1011/2039/1725 1198/2042/1810
f 1408/2041/1809 1198/2042/1810 1407/2043/1811
f 1191/2044/1812 1184/2045/1813 1414/2046/1814
f 1414/2046/1814 1184/2045/1813 1183/2047/1815
f 1414/2046/1814 1183/2047/1815 1415/2048/1816
f 1415/2048/1816 1183/2047/1815 1182/2049/1817
f 1415/2048/1816 1182/2049/1817 1416/2050/1818
f 1416/2050/1818 1182/2049/1817 1181/2051/1819
f 1416/2050/1818 1181/2051/1819 1417/2052/1820
f 1417/2052/1820 1181/2051/1819 1180/2053/1821
f 1417/2052/1820 1180/2053/1821 1418/2054/1822
f 1418/2054/1822 1180/2053/1821 1179/2055/1823
f 1418/2054/1822 1179/2055/1823 279/2056/282
f 279/2056/282 1179/2055/1823 280/2057/300
f 279/2056/282 1409/2058/1824 1418/2054/1822
f 1418/2054/1822 1409/2058/1824 1417/2052/1820
f 1409/2058/1824 1410/2059/1825 1417/2052/1820
f 1417/2052/1820 1410/2059/1825 1416/2050/1818
f 1410/2059/1825 1411/2060/1826 1416/2050/1818
f 1416/2050/1818 1411/2060/1826 1415/2048/1816
f 1411/2060/1826 1412/2061/1827 1415/2048/1816
f 1415/2048/1816 1412/2061/1827 1414/2046/1814
f 1412/2061/1827 1413/2062/1828 1414/2046/1814
f 1414/2046/1814 1413/2062/1828 1191/2044/1812
f 1413/2062/1828 1407/2063/1811 1191/2044/1812
f 1191/2044/1812 1407/2063/1811 1192/2064/1829
f 1192/2064/1829 1407/2063/1811 1193/2065/1830
f 1193/2065/1830 1407/2063/1811 1194/2066/1831
f 1194/2066/1831 1407/2063/1811 1195/2067/1832
f 1195/2067/1832 1407/2063/1811 1196/2068/1833
f 1196/2068/1833 1407/2063/1811 1197/2069/1834
f 1197/2069/1834 1407/2063/1811 1198/2070/1810
f 297/2071/250 296/2072/312 947/2073/1835
f 947/2073/1835 296/2072/312 1339/2074/1741
f 947/2073/1835 1339/2074/1741 948/2075/1836
f 948/2075/1836 1339/2074/1741 1338/2076/1754
f 948/2075/1836 1338/2076/1754 949/2077/1837
f 949/2077/1837 1338/2076/1754 1337/2078/1752
f 949/2077/1837 1337/2078/1752 950/2079/1838
f 950/2079/1838 1337/2078/1752 1336/2080/1765
f 950/2079/1838 1336/2080/1765 951/2081/1839
f 951/2081/1839 1336/2080/1765 1335/2082/1762
f 951/2081/1839 1335/2082/1762 895/2083/1840
f 895/2083/1840 1335/2082/1762 1334/2084/1761
f 1408/2085/1809 1407/2086/1811 1430/2087/1841
f 1430/2087/1841 1407/2086/1811 1419/2088/1842
f 1430/2087/1841 1419/2088/1842 1429/2089/1843
f 1429/2089/1843 1419/2088/1842 1420/2090/1844
f 1429/2089/1843 1420/2090/1844 1428/2091/1845
f 1428/2091/1845 1420/2090/1844 1421/2092/1846
f 1428/2091/1845 1421/2092/1846 1427/2093/1847
f 1427/2093/1847 1421/2092/1846 1422/2094/1848
f 1427/2093/1847 1422/2094/1848 1426/2095/1849
f 1426/2095/1849 1422/2094/1848 1423/2096/1850
f 1426/2095/1849 1423/2096/1850 1425/2097/1851
f 1425/2097/1851 1423/2096/1850 1424/2098/1852
f 1440/2099/1853 1408/2100/1809 1441/2101/1854
f 1441/2101/1854 1408/2100/1809 1430/2102/1841
f 1441/2101/1854 1430/2102/1841 1443/2103/1855
f 1443/2103/1855 1430/2102/1841 1429/2104/1843
f 1443/2103/1855 1429/2104/1843 1447/2105/1856
f 1447/2105/1856 1429/2104/1843 1428/2106/1845
f 1447/2105/1856 1428/2106/1845 1452/2107/1857
f 1452/2107/1857 1428/2106/1845 1427/2108/1847
f 1452/2107/1857 1427/2108/1847 1457/2109/1858
f 1457/2109/1858 1427/2108/1847 1426/2110/1849
f 1457/2109/1858 1426/2110/1849 1461/2111/1859
f 1461/2111/1859 1426/2110/1849 1425/2112/1851
f 1461/2111/1859 1425/2112/1851 1431/2113/1860
f 1461/2111/1859 1431/2113/1860 1462/2114/1861
f 1462/2114/1861 1431/2113/1860 1432/2115/1862
f 1462/2114/1861 1432/2115/1862 1458/2116/1863
f 1458/2116/1863 1432/2115/1862 1459/2117/1864
f 1458/2116/1863 1459/2117/1864 1453/2118/1865
f 1453/2118/1865 1459/2117/1864 1454/2119/1866
f 1453/2118/1865 1454/2119/1866 1448/2120/1867
f 1448/2120/1867 1454/2119/1866 1449/2121/1868
f 1448/2120/1867 1449/2121/1868 1444/2122/1869
f 1444/2122/1869 1449/2121/1868 1445/2123/1870
f 1444/2122/1869 1445/2123/1870 1439/2124/1871
f 1439/2124/1871 1445/2123/1870 1438/2125/1872
f 1438/2125/1872 1445/2123/1870 1446/2126/1873
f 1438/2125/1872 1446/2126/1873 1437/2127/1874
f 1437/2127/1874 1446/2126/1873 1450/2128/1875
f 1437/2127/1874 1450/2128/1875 1451/2129/1876
f 1451/2129/1876 1450/2128/1875 1456/2130/1877
f 1451/2129/1876 1456/2130/1877 513/2131/629
f 513/2131/629 1456/2130/1877 1435/2132/1878
f 1435/2132/1878 1456/2130/1877 1434/2133/1879
f 1434/2133/1879 1456/2130/1877 1455/2134/1880
f 1434/2133/1879 1455/2134/1880 1460/2135/1881
f 1460/2135/1881 1455/2134/1880 1454/2119/1866
f 1460/2135/1881 1454/2119/1866 1459/2117/1864
f 1432/2115/1862 1433/2136/1882 1459/2117/1864
f 1459/2117/1864 1433/2136/1882 1460/2135/1881
f 1433/2136/1882 1434/2133/1879 1460/2135/1881
f 513/2131/629 1436/2137/1883 1451/2129/1876
f 1451/2129/1876 1436/2137/1883 1437/2127/1874
f 1444/2122/1869 1439/2124/1871 1442/2138/1884
f 1442/2138/1884 1439/2124/1871 1440/2099/1853
f 1442/2138/1884 1440/2099/1853 1441/2101/1854
f 1444/2122/1869 1442/2138/1884 1441/2101/1854
f 1448/2120/1867 1444/2122/1869 1443/2103/1855
f 1443/2103/1855 1444/2122/1869 1441/2101/1854
f 1450/2128/1875 1446/2126/1873 1445/2123/1870
f 1450/2128/1875 1445/2123/1870 1449/2121/1868
f 1453/2118/1865 1448/2120/1867 1447/2105/1856
f 1447/2105/1856 1448/2120/1867 1443/2103/1855
f 1454/2119/1866 1455/2134/1880 1449/2121/1868
f 1449/2121/1868 1455/2134/1880 1450/2128/1875
f 1455/2134/1880 1456/2130/1877 1450/2128/1875
f 1458/2116/1863 1453/2118/1865 1452/2107/1857
f 1452/2107/1857 1453/2118/1865 1447/2105/1856
f 1462/2114/1861 1458/2116/1863 1457/2109/1858
f 1457/2109/1858 1458/2116/1863 1452/2107/1857
f 1461/2111/1859 1462/2114/1861 1457/2109/1858
f 1419/2139/1842 1407/2140/1811 1470/2141/1885
f 1470/2141/1885 1407/2140/1811 1413/2142/1828
f 1470/2141/1885 1413/2142/1828 1469/2143/1886
f 1469/2143/1886 1413/2142/1828 1412/2144/1827
f 1469/2143/1886 1412/2144/1827 1473/2145/1887
f 1473/2145/1887 1412/2144/1827 1472/2146/1888
f 1473/2145/1887 1472/2146/1888 1478/2147/1889
f 1478/2147/1889 1472/2146/1888 1477/2148/1890
f 1478/2147/1889 1477/2148/1890 1483/2149/1891
f 1483/2149/1891 1477/2148/1890 1482/2150/1892
f 1483/2149/1891 1482/2150/1892 1487/2151/1893
f 1487/2151/1893 1482/2150/1892 1486/2152/1894
f 1487/2151/1893 1486/2152/1894 1466/2153/1895
f 1466/2153/1895 1486/2152/1894 1465/2154/1896
f 1465/2154/1896 1486/2152/1894 1485/2155/1897
f 1465/2154/1896 1485/2155/1897 1464/2156/1898
f 1464/2156/1898 1485/2155/1897 1481/2157/1899
f 1464/2156/1898 1481/2157/1899 1480/2158/1900
f 1480/2158/1900 1481/2157/1899 1475/2159/1901
f 1480/2158/1900 1475/2159/1901 279/2160/282
f 279/2160/282 1475/2159/1901 1409/2161/1824
f 1409/2161/1824 1475/2159/1901 1410/2162/1825
f 1410/2162/1825 1475/2159/1901 1476/2163/1902
f 1410/2162/1825 1476/2163/1902 1471/2164/1903
f 1471/2164/1903 1476/2163/1902 1477/2148/1890
f 1471/2164/1903 1477/2148/1890 1472/2146/1888
f 1412/2144/1827 1411/2165/1826 1472/2146/1888
f 1472/2146/1888 1411/2165/1826 1471/2164/1903
f 1411/2165/1826 1410/2162/1825 1471/2164/1903
f 279/2160/282 1463/2166/1904 1480/2158/1900
f 1480/2158/1900 1463/2166/1904 1464/2156/1898
f 1487/2151/1893 1466/2153/1895 1489/2167/1905
f 1489/2167/1905 1466/2153/1895 1467/2168/1906
f 1489/2167/1905 1467/2168/1906 1468/2169/1907
f 1468/2169/1907 1467/2168/1906 1424/2170/1852
f 1468/2169/1907 1424/2170/1852 1423/2171/1850
f 1468/2169/1907 1423/2171/1850 1488/2172/1908
f 1488/2172/1908 1423/2171/1850 1422/2173/1848
f 1488/2172/1908 1422/2173/1848 1484/2174/1909
f 1484/2174/1909 1422/2173/1848 1421/2175/1846
f 1484/2174/1909 1421/2175/1846 1479/2176/1910
f 1479/2176/1910 1421/2175/1846 1420/2177/1844
f 1479/2176/1910 1420/2177/1844 1474/2178/1911
f 1474/2178/1911 1420/2177/1844 1419/2139/1842
f 1474/2178/1911 1419/2139/1842 1470/2141/1885
f 1474/2178/1911 1470/2141/1885 1469/2143/1886
f 1479/2176/1910 1474/2178/1911 1473/2145/1887
f 1473/2145/1887 1474/2178/1911 1469/2143/1886
f 1479/2176/1910 1473/2145/1887 1478/2147/1889
f 1482/2150/1892 1477/2148/1890 1476/2163/1902
f 1482/2150/1892 1476/2163/1902 1481/2157/1899
f 1481/2157/1899 1476/2163/1902 1475/2159/1901
f 1484/2174/1909 1479/2176/1910 1478/2147/1889
f 1484/2174/1909 1478/2147/1889 1483/2149/1891
f 1486/2152/1894 1482/2150/1892 1481/2157/1899
f 1485/2155/1897 1486/2152/1894 1481/2157/1899
f 1488/2172/1908 1484/2174/1909 1483/2149/1891
f 1488/2172/1908 1483/2149/1891 1487/2151/1893
f 1468/2169/1907 1488/2172/1908 1487/2151/1893
f 1489/2167/1905 1468/2169/1907 1487/2151/1893
f 514/2179/671 513/2180/629 1490/2181/1912
f 1490/2181/1912 513/2180/629 1435/2182/1878
f 1490/2181/1912 1435/2182/1878 1492/2183/1913
f 1492/2183/1913 1435/2182/1878 1434/2184/1879
f 1492/2183/1913 1434/2184/1879 1494/2185/1914
f 1494/2185/1914 1434/2184/1879 1433/2186/1882
f 1494/2185/1914 1433/2186/1882 1496/2187/1915
f 1496/2187/1915 1433/2186/1882 1432/2188/1862
f 1496/2187/1915 1432/2188/1862 1498/2189/1916
f 1498/2189/1916 1432/2188/1862 1431/2190/1860
f 1498/2189/1916 1431/2190/1860 1425/2191/1851
f 1425/2191/1851 803/2192/1917 1498/2189/1916
f 1498/2189/1916 803/2192/1917 1499/2193/1918
f 1498/2189/1916 1499/2193/1918 1496/2187/1915
f 1496/2187/1915 1499/2193/1918 1497/2194/1919
f 1496/2187/1915 1497/2194/1919 1494/2185/1914
f 1494/2185/1914 1497/2194/1919 1495/2195/1920
f 1494/2185/1914 1495/2195/1920 1492/2183/1913
f 1492/2183/1913 1495/2195/1920 1493/2196/1921
f 1492/2183/1913 1493/2196/1921 1490/2181/1912
f 1490/2181/1912 1493/2196/1921 1491/2197/1922
f 1490/2181/1912 1491/2197/1922 514/2179/671
f 514/2179/671 1491/2197/1922 798/2198/1923
f 798/2198/1923 1491/2197/1922 1493/2196/1921
f 798/2198/1923 1493/2196/1921 799/2199/1924
f 799/2199/1924 1493/2196/1921 1495/2195/1920
f 799/2199/1924 1495/2195/1920 800/2200/1925
f 800/2200/1925 1495/2195/1920 1497/2194/1919
f 800/2200/1925 1497/2194/1919 801/2201/1926
f 801/2201/1926 1497/2194/1919 1499/2193/1918
f 801/2201/1926 1499/2193/1918 802/2202/1927
f 802/2202/1927 1499/2193/1918 803/2192/1917
f 1425/2203/1851 1424/2204/1852 803/2205/1917
f 803/2205/1917 1424/2204/1852 896/2206/1928
f 1467/2207/1906 1500/2208/1929 1424/2209/1852
f 1424/2209/1852 1500/2208/1929 1501/2210/1930
f 1424/2209/1852 1501/2210/1930 896/2211/1928
f 896/2211/1928 1501/2210/1930 897/2212/1931
f 897/2212/1931 1501/2210/1930 898/2213/1932
f 898/2213/1932 1501/2210/1930 1503/2214/1933
f 898/2213/1932 1503/2214/1933 899/2215/1934
f 899/2215/1934 1503/2214/1933 1505/2216/1935
f 899/2215/1934 1505/2216/1935 900/2217/1936
f 900/2217/1936 1505/2216/1935 1507/2218/1937
f 900/2217/1936 1507/2218/1937 901/2219/1938
f 901/2219/1938 1507/2218/1937 1509/2220/1939
f 901/2219/1938 1509/2220/1939 278/2221/181
f 278/2221/181 1509/2220/1939 1508/2222/1940
f 278/2221/181 1508/2222/1940 279/2223/282
f 279/2223/282 1508/2222/1940 1463/2224/1904
f 1463/2224/1904 1508/2222/1940 1464/2225/1898
f 1464/2225/1898 1508/2222/1940 1506/2226/1941
f 1464/2225/1898 1506/2226/1941 1465/2227/1896
f 1465/2227/1896 1506/2226/1941 1504/2228/1942
f 1465/2227/1896 1504/2228/1942 1466/2229/1895
f 1466/2229/1895 1504/2228/1942 1502/2230/1943
f 1466/2229/1895 1502/2230/1943 1467/2207/1906
f 1467/2207/1906 1502/2230/1943 1500/2208/1929
f 1503/2214/1933 1501/2210/1930 1500/2208/1929
f 1503/2214/1933 1500/2208/1929 1502/2230/1943
f 1505/2216/1935 1503/2214/1933 1502/2230/1943
f 1505/2216/1935 1502/2230/1943 1504/2228/1942
f 1507/2218/1937 1505/2216/1935 1504/2228/1942
f 1507/2218/1937 1504/2228/1942 1506/2226/1941
f 1509/2220/1939 1507/2218/1937 1506/2226/1941
f 1509/2220/1939 1506/2226/1941 1508/2222/1940
f 1371/2231/1773 1381/2232/1774 849/2233/1944
f 849/2233/1944 1381/2232/1774 850/2234/1945
f 850/2234/1945 1381/2232/1774 1380/2235/1805
f 850/2234/1945 1380/2235/1805 851/2236/1946
f 851/2236/1946 1380/2235/1805 1379/2237/1804
f 851/2236/1946 1379/2237/1804 852/2238/1947
f 852/2238/1947 1379/2237/1804 1378/2239/1796
f 852/2238/1947 1378/2239/1796 853/2240/1948
f 853/2240/1948 1378/2239/1796 1377/2241/1792
f 853/2240/1948 1377/2241/1792 854/2242/1949
f 854/2242/1949 1377/2241/1792 512/2243/627
f 854/2242/1949 512/2243/627 511/2244/638
f 1376/2245/1791 1510/2246/1950 512/2247/627
f 512/2247/627 1510/2246/1950 1511/2248/1951
f 512/2247/627 1511/2248/1951 1512/2249/1952
f 1512/2249/1952 1511/2248/1951 1516/2250/1953
f 1512/2249/1952 1516/2250/1953 1517/2251/1954
f 1517/2251/1954 1516/2250/1953 1521/2252/1955
f 1517/2251/1954 1521/2252/1955 1438/2253/1872
f 1438/2253/1872 1521/2252/1955 1439/2254/1871
f 1439/2254/1871 1521/2252/1955 1525/2255/1956
f 1439/2254/1871 1525/2255/1956 1440/2256/1853
f 1440/2256/1853 1525/2255/1956 1529/2257/1957
f 1440/2256/1853 1529/2257/1957 1408/2258/1809
f 1408/2258/1809 1529/2257/1957 1528/2259/1958
f 1408/2258/1809 1528/2259/1958 1527/2260/1959
f 1527/2260/1959 1528/2259/1958 1523/2261/1960
f 1527/2260/1959 1523/2261/1960 1522/2262/1961
f 1522/2262/1961 1523/2261/1960 1518/2263/1962
f 1522/2262/1961 1518/2263/1962 1374/2264/1785
f 1374/2264/1785 1518/2263/1962 1375/2265/1787
f 1375/2265/1787 1518/2263/1962 1514/2266/1963
f 1375/2265/1787 1514/2266/1963 1376/2245/1791
f 1376/2245/1791 1514/2266/1963 1510/2246/1950
f 1374/2264/1785 1373/2267/1783 1522/2262/1961
f 1522/2262/1961 1373/2267/1783 1526/2268/1964
f 1522/2262/1961 1526/2268/1964 1527/2260/1959
f 1527/2260/1959 1526/2268/1964 1365/2269/1767
f 1527/2260/1959 1365/2269/1767 1408/2258/1809
f 1373/2267/1783 1372/2270/1781 1526/2268/1964
f 1526/2268/1964 1372/2270/1781 1365/2269/1767
f 1438/2253/1872 1437/2271/1874 1517/2251/1954
f 1517/2251/1954 1437/2271/1874 1513/2272/1965
f 1517/2251/1954 1513/2272/1965 1512/2249/1952
f 1512/2249/1952 1513/2272/1965 513/2273/629
f 1512/2249/1952 513/2273/629 512/2247/627
f 1437/2271/1874 1436/2274/1883 1513/2272/1965
f 1513/2272/1965 1436/2274/1883 513/2273/629
f 1511/2248/1951 1510/2246/1950 1515/2275/1966
f 1515/2275/1966 1510/2246/1950 1514/2266/1963
f 1515/2275/1966 1514/2266/1963 1519/2276/1967
f 1519/2276/1967 1514/2266/1963 1518/2263/1962
f 1519/2276/1967 1518/2263/1962 1523/2261/1960
f 1511/2248/1951 1515/2275/1966 1516/2250/1953
f 1516/2250/1953 1515/2275/1966 1520/2277/1968
f 1516/2250/1953 1520/2277/1968 1521/2252/1955
f 1521/2252/1955 1520/2277/1968 1525/2255/1956
f 1520/2277/1968 1515/2275/1966 1519/2276/1967
f 1520/2277/1968 1519/2276/1967 1524/2278/1969
f 1524/2278/1969 1519/2276/1967 1523/2261/1960
f 1524/2278/1969 1523/2261/1960 1528/2259/1958
f 1529/2257/1957 1525/2255/1956 1524/2278/1969
f 1524/2278/1969 1525/2255/1956 1520/2277/1968
f 1529/2257/1957 1524/2278/1969 1528/2259/1958
f 1334/2279/1761 1371/2280/1773 895/2281/1840
f 895/2281/1840 1371/2280/1773 849/2282/1944
# 1529 vertices
# 2282 texture params
# 1969 normals
# 3074 facets

# 1 groups
