# WaveFront *.obj file (generated by Autodesk ATF)

mtllib Leg Joint 2.mtl

g Body1

v -12.872925 -8.585075 38.334730
v -12.833569 -8.553154 38.342149
v -12.803252 -8.512142 38.346804
v -12.783960 -8.464727 38.348391
v -12.776960 -8.414019 38.346804
v -12.782709 -8.363343 38.342149
v -12.800832 -8.316021 38.334730
v -12.334819 -8.440888 36.400000
v -12.314910 -8.488689 36.400000
v -12.308039 -8.539666 36.400000
v -12.314657 -8.590477 36.400000
v -12.334331 -8.637789 36.400000
v -12.365769 -8.678501 36.400000
v -12.406912 -8.709943 36.400000
v -12.598918 -8.616029 37.367953
v -12.568600 -8.575017 37.372609
v -12.549309 -8.527602 37.374195
v -12.542308 -8.476894 37.372609
v -12.548058 -8.426217 37.367953
v -12.971406 -8.414501 38.500000
v -12.948344 -8.454445 38.494609
v -12.926526 -8.492236 38.478727
v -12.907127 -8.525836 38.453209
v -12.891193 -8.553433 38.419432
v -12.879584 -8.573541 38.379216
v -20.129950 -12.774920 38.334730
v -20.136609 -12.763386 38.379216
v -20.148218 -12.743279 38.419432
v -20.164152 -12.715681 38.453209
v -20.183551 -12.682081 38.478727
v -20.205369 -12.644291 38.494609
v -20.228431 -12.604347 38.500000
v -13.754680 -8.919984 38.494609
v -14.561016 -9.385522 38.494609
v -15.367352 -9.851060 38.494609
v -16.173688 -10.316599 38.494609
v -16.980024 -10.782137 38.494609
v -17.786361 -11.247675 38.494609
v -18.592697 -11.713214 38.494609
v -19.399033 -12.178752 38.494609
v -13.732862 -8.957774 38.478727
v -14.539198 -9.423312 38.478727
v -15.345534 -9.888851 38.478727
v -16.151870 -10.354389 38.478727
v -16.958206 -10.819928 38.478727
v -17.764542 -11.285466 38.478727
v -18.570878 -11.751004 38.478727
v -19.377214 -12.216543 38.478727
v -13.713463 -8.991374 38.453209
v -14.519799 -9.456912 38.453209
v -15.326135 -9.922451 38.453209
v -16.132471 -10.387989 38.453209
v -16.938807 -10.853527 38.453209
v -17.745143 -11.319066 38.453209
v -18.551480 -11.784604 38.453209
v -19.357816 -12.250142 38.453209
v -13.697529 -9.018972 38.419432
v -14.503865 -9.484510 38.419432
v -15.310202 -9.950048 38.419432
v -16.116538 -10.415587 38.419432
v -16.922874 -10.881125 38.419432
v -17.729210 -11.346663 38.419432
v -18.535546 -11.812202 38.419432
v -19.341882 -12.277740 38.419432
v -13.685920 -9.039080 38.379216
v -14.492256 -9.504618 38.379216
v -15.298592 -9.970156 38.379216
v -16.104928 -10.435695 38.379216
v -16.911264 -10.901233 38.379216
v -17.717601 -11.366771 38.379216
v -18.523937 -11.832310 38.379216
v -19.330273 -12.297848 38.379216
v -12.931462 -8.391440 38.494609
v -12.893671 -8.369622 38.478727
v -12.860071 -8.350223 38.453209
v -12.832474 -8.334289 38.419432
v -12.812366 -8.322680 38.379216
v -12.792176 -8.366495 38.374647
v -12.785331 -8.416404 38.373299
v -12.790300 -8.466192 38.367296
v -12.806766 -8.512698 38.357021
v -12.833686 -8.552969 38.343126
v -12.852653 -8.555135 38.378231
v -12.828348 -8.515162 38.396964
v -12.813125 -8.468798 38.409541
v -12.807951 -8.418987 38.415163
v -12.813155 -8.368891 38.413474
v -12.879403 -8.555534 38.407914
v -12.858784 -8.515615 38.430738
v -12.845315 -8.469277 38.445261
v -12.839852 -8.419462 38.450562
v -12.842740 -8.369331 38.446304
v -12.896301 -8.514031 38.456375
v -12.884994 -8.467602 38.472376
v -12.879174 -8.417801 38.477433
v -12.879209 -8.367791 38.471225
v -12.929849 -8.463870 38.489304
v -12.923624 -8.414103 38.494208
v -21.602301 6.928571 38.334730
v -21.477433 7.394584 36.400000
v -21.772875 6.830090 38.500000
v -21.732931 6.853152 38.494609
v -21.695140 6.874970 38.478727
v -21.661541 6.894369 38.453209
v -21.633943 6.910303 38.419432
v -21.613835 6.921912 38.379216
v -13.301336 -7.475758 38.379216
v -13.790307 -6.628836 38.379216
v -14.279277 -5.781915 38.379216
v -14.768248 -4.934993 38.379216
v -15.257218 -4.088071 38.379216
v -15.746189 -3.241149 38.379216
v -16.235159 -2.394227 38.379216
v -16.724130 -1.547306 38.379216
v -17.213100 -0.700384 38.379216
v -17.702071 0.146538 38.379216
v -18.191042 0.993460 38.379216
v -18.680012 1.840381 38.379216
v -19.168983 2.687303 38.379216
v -19.657953 3.534225 38.379216
v -20.146924 4.381147 38.379216
v -20.635894 5.228069 38.379216
v -21.124865 6.074990 38.379216
v -13.321444 -7.487367 38.419432
v -13.810415 -6.640446 38.419432
v -14.299385 -5.793524 38.419432
v -14.788356 -4.946602 38.419432
v -15.277326 -4.099680 38.419432
v -15.766297 -3.252758 38.419432
v -16.255267 -2.405837 38.419432
v -16.744238 -1.558915 38.419432
v -17.233208 -0.711993 38.419432
v -17.722179 0.134929 38.419432
v -18.211149 0.981850 38.419432
v -18.700120 1.828772 38.419432
v -19.189090 2.675694 38.419432
v -19.678061 3.522616 38.419432
v -20.167031 4.369537 38.419432
v -20.656002 5.216459 38.419432
v -21.144972 6.063381 38.419432
v -13.349042 -7.503301 38.453209
v -13.838012 -6.656379 38.453209
v -14.326983 -5.809457 38.453209
v -14.815954 -4.962536 38.453209
v -15.304924 -4.115614 38.453209
v -15.793895 -3.268692 38.453209
v -16.282865 -2.421770 38.453209
v -16.771836 -1.574849 38.453209
v -17.260806 -0.727927 38.453209
v -17.749777 0.118995 38.453209
v -18.238747 0.965917 38.453209
v -18.727718 1.812839 38.453209
v -19.216688 2.659760 38.453209
v -19.705659 3.506682 38.453209
v -20.194629 4.353604 38.453209
v -20.683600 5.200526 38.453209
v -21.172570 6.047447 38.453209
v -13.382642 -7.522700 38.478727
v -13.871612 -6.675778 38.478727
v -14.360583 -5.828856 38.478727
v -14.849553 -4.981934 38.478727
v -15.338524 -4.135013 38.478727
v -15.827494 -3.288091 38.478727
v -16.316465 -2.441169 38.478727
v -16.805435 -1.594247 38.478727
v -17.294406 -0.747326 38.478727
v -17.783376 0.099596 38.478727
v -18.272347 0.946518 38.478727
v -18.761317 1.793440 38.478727
v -19.250288 2.640362 38.478727
v -19.739258 3.487283 38.478727
v -20.228229 4.334205 38.478727
v -20.717199 5.181127 38.478727
v -21.206170 6.028049 38.478727
v -13.420432 -7.544518 38.494609
v -13.909403 -6.697596 38.494609
v -14.398373 -5.850675 38.494609
v -14.887344 -5.003753 38.494609
v -15.376314 -4.156831 38.494609
v -15.865285 -3.309909 38.494609
v -16.354255 -2.462987 38.494609
v -16.843226 -1.616066 38.494609
v -17.332196 -0.769144 38.494609
v -17.821167 0.077778 38.494609
v -18.310137 0.924700 38.494609
v -18.799108 1.771621 38.494609
v -19.288078 2.618543 38.494609
v -19.777049 3.465465 38.494609
v -20.266019 4.312387 38.494609
v -20.754990 5.159309 38.494609
v -21.243960 6.006230 38.494609
v -29.029900 2.640245 38.500000
v 34.000000 -13.900000 36.400000
v 34.000000 -14.158819 36.434074
v 34.000000 -14.400000 36.533975
v 34.000000 -14.607107 36.692893
v 34.000000 -14.766025 36.900000
v 34.000000 -14.865926 37.141181
v 34.000000 -14.900000 37.400000
v -11.788287 -14.900000 37.400000
v -11.797417 -14.865926 37.141181
v -11.824185 -14.766025 36.900000
v -11.866767 -14.607107 36.692893
v -11.922261 -14.400000 36.533975
v -11.986886 -14.158819 36.434074
v -12.056236 -13.900000 36.400000
v 28.882640 -14.158819 36.434074
v 23.765281 -14.158819 36.434074
v 18.647921 -14.158819 36.434074
v 13.530562 -14.158819 36.434074
v 8.413202 -14.158819 36.434074
v 3.295843 -14.158819 36.434074
v -1.821517 -14.158819 36.434074
v -6.938876 -14.158819 36.434074
v 28.882640 -14.400000 36.533975
v 23.765281 -14.400000 36.533975
v 18.647921 -14.400000 36.533975
v 13.530562 -14.400000 36.533975
v 8.413202 -14.400000 36.533975
v 3.295843 -14.400000 36.533975
v -1.821517 -14.400000 36.533975
v -6.938876 -14.400000 36.533975
v 28.882640 -14.607107 36.692893
v 23.765281 -14.607107 36.692893
v 18.647921 -14.607107 36.692893
v 13.530562 -14.607107 36.692893
v 8.413202 -14.607107 36.692893
v 3.295843 -14.607107 36.692893
v -1.821517 -14.607107 36.692893
v -6.938876 -14.607107 36.692893
v 28.882640 -14.766025 36.900000
v 23.765281 -14.766025 36.900000
v 18.647921 -14.766025 36.900000
v 13.530562 -14.766025 36.900000
v 8.413202 -14.766025 36.900000
v 3.295843 -14.766025 36.900000
v -1.821517 -14.766025 36.900000
v -6.938876 -14.766025 36.900000
v 28.882640 -14.865926 37.141181
v 23.765281 -14.865926 37.141181
v 18.647921 -14.865926 37.141181
v 13.530562 -14.865926 37.141181
v 8.413202 -14.865926 37.141181
v 3.295843 -14.865926 37.141181
v -1.821517 -14.865926 37.141181
v -6.938876 -14.865926 37.141181
v 35.000000 -13.900000 38.900000
v 34.965926 -14.158819 38.900000
v 34.866025 -14.400000 38.900000
v 34.707107 -14.607107 38.900000
v 34.500000 -14.766025 38.900000
v 34.258819 -14.865926 38.900000
v 34.000000 -14.900000 38.900000
v 34.258819 -14.865926 37.400000
v 34.500000 -14.766025 37.400000
v 34.707107 -14.607107 37.400000
v 34.866025 -14.400000 37.400000
v 34.965926 -14.158819 37.400000
v 35.000000 -13.900000 37.400000
v 34.258819 -13.900000 36.434074
v 34.500000 -13.900000 36.533975
v 34.707107 -13.900000 36.692893
v 34.866025 -13.900000 36.900000
v 34.965926 -13.900000 37.141181
v 34.917502 -14.288644 37.315470
v 34.970469 -14.053913 37.214256
v 34.554261 -14.728668 37.321869
v 34.717801 -14.566568 37.198879
v 34.832423 -14.359042 37.089594
v 34.890318 -14.120233 37.001464
v 34.248108 -14.862374 37.289187
v 34.430436 -14.761830 37.131720
v 34.583430 -14.602554 36.992536
v 34.696665 -14.395400 36.881119
v 34.762422 -14.154486 36.805064
v 34.110813 -14.862374 37.151892
v 34.268280 -14.761830 36.969564
v 34.407464 -14.602554 36.816570
v 34.518881 -14.395400 36.703335
v 34.594936 -14.154486 36.637578
v 34.078131 -14.728668 36.845739
v 34.201121 -14.566568 36.682199
v 34.310406 -14.359042 36.567577
v 34.398536 -14.120233 36.509682
v 34.084530 -14.288644 36.482498
v 34.185744 -14.053913 36.429531
v 34.000000 -14.865926 39.158819
v 34.000000 -14.766025 39.400000
v 34.000000 -14.607107 39.607107
v 34.000000 -14.400000 39.766025
v 34.000000 -14.158819 39.865926
v 34.000000 -13.900000 39.900000
v -12.056236 -13.900000 39.900000
v -11.986886 -14.158819 39.865926
v -11.922261 -14.400000 39.766025
v -11.866767 -14.607107 39.607107
v -11.824185 -14.766025 39.400000
v -11.797417 -14.865926 39.158819
v -11.788287 -14.900000 38.900000
v 28.882640 -14.865926 39.158819
v 23.765281 -14.865926 39.158819
v 18.647921 -14.865926 39.158819
v 13.530562 -14.865926 39.158819
v 8.413202 -14.865926 39.158819
v 3.295843 -14.865926 39.158819
v -1.821517 -14.865926 39.158819
v -6.938876 -14.865926 39.158819
v 28.882640 -14.766025 39.400000
v 23.765281 -14.766025 39.400000
v 18.647921 -14.766025 39.400000
v 13.530562 -14.766025 39.400000
v 8.413202 -14.766025 39.400000
v 3.295843 -14.766025 39.400000
v -1.821517 -14.766025 39.400000
v -6.938876 -14.766025 39.400000
v 28.882640 -14.607107 39.607107
v 23.765281 -14.607107 39.607107
v 18.647921 -14.607107 39.607107
v 13.530562 -14.607107 39.607107
v 8.413202 -14.607107 39.607107
v 3.295843 -14.607107 39.607107
v -1.821517 -14.607107 39.607107
v -6.938876 -14.607107 39.607107
v 28.882640 -14.400000 39.766025
v 23.765281 -14.400000 39.766025
v 18.647921 -14.400000 39.766025
v 13.530562 -14.400000 39.766025
v 8.413202 -14.400000 39.766025
v 3.295843 -14.400000 39.766025
v -1.821517 -14.400000 39.766025
v -6.938876 -14.400000 39.766025
v 28.882640 -14.158819 39.865926
v 23.765281 -14.158819 39.865926
v 18.647921 -14.158819 39.865926
v 13.530562 -14.158819 39.865926
v 8.413202 -14.158819 39.865926
v 3.295843 -14.158819 39.865926
v -1.821517 -14.158819 39.865926
v -6.938876 -14.158819 39.865926
v 34.965926 -13.900000 39.158819
v 34.866025 -13.900000 39.400000
v 34.707107 -13.900000 39.607107
v 34.500000 -13.900000 39.766025
v 34.258819 -13.900000 39.865926
v 34.084530 -14.288644 39.817502
v 34.185744 -14.053913 39.870469
v 34.078131 -14.728668 39.454261
v 34.201121 -14.566568 39.617801
v 34.310406 -14.359042 39.732423
v 34.398536 -14.120233 39.790318
v 34.110813 -14.862374 39.148108
v 34.268280 -14.761830 39.330436
v 34.407464 -14.602554 39.483430
v 34.518881 -14.395400 39.596665
v 34.594936 -14.154486 39.662422
v 34.248108 -14.862374 39.010813
v 34.430436 -14.761830 39.168280
v 34.583430 -14.602554 39.307464
v 34.696665 -14.395400 39.418881
v 34.762422 -14.154486 39.494936
v 34.554261 -14.728668 38.978131
v 34.717801 -14.566568 39.101121
v 34.832423 -14.359042 39.210406
v 34.890318 -14.120233 39.298536
v 34.917502 -14.288644 38.984530
v 34.970469 -14.053913 39.085744
v -20.047541 -12.917657 37.400000
v -17.624348 -17.114751 37.400000
v -17.624348 -17.114751 38.900000
v -31.624356 7.133975 38.900000
v -31.624356 7.133975 37.400000
v -29.210790 2.953555 37.400000
v -29.128381 2.810819 38.334730
v -29.121721 2.799285 38.379216
v -29.110112 2.779177 38.419432
v -29.094179 2.751579 38.453209
v -29.074780 2.717979 38.478727
v -29.052961 2.680189 38.494609
v -19.093352 -12.570361 36.400000
v -19.320500 -12.694567 36.434074
v -19.538176 -12.799902 36.533975
v -19.731547 -12.879188 36.692893
v -19.887434 -12.927022 36.900000
v -19.995213 -12.940143 37.141181
v 35.000000 14.000000 38.900000
v 34.965926 14.000000 39.158819
v 34.866025 14.000000 39.400000
v 34.707107 14.000000 39.607107
v 34.500000 14.000000 39.766025
v 34.258819 14.000000 39.865926
v 34.000000 14.000000 39.900000
v 34.258819 -8.320000 39.865926
v 34.258819 -2.740000 39.865926
v 34.258819 2.840000 39.865926
v 34.258819 8.420000 39.865926
v 34.500000 -8.320000 39.766025
v 34.500000 -2.740000 39.766025
v 34.500000 2.840000 39.766025
v 34.500000 8.420000 39.766025
v 34.707107 -8.320000 39.607107
v 34.707107 -2.740000 39.607107
v 34.707107 2.840000 39.607107
v 34.707107 8.420000 39.607107
v 34.866025 -8.320000 39.400000
v 34.866025 -2.740000 39.400000
v 34.866025 2.840000 39.400000
v 34.866025 8.420000 39.400000
v 34.965926 -8.320000 39.158819
v 34.965926 -2.740000 39.158819
v 34.965926 2.840000 39.158819
v 34.965926 8.420000 39.158819
v 34.000000 -7.000000 36.400000
v 34.245487 -6.997323 36.430600
v 34.475950 -6.989455 36.520528
v 34.677285 -6.976879 36.664280
v 34.837170 -6.960363 36.853058
v 34.945820 -6.940918 37.075309
v 34.996585 -6.919735 37.317431
v 34.999186 -6.911324 37.359832
v 35.000000 -6.893701 37.400000
v 34.965926 -10.396851 37.141181
v 34.866025 -10.396851 36.900000
v 34.707107 -10.396851 36.692893
v 34.500000 -10.396851 36.533975
v 34.258819 -10.396851 36.434074
v -16.758322 -16.614751 36.400000
v -21.508875 7.435727 36.400000
v -21.549587 7.467165 36.400000
v -21.596900 7.486839 36.400000
v -21.647710 7.493457 36.400000
v -21.698687 7.486586 36.400000
v -21.746488 7.466677 36.400000
v -28.432928 3.606259 36.400000
v -30.758330 7.633975 36.400000
v -19.732051 14.000000 36.400000
v 34.000000 14.000000 36.400000
v 34.000000 7.000000 36.400000
v 24.413972 7.000000 36.400000
v 24.359377 6.993445 36.400000
v 24.308818 6.974208 36.400000
v 24.265596 6.943545 36.400000
v 24.232536 6.903458 36.400000
v 24.211794 6.856565 36.400000
v 24.204727 6.805929 36.400000
v 24.204727 -6.805929 36.400000
v 24.211794 -6.856565 36.400000
v 24.232536 -6.903458 36.400000
v 24.265596 -6.943545 36.400000
v 24.308818 -6.974208 36.400000
v 24.359377 -6.993445 36.400000
v 24.413972 -7.000000 36.400000
v -1.000000 -4.000000 36.400000
v 15.000000 -4.000000 36.400000
v 15.000000 4.000000 36.400000
v -1.000000 4.000000 36.400000
v 30.500000 10.250000 36.400000
v 30.465926 10.508819 36.400000
v 30.366025 10.750000 36.400000
v 30.207107 10.957107 36.400000
v 30.000000 11.116025 36.400000
v 29.758819 11.215926 36.400000
v 29.500000 11.250000 36.400000
v 29.241181 11.215926 36.400000
v 29.000000 11.116025 36.400000
v 28.792893 10.957107 36.400000
v 28.633975 10.750000 36.400000
v 28.534074 10.508819 36.400000
v 28.500000 10.250000 36.400000
v 28.534074 9.991181 36.400000
v 28.633975 9.750000 36.400000
v 28.792893 9.542893 36.400000
v 29.000000 9.383975 36.400000
v 29.241181 9.284074 36.400000
v 29.500000 9.250000 36.400000
v 29.758819 9.284074 36.400000
v 30.000000 9.383975 36.400000
v 30.207107 9.542893 36.400000
v 30.366025 9.750000 36.400000
v 30.465926 9.991181 36.400000
v -18.300798 9.929964 36.400000
v -18.334873 10.188783 36.400000
v -18.434773 10.429964 36.400000
v -18.593692 10.637070 36.400000
v -18.800798 10.795989 36.400000
v -19.041979 10.895889 36.400000
v -19.300798 10.929964 36.400000
v -19.559618 10.895889 36.400000
v -19.800798 10.795989 36.400000
v -20.007905 10.637070 36.400000
v -20.166824 10.429964 36.400000
v -20.266724 10.188783 36.400000
v -20.300798 9.929964 36.400000
v -20.266724 9.671145 36.400000
v -20.166824 9.429964 36.400000
v -20.007905 9.222857 36.400000
v -19.800798 9.063938 36.400000
v -19.559618 8.964038 36.400000
v -19.300798 8.929964 36.400000
v -19.041979 8.964038 36.400000
v -18.800798 9.063938 36.400000
v -18.593692 9.222857 36.400000
v -18.434773 9.429964 36.400000
v -18.334873 9.671145 36.400000
v -8.050798 -7.823557 36.400000
v -8.084873 -7.564738 36.400000
v -8.184773 -7.323557 36.400000
v -8.343692 -7.116450 36.400000
v -8.550798 -6.957532 36.400000
v -8.791979 -6.857631 36.400000
v -9.050798 -6.823557 36.400000
v -9.309618 -6.857631 36.400000
v -9.550798 -6.957532 36.400000
v -9.757905 -7.116450 36.400000
v -9.916824 -7.323557 36.400000
v -10.016724 -7.564738 36.400000
v -10.050798 -7.823557 36.400000
v -10.016724 -8.082376 36.400000
v -9.916824 -8.323557 36.400000
v -9.757905 -8.530664 36.400000
v -9.550798 -8.689583 36.400000
v -9.309618 -8.789483 36.400000
v -9.050798 -8.823557 36.400000
v -8.791979 -8.789483 36.400000
v -8.550798 -8.689583 36.400000
v -8.343692 -8.530664 36.400000
v -8.184773 -8.323557 36.400000
v -8.084873 -8.082376 36.400000
v 30.500000 -10.250000 36.400000
v 30.465926 -9.991181 36.400000
v 30.366025 -9.750000 36.400000
v 30.207107 -9.542893 36.400000
v 30.000000 -9.383975 36.400000
v 29.758819 -9.284074 36.400000
v 29.500000 -9.250000 36.400000
v 29.241181 -9.284074 36.400000
v 29.000000 -9.383975 36.400000
v 28.792893 -9.542893 36.400000
v 28.633975 -9.750000 36.400000
v 28.534074 -9.991181 36.400000
v 28.500000 -10.250000 36.400000
v 28.534074 -10.508819 36.400000
v 28.633975 -10.750000 36.400000
v 28.792893 -10.957107 36.400000
v 29.000000 -11.116025 36.400000
v 29.241181 -11.215926 36.400000
v 29.500000 -11.250000 36.400000
v 29.758819 -11.215926 36.400000
v 30.000000 -11.116025 36.400000
v 30.207107 -10.957107 36.400000
v 30.366025 -10.750000 36.400000
v 30.465926 -10.508819 36.400000
v -19.732051 14.000000 39.900000
v -30.758330 7.633975 39.900000
v -16.758322 -16.614751 39.900000
v 15.000000 -4.000000 39.900000
v -1.000000 -4.000000 39.900000
v -1.000000 4.000000 39.900000
v 15.000000 4.000000 39.900000
v -8.050798 -7.823557 39.900000
v -8.084873 -8.082376 39.900000
v -8.184773 -8.323557 39.900000
v -8.343692 -8.530664 39.900000
v -8.550798 -8.689583 39.900000
v -8.791979 -8.789483 39.900000
v -9.050798 -8.823557 39.900000
v -9.309618 -8.789483 39.900000
v -9.550798 -8.689583 39.900000
v -9.757905 -8.530664 39.900000
v -9.916824 -8.323557 39.900000
v -10.016724 -8.082376 39.900000
v -10.050798 -7.823557 39.900000
v -10.016724 -7.564738 39.900000
v -9.916824 -7.323557 39.900000
v -9.757905 -7.116450 39.900000
v -9.550798 -6.957532 39.900000
v -9.309618 -6.857631 39.900000
v -9.050798 -6.823557 39.900000
v -8.791979 -6.857631 39.900000
v -8.550798 -6.957532 39.900000
v -8.343692 -7.116450 39.900000
v -8.184773 -7.323557 39.900000
v -8.084873 -7.564738 39.900000
v -18.300798 9.929964 39.900000
v -18.334873 9.671145 39.900000
v -18.434773 9.429964 39.900000
v -18.593692 9.222857 39.900000
v -18.800798 9.063938 39.900000
v -19.041979 8.964038 39.900000
v -19.300798 8.929964 39.900000
v -19.559618 8.964038 39.900000
v -19.800798 9.063938 39.900000
v -20.007905 9.222857 39.900000
v -20.166824 9.429964 39.900000
v -20.266724 9.671145 39.900000
v -20.300798 9.929964 39.900000
v -20.266724 10.188783 39.900000
v -20.166824 10.429964 39.900000
v -20.007905 10.637070 39.900000
v -19.800798 10.795989 39.900000
v -19.559618 10.895889 39.900000
v -19.300798 10.929964 39.900000
v -19.041979 10.895889 39.900000
v -18.800798 10.795989 39.900000
v -18.593692 10.637070 39.900000
v -18.434773 10.429964 39.900000
v -18.334873 10.188783 39.900000
v 30.500000 -10.250000 39.900000
v 30.465926 -10.508819 39.900000
v 30.366025 -10.750000 39.900000
v 30.207107 -10.957107 39.900000
v 30.000000 -11.116025 39.900000
v 29.758819 -11.215926 39.900000
v 29.500000 -11.250000 39.900000
v 29.241181 -11.215926 39.900000
v 29.000000 -11.116025 39.900000
v 28.792893 -10.957107 39.900000
v 28.633975 -10.750000 39.900000
v 28.534074 -10.508819 39.900000
v 28.500000 -10.250000 39.900000
v 28.534074 -9.991181 39.900000
v 28.633975 -9.750000 39.900000
v 28.792893 -9.542893 39.900000
v 29.000000 -9.383975 39.900000
v 29.241181 -9.284074 39.900000
v 29.500000 -9.250000 39.900000
v 29.758819 -9.284074 39.900000
v 30.000000 -9.383975 39.900000
v 30.207107 -9.542893 39.900000
v 30.366025 -9.750000 39.900000
v 30.465926 -9.991181 39.900000
v 30.500000 10.250000 39.900000
v 30.465926 9.991181 39.900000
v 30.366025 9.750000 39.900000
v 30.207107 9.542893 39.900000
v 30.000000 9.383975 39.900000
v 29.758819 9.284074 39.900000
v 29.500000 9.250000 39.900000
v 29.241181 9.284074 39.900000
v 29.000000 9.383975 39.900000
v 28.792893 9.542893 39.900000
v 28.633975 9.750000 39.900000
v 28.534074 9.991181 39.900000
v 28.500000 10.250000 39.900000
v 28.534074 10.508819 39.900000
v 28.633975 10.750000 39.900000
v 28.792893 10.957107 39.900000
v 29.000000 11.116025 39.900000
v 29.241181 11.215926 39.900000
v 29.500000 11.250000 39.900000
v 29.758819 11.215926 39.900000
v 30.000000 11.116025 39.900000
v 30.207107 10.957107 39.900000
v 30.366025 10.750000 39.900000
v 30.465926 10.508819 39.900000
v -21.871356 7.000664 38.334730
v -21.864696 6.989130 38.379216
v -21.853087 6.969022 38.419432
v -21.837154 6.941425 38.453209
v -21.817755 6.907825 38.478727
v -21.795936 6.870034 38.494609
v -22.671033 6.523592 38.379216
v -23.477369 6.058053 38.379216
v -24.283705 5.592515 38.379216
v -25.090041 5.126977 38.379216
v -25.896377 4.661438 38.379216
v -26.702713 4.195900 38.379216
v -27.509049 3.730362 38.379216
v -28.315385 3.264823 38.379216
v -22.659423 6.503484 38.419432
v -23.465759 6.037946 38.419432
v -24.272095 5.572407 38.419432
v -25.078432 5.106869 38.419432
v -25.884768 4.641330 38.419432
v -26.691104 4.175792 38.419432
v -27.497440 3.710254 38.419432
v -28.303776 3.244715 38.419432
v -22.643490 6.475886 38.453209
v -23.449826 6.010348 38.453209
v -24.256162 5.544809 38.453209
v -25.062498 5.079271 38.453209
v -25.868834 4.613733 38.453209
v -26.675170 4.148194 38.453209
v -27.481506 3.682656 38.453209
v -28.287842 3.217118 38.453209
v -22.624091 6.442286 38.478727
v -23.430427 5.976748 38.478727
v -24.236763 5.511210 38.478727
v -25.043099 5.045671 38.478727
v -25.849435 4.580133 38.478727
v -26.655771 4.114595 38.478727
v -27.462107 3.649056 38.478727
v -28.268444 3.183518 38.478727
v -22.602272 6.404496 38.494609
v -23.408609 5.938958 38.494609
v -24.214945 5.473419 38.494609
v -25.021281 5.007881 38.494609
v -25.827617 4.542342 38.494609
v -26.633953 4.076804 38.494609
v -27.440289 3.611266 38.494609
v -28.246625 3.145727 38.494609
v -21.634222 6.967927 38.342149
v -21.675234 6.998244 38.346804
v -21.722649 7.017536 38.348391
v -21.773357 7.024536 38.346804
v -21.824034 7.018787 38.342149
v -21.571347 7.202578 37.367953
v -21.612360 7.232896 37.372609
v -21.659774 7.252187 37.374195
v -21.710482 7.259188 37.372609
v -21.761159 7.253438 37.367953
v -21.830153 7.002221 38.384204
v -21.825358 6.979002 38.422763
v -21.817875 6.948155 38.455035
v -21.808087 6.911260 38.479364
v -21.782380 7.012200 38.382132
v -21.774279 6.989672 38.420548
v -21.766107 6.958969 38.452790
v -21.758282 6.921664 38.477204
v -21.751204 6.879668 38.492542
v -21.734918 7.013314 38.370629
v -21.723534 6.990862 38.408249
v -21.714677 6.960175 38.440325
v -21.708802 6.922825 38.465212
v -21.706209 6.880724 38.481637
v -21.691103 7.005484 38.350503
v -21.676687 6.982490 38.386731
v -21.667198 6.951690 38.418516
v -21.663123 6.914661 38.444230
v -21.637030 6.965144 38.357504
v -21.627006 6.934110 38.388895
v -29.204099 3.010115 37.141181
v -29.138846 3.096895 36.900000
v -29.019478 3.207980 36.692893
v -28.854129 3.335801 36.533975
v -28.654067 3.471646 36.434074
v -0.804910 -3.804910 36.419215
v -0.617317 -3.617317 36.476120
v -0.444430 -3.444430 36.568530
v -0.292893 -3.292893 36.692893
v -0.168530 -3.168530 36.844430
v -0.076120 -3.076121 37.017317
v -0.019215 -3.019215 37.204910
v -0.004815 -3.004815 37.301983
v 0.000000 -3.000000 37.400000
v 14.000000 -3.000000 37.400000
v 14.004815 -3.004815 37.301983
v 14.019215 -3.019215 37.204910
v 14.076121 -3.076121 37.017317
v 14.168531 -3.168530 36.844430
v 14.292893 -3.292893 36.692893
v 14.444430 -3.444430 36.568530
v 14.617317 -3.617317 36.476120
v 14.804910 -3.804910 36.419215
v 4.333333 -3.741181 36.434074
v 9.666667 -3.741181 36.434074
v 4.333333 -3.500000 36.533975
v 9.666667 -3.500000 36.533975
v 4.333333 -3.292893 36.692893
v 9.666667 -3.292893 36.692893
v 4.333333 -3.133975 36.900000
v 9.666667 -3.133975 36.900000
v 4.333333 -3.034074 37.141181
v 9.666667 -3.034074 37.141181
v 0.000000 3.000000 37.400000
v -0.804910 3.804910 36.419215
v -0.617317 3.617317 36.476120
v -0.444430 3.444430 36.568530
v -0.292893 3.292893 36.692893
v -0.168530 3.168530 36.844430
v -0.076120 3.076121 37.017317
v -0.019215 3.019215 37.204910
v -0.004815 3.004815 37.301983
v -0.034074 0.000000 37.141181
v -0.133975 0.000000 36.900000
v -0.292893 0.000000 36.692893
v -0.500000 0.000000 36.533975
v -0.741181 0.000000 36.434074
v 14.000000 3.000000 37.400000
v 14.004815 3.004815 37.301983
v 14.019215 3.019215 37.204910
v 14.076121 3.076121 37.017317
v 14.168531 3.168530 36.844430
v 14.292893 3.292893 36.692893
v 14.444430 3.444430 36.568530
v 14.617317 3.617317 36.476120
v 14.804910 3.804910 36.419215
v 14.500000 -0.000000 36.533975
v 14.741181 -0.000000 36.434074
v 14.292893 -0.000000 36.692893
v 14.133975 -0.000000 36.900000
v 14.034074 -0.000000 37.141181
v 9.666667 3.741181 36.434074
v 4.333333 3.741181 36.434074
v 9.666667 3.500000 36.533975
v 4.333333 3.500000 36.533975
v 9.666667 3.292893 36.692893
v 4.333333 3.292893 36.692893
v 9.666667 3.133975 36.900000
v 4.333333 3.133975 36.900000
v 9.666667 3.034074 37.141181
v 4.333333 3.034074 37.141181
v 14.000000 -3.000000 38.900000
v 14.000000 3.000000 38.900000
v 0.000000 -3.000000 38.900000
v 14.804910 -3.804910 39.880785
v 14.617317 -3.617317 39.823880
v 14.444430 -3.444430 39.731470
v 14.292893 -3.292893 39.607107
v 14.168531 -3.168530 39.455570
v 14.076121 -3.076121 39.282683
v 14.019215 -3.019215 39.095090
v 14.004815 -3.004815 38.998017
v -0.004815 -3.004815 38.998017
v -0.019215 -3.019215 39.095090
v -0.076120 -3.076121 39.282683
v -0.168530 -3.168530 39.455570
v -0.292893 -3.292893 39.607107
v -0.444430 -3.444430 39.731470
v -0.617317 -3.617317 39.823880
v -0.804910 -3.804910 39.880785
v 9.666667 -3.741181 39.865926
v 4.333333 -3.741181 39.865926
v 9.666667 -3.500000 39.766025
v 4.333333 -3.500000 39.766025
v 9.666667 -3.292893 39.607107
v 4.333333 -3.292893 39.607107
v 9.666667 -3.133975 39.400000
v 4.333333 -3.133975 39.400000
v 9.666667 -3.034074 39.158819
v 4.333333 -3.034074 39.158819
v 14.804910 3.804910 39.880785
v 14.617317 3.617317 39.823880
v 14.444430 3.444430 39.731470
v 14.292893 3.292893 39.607107
v 14.168531 3.168530 39.455570
v 14.076121 3.076121 39.282683
v 14.019215 3.019215 39.095090
v 14.004815 3.004815 38.998017
v 14.500000 0.000000 39.766025
v 14.741181 0.000000 39.865926
v 14.292893 0.000000 39.607107
v 14.133975 -0.000000 39.400000
v 14.034074 -0.000000 39.158819
v -0.804910 3.804910 39.880785
v -0.617317 3.617317 39.823880
v -0.444430 3.444430 39.731470
v -0.292893 3.292893 39.607107
v -0.168530 3.168530 39.455570
v -0.076120 3.076121 39.282683
v -0.019215 3.019215 39.095090
v -0.004815 3.004815 38.998017
v 0.000000 3.000000 38.900000
v 4.333333 3.741181 39.865926
v 9.666667 3.741181 39.865926
v 4.333333 3.500000 39.766025
v 9.666667 3.500000 39.766025
v 4.333333 3.292893 39.607107
v 9.666667 3.292893 39.607107
v 4.333333 3.133975 39.400000
v 9.666667 3.133975 39.400000
v 4.333333 3.034074 39.158819
v 9.666667 3.034074 39.158819
v -0.034074 0.000000 39.158819
v -0.133975 0.000000 39.400000
v -0.292893 0.000000 39.607107
v -0.500000 0.000000 39.766025
v -0.741181 0.000000 39.865926
v -31.724256 7.375156 37.400000
v -31.758330 7.633975 37.400000
v -31.724256 7.892794 37.400000
v -31.624356 8.133975 37.400000
v -31.465437 8.341081 37.400000
v -31.258330 8.500000 37.400000
v -31.241293 8.470491 37.141181
v -31.191343 8.383975 36.900000
v -31.111884 8.246347 36.692893
v -31.008330 8.066987 36.533975
v -30.887740 7.858118 36.434074
v -30.982474 7.504565 36.434074
v -31.191343 7.383975 36.533975
v -31.370703 7.280421 36.692893
v -31.508330 7.200962 36.900000
v -31.594847 7.151012 37.141181
v -31.691653 7.309599 37.246087
v -31.595176 7.248429 37.011356
v -31.728636 7.533958 37.179767
v -31.634433 7.486582 36.940958
v -31.480524 7.449250 36.733432
v -31.277400 7.424507 36.571332
v -31.716076 7.767993 37.145514
v -31.621100 7.735006 36.904600
v -31.467328 7.695134 36.697446
v -31.265239 7.651094 36.538170
v -31.028605 7.605887 36.437626
v -31.654771 7.996784 37.145514
v -31.556026 7.977863 36.904600
v -31.402920 7.935508 36.697446
v -31.205885 7.872603 36.538170
v -30.978351 7.793436 36.437626
v -31.548632 8.205744 37.179767
v -31.443361 8.199672 36.940958
v -31.291407 8.155047 36.733432
v -31.103124 8.074913 36.571332
v -31.404424 8.381553 37.246087
v -31.290287 8.386290 37.011356
v -31.724256 7.375156 38.900000
v -31.758330 7.633975 38.900000
v -31.724256 7.892794 38.900000
v -31.624356 8.133975 38.900000
v -31.465437 8.341081 38.900000
v -31.258330 8.500000 38.900000
v -31.594847 7.151012 39.158819
v -31.508330 7.200962 39.400000
v -31.370703 7.280421 39.607107
v -31.191343 7.383975 39.766025
v -30.982474 7.504565 39.865926
v -30.887740 7.858118 39.865926
v -31.008330 8.066987 39.766025
v -31.111884 8.246347 39.607107
v -31.191343 8.383975 39.400000
v -31.241293 8.470491 39.158819
v -31.404424 8.381553 39.053913
v -31.290287 8.386290 39.288644
v -31.548632 8.205744 39.120233
v -31.443361 8.199672 39.359042
v -31.291407 8.155047 39.566568
v -31.103124 8.074913 39.728668
v -31.654771 7.996784 39.154486
v -31.556026 7.977863 39.395400
v -31.402920 7.935508 39.602554
v -31.205885 7.872603 39.761830
v -30.978351 7.793436 39.862374
v -31.716076 7.767993 39.154486
v -31.621100 7.735006 39.395400
v -31.467328 7.695134 39.602554
v -31.265239 7.651094 39.761830
v -31.028605 7.605887 39.862374
v -31.728636 7.533958 39.120233
v -31.634433 7.486582 39.359042
v -31.480524 7.449250 39.566568
v -31.277400 7.424507 39.728668
v -31.691653 7.309599 39.053913
v -31.595176 7.248429 39.288644
v -20.000000 15.000000 37.400000
v -19.990870 14.965926 37.141181
v -19.964102 14.866025 36.900000
v -19.921519 14.707107 36.692893
v -19.866025 14.500000 36.533975
v -19.801401 14.258819 36.434074
v -27.134963 10.024785 36.434074
v -23.382186 12.191452 36.434074
v -27.255553 10.233654 36.533975
v -23.502777 12.400321 36.533975
v -27.359107 10.413014 36.692893
v -23.606330 12.579680 36.692893
v -27.438566 10.550641 36.900000
v -23.685789 12.717308 36.900000
v -27.488516 10.637158 37.141181
v -23.735740 12.803824 37.141181
v 35.000000 14.000000 37.400000
v 34.965926 14.258819 37.400000
v 34.866025 14.500000 37.400000
v 34.707107 14.707107 37.400000
v 34.500000 14.866025 37.400000
v 34.258819 14.965926 37.400000
v 34.000000 15.000000 37.400000
v 34.000000 15.000000 38.900000
v 34.258819 14.965926 38.900000
v 34.500000 14.866025 38.900000
v 34.707107 14.707107 38.900000
v 34.866025 14.500000 38.900000
v 34.965926 14.258819 38.900000
v 34.000000 14.965926 39.158819
v 34.000000 14.866025 39.400000
v 34.000000 14.707107 39.607107
v 34.000000 14.500000 39.766025
v 34.000000 14.258819 39.865926
v 34.970469 14.185744 39.053913
v 34.917502 14.084530 39.288644
v 34.890318 14.398536 39.120233
v 34.832423 14.310406 39.359042
v 34.717801 14.201121 39.566568
v 34.554261 14.078131 39.728668
v 34.762422 14.594936 39.154486
v 34.696665 14.518881 39.395400
v 34.583430 14.407464 39.602554
v 34.430436 14.268280 39.761830
v 34.248108 14.110813 39.862374
v 34.594936 14.762422 39.154486
v 34.518881 14.696665 39.395400
v 34.407464 14.583430 39.602554
v 34.268280 14.430436 39.761830
v 34.110813 14.248108 39.862374
v 34.398536 14.890318 39.120233
v 34.310406 14.832423 39.359042
v 34.201121 14.717801 39.566568
v 34.078131 14.554261 39.728668
v 34.185744 14.970469 39.053913
v 34.084530 14.917502 39.288644
v 34.996585 6.919735 37.317432
v 34.945820 6.940918 37.075309
v 34.837171 6.960363 36.853058
v 34.677286 6.976879 36.664280
v 34.475951 6.989455 36.520528
v 34.245487 6.997323 36.430600
v 34.258819 14.000000 36.434074
v 34.500000 14.000000 36.533975
v 34.707107 14.000000 36.692893
v 34.866025 14.000000 36.900000
v 34.965926 14.000000 37.141181
v 35.000000 6.893701 37.400000
v 34.999186 6.911324 37.359832
v 34.965926 10.446851 37.141181
v 34.866025 10.446851 36.900000
v 34.707107 10.446851 36.692893
v 34.500000 10.446851 36.533975
v 34.258819 10.446851 36.434074
v 34.000000 14.258819 36.434074
v 34.000000 14.500000 36.533975
v 34.000000 14.707107 36.692893
v 34.000000 14.866025 36.900000
v 34.000000 14.965926 37.141181
v 34.970469 14.153913 37.214256
v 34.917502 14.388644 37.315470
v 34.890318 14.220233 37.001464
v 34.832423 14.459042 37.089594
v 34.717801 14.666568 37.198879
v 34.554261 14.828668 37.321869
v 34.762422 14.254486 36.805064
v 34.696665 14.495400 36.881119
v 34.583430 14.702554 36.992536
v 34.430436 14.861830 37.131720
v 34.248108 14.962374 37.289187
v 34.594936 14.254486 36.637578
v 34.518881 14.495400 36.703335
v 34.407464 14.702554 36.816570
v 34.268280 14.861830 36.969564
v 34.110813 14.962374 37.151892
v 34.398536 14.220233 36.509682
v 34.310406 14.459042 36.567577
v 34.201121 14.666568 36.682199
v 34.078131 14.828668 36.845739
v 34.185744 14.153913 36.429531
v 34.084530 14.388644 36.482498
v -20.000000 15.000000 38.900000
v -19.990870 14.965926 39.158819
v -19.964102 14.866025 39.400000
v -19.921519 14.707107 39.607107
v -19.866025 14.500000 39.766025
v -19.801401 14.258819 39.865926
v 28.600000 14.258819 39.865926
v 23.200000 14.258819 39.865926
v 17.800000 14.258819 39.865926
v 12.400000 14.258819 39.865926
v 7.000000 14.258819 39.865926
v 1.600000 14.258819 39.865926
v -3.800000 14.258819 39.865926
v -9.200000 14.258819 39.865926
v -14.600000 14.258819 39.865926
v 28.600000 14.500000 39.766025
v 23.200000 14.500000 39.766025
v 17.800000 14.500000 39.766025
v 12.400000 14.500000 39.766025
v 7.000000 14.500000 39.766025
v 1.600000 14.500000 39.766025
v -3.800000 14.500000 39.766025
v -9.200000 14.500000 39.766025
v -14.600000 14.500000 39.766025
v 28.600000 14.707107 39.607107
v 23.200000 14.707107 39.607107
v 17.800000 14.707107 39.607107
v 12.400000 14.707107 39.607107
v 7.000000 14.707107 39.607107
v 1.600000 14.707107 39.607107
v -3.800000 14.707107 39.607107
v -9.200000 14.707107 39.607107
v -14.600000 14.707107 39.607107
v 28.600000 14.866025 39.400000
v 23.200000 14.866025 39.400000
v 17.800000 14.866025 39.400000
v 12.400000 14.866025 39.400000
v 7.000000 14.866025 39.400000
v 1.600000 14.866025 39.400000
v -3.800000 14.866025 39.400000
v -9.200000 14.866025 39.400000
v -14.600000 14.866025 39.400000
v 28.600000 14.965926 39.158819
v 23.200000 14.965926 39.158819
v 17.800000 14.965926 39.158819
v 12.400000 14.965926 39.158819
v 7.000000 14.965926 39.158819
v 1.600000 14.965926 39.158819
v -3.800000 14.965926 39.158819
v -9.200000 14.965926 39.158819
v -14.600000 14.965926 39.158819
v 28.600000 14.965926 37.141181
v 23.200000 14.965926 37.141181
v 17.800000 14.965926 37.141181
v 12.400000 14.965926 37.141181
v 7.000000 14.965926 37.141181
v 1.600000 14.965926 37.141181
v -3.800000 14.965926 37.141181
v -9.200000 14.965926 37.141181
v -14.600000 14.965926 37.141181
v 28.600000 14.866025 36.900000
v 23.200000 14.866025 36.900000
v 17.800000 14.866025 36.900000
v 12.400000 14.866025 36.900000
v 7.000000 14.866025 36.900000
v 1.600000 14.866025 36.900000
v -3.800000 14.866025 36.900000
v -9.200000 14.866025 36.900000
v -14.600000 14.866025 36.900000
v 28.600000 14.707107 36.692893
v 23.200000 14.707107 36.692893
v 17.800000 14.707107 36.692893
v 12.400000 14.707107 36.692893
v 7.000000 14.707107 36.692893
v 1.600000 14.707107 36.692893
v -3.800000 14.707107 36.692893
v -9.200000 14.707107 36.692893
v -14.600000 14.707107 36.692893
v 28.600000 14.500000 36.533975
v 23.200000 14.500000 36.533975
v 17.800000 14.500000 36.533975
v 12.400000 14.500000 36.533975
v 7.000000 14.500000 36.533975
v 1.600000 14.500000 36.533975
v -3.800000 14.500000 36.533975
v -9.200000 14.500000 36.533975
v -14.600000 14.500000 36.533975
v 28.600000 14.258819 36.434074
v 23.200000 14.258819 36.434074
v 17.800000 14.258819 36.434074
v 12.400000 14.258819 36.434074
v 7.000000 14.258819 36.434074
v 1.600000 14.258819 36.434074
v -3.800000 14.258819 36.434074
v -9.200000 14.258819 36.434074
v -14.600000 14.258819 36.434074
v 35.000000 -6.861918 37.441421
v 35.000000 -6.820496 37.473205
v 35.000000 -6.772260 37.493185
v 35.000000 -6.720496 37.500000
v 35.000000 6.720496 37.500000
v 35.000000 6.772260 37.493185
v 35.000000 6.820496 37.473205
v 35.000000 6.861918 37.441421
v -17.465429 -17.321857 38.900000
v -17.258322 -17.480776 38.900000
v -17.017141 -17.580677 38.900000
v -16.758322 -17.614751 38.900000
v -16.499503 -17.580677 38.900000
v -16.258322 -17.480776 38.900000
v -16.275359 -17.451267 39.158819
v -16.325309 -17.364751 39.400000
v -16.404769 -17.227123 39.607107
v -16.508322 -17.047763 39.766025
v -16.628913 -16.838895 39.865926
v -16.982466 -16.744160 39.865926
v -17.191335 -16.864751 39.766025
v -17.370695 -16.968304 39.607107
v -17.508322 -17.047763 39.400000
v -17.594838 -17.097714 39.158819
v -16.531072 -17.404409 39.469910
v -16.525302 -17.509277 39.281476
v -16.784253 -17.539581 39.279495
v -17.041442 -17.507016 39.251717
v -17.279385 -17.413797 39.200030
v -17.481907 -17.266260 39.127947
v -17.467040 -17.319148 38.939290
v -17.262373 -17.474315 38.984155
v -17.023442 -17.571050 39.023299
v -16.766488 -17.602778 39.054062
v -16.508979 -17.567342 39.074351
v -16.790533 -17.425442 39.484587
v -17.047806 -17.391367 39.459524
v -17.285399 -17.304498 39.396426
v -17.487163 -17.170742 39.299582
v -17.280072 -17.152644 39.562154
v -17.042169 -17.230689 39.634881
v -16.784971 -17.266864 39.657653
v -16.525961 -17.258710 39.628920
v -16.510260 -17.080482 39.749447
v -16.767882 -17.072882 39.788833
v -17.024855 -17.034138 39.767799
v -17.263708 -16.966886 39.687773
v -16.740242 -16.854545 39.870655
v -16.996848 -16.812911 39.850704
v -17.465429 -17.321857 37.400000
v -17.258322 -17.480776 37.400000
v -17.017141 -17.580677 37.400000
v -16.758322 -17.614751 37.400000
v -16.499503 -17.580677 37.400000
v -16.258322 -17.480776 37.400000
v -17.594838 -17.097714 37.141181
v -17.508322 -17.047763 36.900000
v -17.370695 -16.968304 36.692893
v -17.191335 -16.864751 36.533975
v -16.982466 -16.744160 36.434074
v -16.628913 -16.838895 36.434074
v -16.508322 -17.047763 36.533975
v -16.404769 -17.227123 36.692893
v -16.325309 -17.364751 36.900000
v -16.275359 -17.451267 37.141181
v -17.280072 -17.152644 36.737846
v -16.531072 -17.404409 36.830090
v -17.467040 -17.319148 37.360710
v -17.262373 -17.474315 37.315845
v -17.023442 -17.571050 37.276701
v -16.766488 -17.602778 37.245938
v -16.508979 -17.567342 37.225649
v -17.481907 -17.266260 37.172053
v -17.279385 -17.413797 37.099970
v -17.041442 -17.507016 37.048283
v -16.784253 -17.539581 37.020505
v -16.525302 -17.509277 37.018524
v -17.487163 -17.170742 37.000418
v -17.285399 -17.304498 36.903574
v -17.047806 -17.391367 36.840476
v -16.790533 -17.425442 36.815413
v -17.042169 -17.230689 36.665119
v -16.784971 -17.266864 36.642347
v -16.525961 -17.258710 36.671080
v -17.263708 -16.966886 36.612227
v -17.024855 -17.034138 36.532201
v -16.767882 -17.072882 36.511167
v -16.510260 -17.080482 36.550553
v -16.996848 -16.812911 36.449296
v -16.740242 -16.854545 36.429345
v -28.182473 2.654820 39.865926
v -25.382471 -2.194925 39.865926
v -22.582469 -7.044670 39.865926
v -19.782468 -11.894415 39.865926
v -28.391341 2.534230 39.766025
v -25.591340 -2.315516 39.766025
v -22.791338 -7.165261 39.766025
v -19.991336 -12.015006 39.766025
v -28.570701 2.430676 39.607107
v -25.770699 -2.419069 39.607107
v -22.970698 -7.268814 39.607107
v -20.170696 -12.118559 39.607107
v -28.708329 2.351217 39.400000
v -25.908327 -2.498528 39.400000
v -23.108325 -7.348273 39.400000
v -20.308324 -12.198018 39.400000
v -28.794845 2.301267 39.158819
v -25.994843 -2.548478 39.158819
v -23.194842 -7.398223 39.158819
v -20.394840 -12.247969 39.158819
v -27.488516 10.637158 39.158819
v -23.735740 12.803824 39.158819
v -27.438566 10.550641 39.400000
v -23.685789 12.717308 39.400000
v -27.359107 10.413014 39.607107
v -23.606330 12.579680 39.607107
v -27.255553 10.233654 39.766025
v -23.502777 12.400321 39.766025
v -27.134963 10.024785 39.865926
v -23.382186 12.191452 39.865926
v 24.781009 -6.922436 37.286557
v 24.786734 -6.921540 37.296803
v 24.794706 -6.920785 37.305432
v 24.804481 -6.920213 37.311964
v 24.815518 -6.919857 37.316040
v 24.827207 -6.919735 37.317431
v 24.596220 6.723197 37.345629
v 24.596219 -6.723197 37.345629
v 24.603815 -6.773722 37.346905
v 24.622982 -6.820947 37.343102
v 24.652468 -6.861789 37.334467
v 24.690348 -6.893581 37.321566
v 24.734149 -6.914247 37.305241
v 24.827207 -6.909410 37.365663
v 24.827207 -6.887594 37.409902
v 24.827207 -6.855614 37.447455
v 24.827207 -6.815416 37.476040
v 24.827207 -6.769445 37.493918
v 24.827207 -6.720496 37.500000
v 25.844486 -6.887594 37.409902
v 26.861765 -6.887594 37.409902
v 27.879045 -6.887594 37.409902
v 28.896324 -6.887594 37.409902
v 29.913603 -6.887594 37.409902
v 30.930883 -6.887594 37.409902
v 31.948162 -6.887594 37.409902
v 32.965441 -6.887594 37.409902
v 33.982721 -6.887594 37.409902
v 33.982721 -6.909410 37.365663
v 32.965441 -6.909410 37.365663
v 31.948162 -6.909410 37.365663
v 30.930883 -6.909410 37.365663
v 29.913603 -6.909410 37.365663
v 28.896324 -6.909410 37.365663
v 27.879045 -6.909410 37.365663
v 26.861765 -6.909410 37.365663
v 25.844486 -6.909410 37.365663
v 25.844486 -6.855614 37.447455
v 26.861765 -6.855614 37.447455
v 27.879045 -6.855614 37.447455
v 28.896324 -6.855614 37.447455
v 29.913603 -6.855614 37.447455
v 30.930883 -6.855614 37.447455
v 31.948162 -6.855614 37.447455
v 32.965441 -6.855614 37.447455
v 33.982721 -6.855614 37.447455
v 25.844486 -6.815416 37.476040
v 26.861765 -6.815416 37.476040
v 27.879045 -6.815416 37.476040
v 28.896324 -6.815416 37.476040
v 29.913603 -6.815416 37.476040
v 30.930883 -6.815416 37.476040
v 31.948162 -6.815416 37.476040
v 32.965441 -6.815416 37.476040
v 33.982721 -6.815416 37.476040
v 25.844486 -6.769445 37.493918
v 26.861765 -6.769445 37.493918
v 27.879045 -6.769445 37.493918
v 28.896324 -6.769445 37.493918
v 29.913603 -6.769445 37.493918
v 30.930883 -6.769445 37.493918
v 31.948162 -6.769445 37.493918
v 32.965441 -6.769445 37.493918
v 33.982721 -6.769445 37.493918
v 24.622095 -6.722379 37.392914
v 24.636473 -6.722045 37.411619
v 24.650277 -6.721778 37.426623
v 24.691407 -6.721192 37.459901
v 24.731615 -6.720828 37.481002
v 24.755402 -6.720681 37.489466
v 24.807992 -6.720509 37.499255
v 24.791738 -6.742454 37.496245
v 24.706551 -6.744985 37.467313
v 24.792563 -6.913159 37.348815
v 24.814417 -6.912626 37.354906
v 24.808657 -6.896853 37.393205
v 24.803152 -6.872036 37.428955
v 24.798354 -6.839046 37.459121
v 24.795320 -6.808558 37.477357
v 24.793100 -6.775821 37.489786
v 24.801876 -6.912867 37.352153
v 24.790469 -6.897203 37.389213
v 24.779567 -6.872489 37.423778
v 24.770065 -6.839589 37.452911
v 24.764055 -6.809159 37.470494
v 24.759659 -6.776463 37.482445
v 24.756963 -6.743122 37.488612
v 24.731149 -6.743932 37.479358
v 24.734836 -6.777242 37.473547
v 24.740847 -6.809887 37.462175
v 24.749065 -6.840248 37.445383
v 24.762058 -6.873038 37.417501
v 24.776965 -6.897626 37.384372
v 24.783687 -6.913539 37.344469
v 24.764096 -6.898178 37.378070
v 24.745373 -6.873753 37.409331
v 24.729054 -6.841105 37.435584
v 24.718733 -6.810834 37.451346
v 24.711182 -6.778255 37.461964
v 24.767661 -6.914544 37.332976
v 24.740868 -6.899635 37.361414
v 24.715262 -6.875642 37.387738
v 24.692943 -6.843371 37.409690
v 24.678828 -6.813338 37.422731
v 24.668502 -6.780933 37.431359
v 24.662169 -6.747770 37.435487
v 24.754568 -6.915835 37.318231
v 24.721899 -6.901504 37.340050
v 24.690677 -6.878064 37.360051
v 24.663463 -6.846275 37.376490
v 24.646252 -6.816547 37.386045
v 24.633661 -6.784366 37.392122
v 24.625939 -6.751339 37.394687
v 24.624928 6.722298 37.396915
v 24.664819 6.721542 37.440081
v 24.713688 6.720971 37.472740
v 24.768834 6.720616 37.493088
v 24.827207 6.720496 37.500000
v 24.768836 -5.500797 37.493090
v 24.713692 -5.500797 37.472743
v 24.664824 -5.500797 37.440084
v 24.624931 -5.500797 37.396917
v 24.768836 -4.278398 37.493090
v 24.768836 -3.055998 37.493090
v 24.768835 -1.833599 37.493090
v 24.768835 -0.611200 37.493090
v 24.768835 0.611200 37.493090
v 24.768835 1.833599 37.493090
v 24.768834 3.055999 37.493090
v 24.768834 4.278398 37.493090
v 24.768834 5.500798 37.493090
v 24.713692 -4.278398 37.472743
v 24.713692 -3.055998 37.472743
v 24.713691 -1.833599 37.472743
v 24.713691 -0.611200 37.472742
v 24.713690 0.611200 37.472742
v 24.713690 1.833599 37.472742
v 24.713689 3.055999 37.472742
v 24.713689 4.278398 37.472741
v 24.713689 5.500798 37.472741
v 24.664823 -4.278398 37.440083
v 24.664823 -3.055998 37.440083
v 24.664822 -1.833599 37.440083
v 24.664822 -0.611200 37.440082
v 24.664822 0.611200 37.440082
v 24.664821 1.833599 37.440082
v 24.664821 3.055999 37.440081
v 24.664820 4.278398 37.440081
v 24.664820 5.500798 37.440081
v 24.624931 -4.278398 37.396917
v 24.624931 -3.055998 37.396916
v 24.624930 -1.833599 37.396916
v 24.624930 -0.611200 37.396916
v 24.624930 0.611200 37.396915
v 24.624930 1.833599 37.396915
v 24.624930 3.055999 37.396915
v 24.624929 4.278398 37.396915
v 24.624929 5.500798 37.396914
v 24.827207 6.919735 37.317433
v 24.815584 6.919854 37.316069
v 24.804523 6.920212 37.311980
v 24.794695 6.920787 37.305411
v 24.786696 6.921543 37.296762
v 24.781011 6.922436 37.286557
v 24.827207 6.769445 37.493918
v 24.827207 6.815416 37.476040
v 24.827207 6.855614 37.447456
v 24.827207 6.887593 37.409903
v 24.827207 6.909409 37.365665
v 33.982721 6.909409 37.365664
v 33.982721 6.887593 37.409902
v 33.982721 6.855614 37.447456
v 33.982721 6.815416 37.476040
v 33.982721 6.769445 37.493918
v 32.965441 6.909409 37.365664
v 31.948162 6.909409 37.365664
v 30.930883 6.909409 37.365664
v 29.913603 6.909409 37.365664
v 28.896324 6.909409 37.365664
v 27.879045 6.909409 37.365664
v 26.861765 6.909409 37.365664
v 25.844486 6.909409 37.365665
v 32.965441 6.887593 37.409902
v 31.948162 6.887593 37.409902
v 30.930883 6.887593 37.409902
v 29.913603 6.887593 37.409902
v 28.896324 6.887593 37.409902
v 27.879045 6.887593 37.409902
v 26.861765 6.887593 37.409903
v 25.844486 6.887593 37.409903
v 32.965441 6.855614 37.447456
v 31.948162 6.855614 37.447456
v 30.930883 6.855614 37.447456
v 29.913603 6.855614 37.447456
v 28.896324 6.855614 37.447456
v 27.879045 6.855614 37.447456
v 26.861765 6.855614 37.447456
v 25.844486 6.855614 37.447456
v 32.965441 6.815416 37.476040
v 31.948162 6.815416 37.476040
v 30.930883 6.815416 37.476040
v 29.913603 6.815416 37.476040
v 28.896324 6.815416 37.476040
v 27.879045 6.815416 37.476040
v 26.861765 6.815416 37.476040
v 25.844486 6.815416 37.476040
v 32.965441 6.769445 37.493918
v 31.948162 6.769445 37.493918
v 30.930883 6.769445 37.493918
v 29.913603 6.769445 37.493918
v 28.896324 6.769445 37.493918
v 27.879045 6.769445 37.493918
v 26.861765 6.769445 37.493918
v 25.844486 6.769445 37.493918
v 24.603815 6.773722 37.346905
v 24.622982 6.820948 37.343102
v 24.652469 6.861790 37.334467
v 24.690349 6.893582 37.321566
v 24.734150 6.914247 37.305241
v 24.696325 6.745597 37.461241
v 24.780035 6.913752 37.342213
v 24.754615 6.743266 37.487892
v 24.801051 6.912912 37.351822
v 24.752687 6.916105 37.315317
v 24.719207 6.901941 37.335813
v 24.687197 6.878698 37.354560
v 24.659272 6.847114 37.369926
v 24.641520 6.817401 37.378851
v 24.628529 6.785195 37.384467
v 24.620563 6.752115 37.386744
v 24.761324 6.915123 37.326544
v 24.731715 6.900519 37.352071
v 24.703406 6.876854 37.375628
v 24.678709 6.844904 37.395190
v 24.663009 6.814957 37.406783
v 24.651521 6.782580 37.414350
v 24.644476 6.749396 37.417825
v 24.770487 6.914356 37.335315
v 24.744989 6.899408 37.364776
v 24.720609 6.875414 37.392095
v 24.699342 6.843176 37.414939
v 24.685821 6.813047 37.428618
v 24.675928 6.780536 37.437712
v 24.669860 6.747270 37.442122
v 24.701373 6.778928 37.456094
v 24.709603 6.811544 37.445798
v 24.720850 6.841816 37.430477
v 24.738543 6.874280 37.405051
v 24.758823 6.898533 37.374771
v 24.790114 6.913277 37.347650
v 24.773430 6.897844 37.382651
v 24.757478 6.873386 37.415267
v 24.743563 6.840744 37.442731
v 24.734716 6.810358 37.459347
v 24.728243 6.777660 37.470591
v 24.724273 6.744278 37.476320
v 24.813272 6.912664 37.354656
v 24.807002 6.896955 37.392808
v 24.801008 6.872234 37.428435
v 24.795779 6.839362 37.458527
v 24.792454 6.808830 37.476814
v 24.790021 6.776025 37.489280
v 24.788530 6.742578 37.495758
v 24.757414 6.776686 37.481717
v 24.761980 6.809449 37.469746
v 24.768219 6.839922 37.452135
v 24.778034 6.872701 37.423107
v 24.789284 6.897315 37.388698
vt 0.020290 0.015406 0.000000
vt -0.179108 0.015406 0.000000
vt -0.078705 0.010271 0.000000
vt -0.179108 0.010271 0.000000
vt -0.078705 0.005135 0.000000
vt -0.179108 0.005135 0.000000
vt -0.078705 -0.000000 0.000000
vt -0.179108 0.000000 0.000000
vt -0.078705 -0.005135 0.000000
vt -0.179108 -0.005135 0.000000
vt -0.078705 -0.010271 0.000000
vt -0.179108 -0.010271 0.000000
vt -0.179108 -0.015406 0.000000
vt 0.020290 -0.015406 0.000000
vt 0.021055 -0.010271 0.000000
vt 0.021534 -0.005135 0.000000
vt 0.021698 -0.000000 0.000000
vt 0.021534 0.005135 0.000000
vt 0.021055 0.010271 0.000000
vt 0.408101 0.009308 0.000000
vt 0.501209 0.009308 0.000000
vt 0.408101 0.013963 0.000000
vt 0.594316 0.009308 0.000000
vt 0.687424 0.009308 0.000000
vt 0.687424 0.004654 0.000000
vt 0.780532 0.004654 0.000000
vt 0.780532 -0.000000 0.000000
vt 0.873639 -0.000000 0.000000
vt 0.873639 -0.004654 0.000000
vt 0.966747 -0.004654 0.000000
vt 0.966747 -0.009308 0.000000
vt 1.059855 -0.009308 0.000000
vt 1.246070 -0.013963 0.000000
vt 1.152962 -0.009308 0.000000
vt 1.246070 -0.009308 0.000000
vt 1.152962 -0.004654 0.000000
vt 1.246070 -0.004654 0.000000
vt 1.152962 0.000000 0.000000
vt 1.246070 0.000000 0.000000
vt 1.152962 0.004654 0.000000
vt 1.246070 0.004654 0.000000
vt 1.152962 0.009308 0.000000
vt 1.246070 0.009308 0.000000
vt 1.246070 0.013963 0.000000
vt 0.501209 0.004654 0.000000
vt 0.408101 0.004654 0.000000
vt 0.501209 -0.000000 0.000000
vt 0.408101 -0.000000 0.000000
vt 0.501209 -0.004654 0.000000
vt 0.408101 -0.004654 0.000000
vt 0.501209 -0.009308 0.000000
vt 0.408101 -0.009308 0.000000
vt 0.408101 -0.013963 0.000000
vt 0.780532 -0.009308 0.000000
vt 0.687424 -0.009308 0.000000
vt 0.594316 -0.009308 0.000000
vt 0.594316 -0.004654 0.000000
vt 0.873639 0.009308 0.000000
vt 0.966747 0.009308 0.000000
vt 1.059855 0.009308 0.000000
vt 1.059855 0.004654 0.000000
vt 0.594316 0.004654 0.000000
vt 0.594316 -0.000000 0.000000
vt 0.780532 0.009308 0.000000
vt 0.873639 0.004654 0.000000
vt 0.966747 0.004654 0.000000
vt 0.966747 -0.000000 0.000000
vt 0.687424 -0.000000 0.000000
vt 0.780532 -0.004654 0.000000
vt 0.873639 -0.009308 0.000000
vt 1.059855 -0.000000 0.000000
vt 0.687424 -0.004654 0.000000
vt 1.059855 -0.004654 0.000000
vt 0.014653 -0.001207 0.000000
vt 0.011921 -0.003478 0.000000
vt 0.016973 -0.006942 0.000000
vt 0.011921 -0.008299 0.000000
vt 0.011956 -0.008411 0.000000
vt 0.006868 -0.008299 0.000000
vt 0.006904 -0.009443 0.000000
vt 0.001815 -0.008299 0.000000
vt 0.001837 -0.010299 0.000000
vt -0.003238 -0.008299 0.000000
vt -0.003233 -0.011115 0.000000
vt -0.008291 -0.008299 0.000000
vt -0.008298 -0.012003 0.000000
vt -0.013065 -0.007254 0.000000
vt -0.013343 -0.013119 0.000000
vt 0.011921 0.001342 0.000000
vt 0.011676 0.003313 0.000000
vt 0.006868 0.001342 0.000000
vt 0.006868 0.006163 0.000000
vt 0.001815 0.006163 0.000000
vt 0.004739 0.010113 0.000000
vt 0.001815 0.010983 0.000000
vt 0.001060 0.012987 0.000000
vt -0.003238 0.010983 0.000000
vt -0.002640 0.015804 0.000000
vt -0.005419 0.012005 0.000000
vt 0.008315 0.006975 0.000000
vt -0.007995 0.007912 0.000000
vt -0.003238 0.006163 0.000000
vt 0.001815 0.001342 0.000000
vt 0.006868 -0.003478 0.000000
vt -0.008291 0.006163 0.000000
vt -0.010237 0.003382 0.000000
vt -0.008291 0.001342 0.000000
vt -0.011984 -0.001681 0.000000
vt -0.008291 -0.003478 0.000000
vt -0.003238 -0.003478 0.000000
vt -0.003238 0.001342 0.000000
vt 0.001815 -0.003478 0.000000
vt 2.052947 0.253857 0.000000
vt 0.292653 0.253857 0.000000
vt 2.087061 0.057399 0.000000
vt 0.258539 0.057399 0.000000
vt -1.466547 0.009308 0.000000
vt -1.368753 0.009308 0.000000
vt -1.466547 0.013963 0.000000
vt -1.270959 0.009308 0.000000
vt -1.173165 0.009308 0.000000
vt -1.173165 0.004654 0.000000
vt -1.075371 0.004654 0.000000
vt -1.075371 0.000000 0.000000
vt -0.977576 0.000000 0.000000
vt -0.977576 -0.004654 0.000000
vt -0.879782 -0.004654 0.000000
vt -0.879782 -0.009308 0.000000
vt -0.781988 -0.009308 0.000000
vt -1.466547 -0.013963 0.000000
vt -0.684194 -0.009308 0.000000
vt -0.586400 -0.009308 0.000000
vt -0.684194 -0.004654 0.000000
vt -0.586400 -0.004654 0.000000
vt -0.684194 0.000000 0.000000
vt -0.586400 0.000000 0.000000
vt -0.684194 0.004654 0.000000
vt -0.586400 0.004654 0.000000
vt -0.684194 0.009308 0.000000
vt -0.586400 0.009308 0.000000
vt 0.293747 0.013963 0.000000
vt -0.488606 0.009308 0.000000
vt -0.390812 0.009308 0.000000
vt -0.390812 0.004654 0.000000
vt -0.293018 0.004654 0.000000
vt -0.293018 0.000000 0.000000
vt -0.195224 0.000000 0.000000
vt -0.195224 -0.004654 0.000000
vt -0.097429 -0.004654 0.000000
vt -0.097429 -0.009308 0.000000
vt 0.000365 -0.009308 0.000000
vt 0.293747 -0.013963 0.000000
vt 0.098159 -0.009308 0.000000
vt 0.195953 -0.009308 0.000000
vt 0.098159 -0.004654 0.000000
vt 0.195953 -0.004654 0.000000
vt 0.098159 0.000000 0.000000
vt 0.195953 0.000000 0.000000
vt 0.098159 0.004654 0.000000
vt 0.195953 0.004654 0.000000
vt 0.098159 0.009308 0.000000
vt 0.195953 0.009308 0.000000
vt 0.293747 0.009308 0.000000
vt 0.293747 0.004654 0.000000
vt 0.293747 0.000000 0.000000
vt 0.293747 -0.004654 0.000000
vt 0.293747 -0.009308 0.000000
vt -1.368753 0.004654 0.000000
vt -1.466547 0.004654 0.000000
vt -1.368753 0.000000 0.000000
vt -1.466547 0.000000 0.000000
vt -1.368753 -0.004654 0.000000
vt -1.466547 -0.004654 0.000000
vt -1.368753 -0.009308 0.000000
vt -1.466547 -0.009308 0.000000
vt -0.488606 -0.009308 0.000000
vt -0.488606 -0.004654 0.000000
vt -0.488606 0.000000 0.000000
vt -0.488606 0.004654 0.000000
vt -1.270959 0.004654 0.000000
vt -1.270959 0.000000 0.000000
vt -1.270959 -0.004654 0.000000
vt -1.270959 -0.009308 0.000000
vt -1.075371 0.009308 0.000000
vt -0.977576 0.009308 0.000000
vt -0.879782 0.009308 0.000000
vt -0.879782 0.004654 0.000000
vt -0.781988 0.004654 0.000000
vt -0.781988 0.000000 0.000000
vt -0.977576 0.004654 0.000000
vt -0.781988 0.009308 0.000000
vt -0.293018 0.009308 0.000000
vt -0.195224 0.009308 0.000000
vt -0.097429 0.009308 0.000000
vt -0.097429 0.004654 0.000000
vt 0.000365 0.004654 0.000000
vt 0.000365 0.000000 0.000000
vt -0.195224 0.004654 0.000000
vt 0.000365 0.009308 0.000000
vt -1.173165 0.000000 0.000000
vt -1.075371 -0.004654 0.000000
vt -0.977576 -0.009308 0.000000
vt -0.879782 0.000000 0.000000
vt -0.390812 0.000000 0.000000
vt -0.390812 -0.004654 0.000000
vt -0.390812 -0.009308 0.000000
vt -0.097429 0.000000 0.000000
vt -1.173165 -0.004654 0.000000
vt -1.173165 -0.009308 0.000000
vt -0.781988 -0.004654 0.000000
vt -0.293018 -0.004654 0.000000
vt -0.195224 -0.009308 0.000000
vt 0.000365 -0.004654 0.000000
vt -1.075371 -0.009308 0.000000
vt -0.293018 -0.009308 0.000000
vt -0.355918 -0.880147 0.000000
vt 0.482051 -0.880147 0.000000
vt -0.355918 0.880147 0.000000
vt 0.482051 0.880147 0.000000
vt -4.400000 0.052360 0.000000
vt -3.888264 0.052360 0.000000
vt -4.400000 0.078540 0.000000
vt -3.376528 0.052360 0.000000
vt -2.864792 0.052360 0.000000
vt -2.864792 0.026180 0.000000
vt -2.353056 0.026180 0.000000
vt -2.353056 0.000000 0.000000
vt -1.841320 0.000000 0.000000
vt -1.841320 -0.026180 0.000000
vt -1.329584 -0.026180 0.000000
vt -1.329584 -0.052360 0.000000
vt -0.817848 -0.052360 0.000000
vt 0.178829 -0.078540 0.000000
vt -0.306112 -0.052360 0.000000
vt 0.179742 -0.052360 0.000000
vt -0.306112 -0.026180 0.000000
vt 0.182419 -0.026180 0.000000
vt -0.306112 0.000000 0.000000
vt 0.186677 0.000000 0.000000
vt -0.306112 0.026180 0.000000
vt 0.192226 0.026180 0.000000
vt -0.306112 0.052360 0.000000
vt 0.198689 0.052360 0.000000
vt 0.205624 0.078540 0.000000
vt -3.888264 0.026180 0.000000
vt -4.400000 0.026180 0.000000
vt -3.888264 0.000000 0.000000
vt -4.400000 0.000000 0.000000
vt -3.888264 -0.026180 0.000000
vt -4.400000 -0.026180 0.000000
vt -3.888264 -0.052360 0.000000
vt -4.400000 -0.052360 0.000000
vt -4.400000 -0.078540 0.000000
vt -2.353056 -0.052360 0.000000
vt -2.864792 -0.052360 0.000000
vt -3.376528 -0.052360 0.000000
vt -3.376528 -0.026180 0.000000
vt -1.841320 0.052360 0.000000
vt -1.329584 0.052360 0.000000
vt -0.817848 0.052360 0.000000
vt -0.817848 0.026180 0.000000
vt -3.376528 0.026180 0.000000
vt -3.376528 0.000000 0.000000
vt -2.353056 0.052360 0.000000
vt -1.841320 0.026180 0.000000
vt -1.329584 0.026180 0.000000
vt -1.329584 0.000000 0.000000
vt -2.864792 0.000000 0.000000
vt -2.353056 -0.026180 0.000000
vt -1.841320 -0.052360 0.000000
vt -0.817848 0.000000 0.000000
vt -2.864792 -0.026180 0.000000
vt -0.817848 -0.026180 0.000000
vt 0.100000 -0.078540 0.000000
vt 0.250000 -0.078540 0.000000
vt 0.100000 -0.052360 0.000000
vt 0.250000 -0.052360 0.000000
vt 0.100000 -0.026180 0.000000
vt 0.250000 -0.026180 0.000000
vt 0.100000 -0.000000 0.000000
vt 0.250000 -0.000000 0.000000
vt 0.100000 0.026180 0.000000
vt 0.250000 0.026180 0.000000
vt 0.100000 0.052360 0.000000
vt 0.250000 0.052360 0.000000
vt 0.100000 0.078540 0.000000
vt 0.250000 0.078540 0.000000
vt 0.052360 0.060662 0.000000
vt 0.042053 0.087332 0.000000
vt 0.035368 0.062380 0.000000
vt 0.018405 0.075701 0.000000
vt 0.009188 0.062380 0.000000
vt -0.005472 0.065071 0.000000
vt 0.009188 0.037428 0.000000
vt -0.016992 0.037428 0.000000
vt 0.009188 0.012476 0.000000
vt -0.016992 0.012476 0.000000
vt 0.009188 -0.012476 0.000000
vt -0.016992 -0.012476 0.000000
vt 0.009188 -0.037428 0.000000
vt -0.016992 -0.037428 0.000000
vt -0.005472 -0.065071 0.000000
vt -0.029284 -0.054155 0.000000
vt -0.043172 -0.037428 0.000000
vt -0.052705 -0.041536 0.000000
vt -0.043172 -0.012476 0.000000
vt -0.069352 -0.012476 0.000000
vt -0.069352 0.012476 0.000000
vt -0.095532 -0.000000 0.000000
vt -0.075188 0.024961 0.000000
vt -0.052705 0.041536 0.000000
vt -0.043172 0.012476 0.000000
vt -0.043172 0.037428 0.000000
vt -0.029284 0.054155 0.000000
vt -0.075188 -0.024961 0.000000
vt 0.009188 -0.062380 0.000000
vt 0.018405 -0.075701 0.000000
vt 0.035368 -0.062380 0.000000
vt 0.042053 -0.087332 0.000000
vt 0.052360 -0.060662 0.000000
vt 0.035368 -0.037428 0.000000
vt 0.059159 -0.031253 0.000000
vt 0.035368 -0.012476 0.000000
vt 0.061548 0.000000 0.000000
vt 0.035368 0.012476 0.000000
vt 0.059159 0.031253 0.000000
vt 0.035368 0.037428 0.000000
vt 4.400000 -0.052360 0.000000
vt 3.888264 -0.052360 0.000000
vt 4.400000 -0.078540 0.000000
vt 3.376528 -0.052360 0.000000
vt 2.864792 -0.052360 0.000000
vt 2.864792 -0.026180 0.000000
vt 2.353056 -0.026180 0.000000
vt 2.353056 0.000000 0.000000
vt 1.841320 0.000000 0.000000
vt 1.841320 0.026180 0.000000
vt 1.329584 0.026180 0.000000
vt 1.329584 0.052360 0.000000
vt 0.817848 0.052360 0.000000
vt -0.205624 0.078540 0.000000
vt 0.306112 0.052360 0.000000
vt -0.198689 0.052360 0.000000
vt -0.192226 0.026180 0.000000
vt 3.888264 -0.026180 0.000000
vt 4.400000 -0.026180 0.000000
vt 3.888264 0.000000 0.000000
vt 4.400000 0.000000 0.000000
vt 3.888264 0.026180 0.000000
vt 4.400000 0.026180 0.000000
vt 3.888264 0.052360 0.000000
vt 4.400000 0.052360 0.000000
vt 4.400000 0.078540 0.000000
vt 2.353056 0.052360 0.000000
vt 2.864792 0.052360 0.000000
vt 3.376528 0.052360 0.000000
vt 3.376528 0.026180 0.000000
vt 0.306112 0.026180 0.000000
vt -0.186677 0.000000 0.000000
vt 0.306112 0.000000 0.000000
vt -0.182419 -0.026180 0.000000
vt 0.306112 -0.026180 0.000000
vt -0.179742 -0.052360 0.000000
vt 0.306112 -0.052360 0.000000
vt -0.178829 -0.078540 0.000000
vt 0.817848 -0.052360 0.000000
vt 1.329584 -0.052360 0.000000
vt 0.817848 -0.026180 0.000000
vt 1.329584 -0.026180 0.000000
vt 0.817848 0.000000 0.000000
vt 1.329584 0.000000 0.000000
vt 0.817848 0.026180 0.000000
vt 2.353056 -0.052360 0.000000
vt 1.841320 -0.052360 0.000000
vt 3.376528 -0.026180 0.000000
vt 3.376528 0.000000 0.000000
vt 1.841320 -0.026180 0.000000
vt 2.864792 0.000000 0.000000
vt 2.353056 0.026180 0.000000
vt 1.841320 0.052360 0.000000
vt 2.864792 0.026180 0.000000
vt 0.052360 0.060662 0.000000
vt 0.042053 0.087332 0.000000
vt 0.035368 0.062380 0.000000
vt 0.018405 0.075701 0.000000
vt 0.009188 0.062380 0.000000
vt -0.005472 0.065071 0.000000
vt 0.009188 0.037428 0.000000
vt -0.016992 0.037428 0.000000
vt 0.009188 0.012476 0.000000
vt -0.016992 0.012476 0.000000
vt 0.009188 -0.012476 0.000000
vt -0.016992 -0.012476 0.000000
vt 0.009188 -0.037428 0.000000
vt -0.016992 -0.037428 0.000000
vt -0.005472 -0.065071 0.000000
vt -0.029284 -0.054155 0.000000
vt -0.043172 -0.037428 0.000000
vt -0.052705 -0.041536 0.000000
vt -0.043172 -0.012476 0.000000
vt -0.069352 -0.012476 0.000000
vt -0.069352 0.012476 0.000000
vt -0.095532 -0.000000 0.000000
vt -0.075188 0.024961 0.000000
vt -0.052705 0.041536 0.000000
vt -0.043172 0.012476 0.000000
vt -0.043172 0.037428 0.000000
vt -0.029284 0.054155 0.000000
vt -0.075188 -0.024961 0.000000
vt 0.009188 -0.062380 0.000000
vt 0.018405 -0.075701 0.000000
vt 0.035368 -0.062380 0.000000
vt 0.042053 -0.087332 0.000000
vt 0.052360 -0.060662 0.000000
vt 0.035368 -0.037428 0.000000
vt 0.059159 -0.031253 0.000000
vt 0.035368 -0.012476 0.000000
vt 0.061548 -0.000000 0.000000
vt 0.035368 0.012476 0.000000
vt 0.059159 0.031253 0.000000
vt 0.035368 0.037428 0.000000
vt 0.821171 0.100000 0.000000
vt 5.400000 0.100000 0.000000
vt 0.821171 0.250000 0.000000
vt 5.400000 0.250000 0.000000
vt 0.209461 1.117772 0.000000
vt 0.210000 1.113160 0.000000
vt 0.250000 1.632051 0.000000
vt 0.210000 -0.647134 0.000000
vt 0.250000 -1.167951 0.000000
vt 0.209461 -0.651747 0.000000
vt 0.207873 -0.656110 0.000000
vt 0.205321 -0.659990 0.000000
vt 0.201943 -0.663177 0.000000
vt 0.197922 -0.665499 0.000000
vt 0.193473 -0.666830 0.000000
vt 0.100000 -1.167951 0.000000
vt 0.100000 -0.683312 0.000000
vt 0.100000 1.632051 0.000000
vt 0.193473 1.132856 0.000000
vt 0.197922 1.131524 0.000000
vt 0.201943 1.129202 0.000000
vt 0.100000 1.149338 0.000000
vt 0.205321 1.126015 0.000000
vt 0.207873 1.122136 0.000000
vt 2.010089 0.262673 0.000000
vt 1.172120 0.262673 0.000000
vt 2.010089 0.167758 0.000000
vt 1.138006 0.066215 0.000000
vt 2.006682 0.141477 0.000000
vt 1.996692 0.116987 0.000000
vt 1.980800 0.095957 0.000000
vt 1.910089 0.066215 0.000000
vt 1.960089 0.079820 0.000000
vt 1.935971 0.069675 0.000000
vt 0.640000 -0.052360 0.000000
vt 0.082000 -0.052360 0.000000
vt 0.640000 -0.078540 0.000000
vt -0.476000 -0.052360 0.000000
vt -1.034000 -0.052360 0.000000
vt -1.034000 -0.026180 0.000000
vt -1.592000 -0.026180 0.000000
vt -1.592000 0.000000 0.000000
vt -2.150000 0.000000 0.000000
vt -2.150000 0.026180 0.000000
vt -1.592000 0.026180 0.000000
vt -2.150000 0.052360 0.000000
vt -1.592000 0.052360 0.000000
vt -2.150000 0.078540 0.000000
vt -1.034000 0.052360 0.000000
vt -0.476000 0.052360 0.000000
vt -0.476000 0.026180 0.000000
vt 0.082000 0.026180 0.000000
vt 0.082000 0.000000 0.000000
vt 0.640000 0.000000 0.000000
vt 0.640000 -0.026180 0.000000
vt 0.082000 -0.026180 0.000000
vt 0.640000 0.026180 0.000000
vt 0.082000 0.052360 0.000000
vt 0.640000 0.078540 0.000000
vt 0.640000 0.052360 0.000000
vt -2.150000 -0.026180 0.000000
vt -1.592000 -0.052360 0.000000
vt -2.150000 -0.078540 0.000000
vt -2.150000 -0.052360 0.000000
vt -0.476000 -0.026180 0.000000
vt -0.476000 0.000000 0.000000
vt -1.034000 0.000000 0.000000
vt -1.034000 0.026180 0.000000
vt 0.640000 -0.052360 0.000000
vt 0.289685 -0.052360 0.000000
vt 0.640000 -0.078540 0.000000
vt -0.058026 -0.070274 0.000000
vt -0.058868 -0.074522 0.000000
vt 0.289685 -0.026180 0.000000
vt 0.640000 -0.026180 0.000000
vt 0.289685 -0.000000 0.000000
vt 0.640000 -0.000000 0.000000
vt 0.289685 0.026180 0.000000
vt 0.640000 0.026180 0.000000
vt 0.289685 0.052360 0.000000
vt 0.640000 0.052360 0.000000
vt 0.640000 0.078540 0.000000
vt -0.050000 0.078540 0.000000
vt -0.050268 0.053738 0.000000
vt -0.051054 0.028935 0.000000
vt -0.052312 0.004133 0.000000
vt -0.053964 -0.020669 0.000000
vt -0.055908 -0.045471 0.000000
vt -0.060630 -0.078540 0.000000
vt 1.675832 -1.661475 0.000000
vt 1.909335 -1.257036 0.000000
vt 1.205624 -1.390000 0.000000
vt 1.240691 -0.870994 0.000000
vt 0.930962 -0.878948 0.000000
vt 0.955080 -0.868958 0.000000
vt 1.236577 -0.867850 0.000000
vt 0.975791 -0.853066 0.000000
vt 1.233433 -0.863779 0.000000
vt 1.231466 -0.859048 0.000000
vt 0.991682 -0.832356 0.000000
vt 1.230804 -0.853967 0.000000
vt 1.231491 -0.848869 0.000000
vt 1.233482 -0.844089 0.000000
vt 1.001672 -0.808238 0.000000
vt 1.005080 -0.782356 0.000000
vt 1.001672 -0.756474 0.000000
vt 0.991682 -0.732356 0.000000
vt 0.975791 -0.711645 0.000000
vt 0.955080 -0.695753 0.000000
vt 2.147743 0.739458 0.000000
vt 0.930962 -0.685763 0.000000
vt 0.100000 -0.400000 0.000000
vt 0.905080 -0.682356 0.000000
vt 0.879198 -0.685763 0.000000
vt 0.855080 -0.695753 0.000000
vt 0.834369 -0.711645 0.000000
vt 0.818477 -0.732356 0.000000
vt 0.808487 -0.756474 0.000000
vt 0.805080 -0.782356 0.000000
vt 0.808487 -0.808238 0.000000
vt 0.818477 -0.832356 0.000000
vt -1.500000 -0.400000 0.000000
vt 0.834369 -0.853066 0.000000
vt -2.430882 -0.697421 0.000000
vt -2.863397 -1.075000 0.000000
vt -2.853407 -1.050882 0.000000
vt -2.435938 -0.699344 0.000000
vt -2.850000 -1.025000 0.000000
vt -2.853407 -0.999118 0.000000
vt -2.441397 -0.700000 0.000000
vt -2.863397 -0.975000 0.000000
vt -2.879289 -0.954289 0.000000
vt -2.900000 -0.938397 0.000000
vt -2.924118 -0.928407 0.000000
vt -2.950000 -0.925000 0.000000
vt -3.400000 -0.700000 0.000000
vt -2.975882 -0.928407 0.000000
vt -3.000000 -0.938397 0.000000
vt -3.020711 -0.954289 0.000000
vt -3.036603 -0.975000 0.000000
vt -3.046593 -0.999118 0.000000
vt -3.050000 -1.025000 0.000000
vt -3.400000 -1.390000 0.000000
vt -3.046593 -1.050882 0.000000
vt -3.036603 -1.075000 0.000000
vt -3.020711 -1.095711 0.000000
vt -3.000000 -1.111603 0.000000
vt -2.975882 -1.121593 0.000000
vt -2.950000 -1.125000 0.000000
vt -2.924118 -1.121593 0.000000
vt -2.900000 -1.111603 0.000000
vt -2.879289 -1.095711 0.000000
vt 0.855080 -0.868958 0.000000
vt 2.150888 0.743573 0.000000
vt 1.930080 0.892996 0.000000
vt 1.904198 0.896404 0.000000
vt 1.880080 0.906394 0.000000
vt 2.154959 0.746717 0.000000
vt 1.955962 0.896404 0.000000
vt 2.159690 0.748684 0.000000
vt 1.980080 0.906394 0.000000
vt 2.164771 0.749346 0.000000
vt 2.000791 0.922286 0.000000
vt 2.169869 0.748659 0.000000
vt 2.016682 0.942996 0.000000
vt 2.026672 0.967114 0.000000
vt 2.174649 0.746668 0.000000
vt 3.075833 0.763397 0.000000
vt 2.843293 0.360626 0.000000
vt 1.973205 1.400000 0.000000
vt 2.000791 1.063707 0.000000
vt 2.016682 1.042996 0.000000
vt 2.026672 1.018878 0.000000
vt -3.400000 1.400000 0.000000
vt -2.900000 1.111603 0.000000
vt -2.879289 1.095711 0.000000
vt 0.100000 0.400000 0.000000
vt -2.863397 1.075000 0.000000
vt -2.430882 0.697421 0.000000
vt -2.853407 1.050882 0.000000
vt -2.435938 0.699344 0.000000
vt -2.850000 1.025000 0.000000
vt -2.853407 0.999118 0.000000
vt -3.400000 0.700000 0.000000
vt -3.050000 1.025000 0.000000
vt -3.046593 1.050882 0.000000
vt -3.036603 1.075000 0.000000
vt -2.441397 0.700000 0.000000
vt -2.950000 0.925000 0.000000
vt -2.975882 0.928407 0.000000
vt -3.000000 0.938397 0.000000
vt -2.863397 0.975000 0.000000
vt -2.879289 0.954289 0.000000
vt -1.500000 0.400000 0.000000
vt -2.426560 0.694354 0.000000
vt -2.423254 0.690346 0.000000
vt -2.421179 0.685657 0.000000
vt -2.420473 0.680593 0.000000
vt -2.420473 -0.680593 0.000000
vt -2.421179 -0.685657 0.000000
vt -2.423254 -0.690346 0.000000
vt -2.426560 -0.694354 0.000000
vt 1.859369 0.922286 0.000000
vt -3.020711 1.095711 0.000000
vt -3.000000 1.111603 0.000000
vt -2.975882 1.121593 0.000000
vt -2.950000 1.125000 0.000000
vt -2.924118 1.121593 0.000000
vt -2.900000 0.938397 0.000000
vt -2.924118 0.928407 0.000000
vt -3.020711 0.954289 0.000000
vt -3.036603 0.975000 0.000000
vt -3.046593 0.999118 0.000000
vt 1.833487 0.967114 0.000000
vt 1.830080 0.992996 0.000000
vt 1.833487 1.018878 0.000000
vt 1.843477 1.042996 0.000000
vt 1.859369 1.063707 0.000000
vt 1.880080 1.079599 0.000000
vt 1.904198 1.089589 0.000000
vt 1.930080 1.092996 0.000000
vt 1.955962 1.089589 0.000000
vt 1.980080 1.079599 0.000000
vt 2.030080 0.992996 0.000000
vt 1.843477 0.942996 0.000000
vt 0.905080 -0.882356 0.000000
vt 0.879198 -0.878948 0.000000
vt 3.400000 -1.390000 0.000000
vt 2.900000 -1.111603 0.000000
vt -1.205624 -1.390000 0.000000
vt 2.879289 -1.095711 0.000000
vt 2.863397 -1.075000 0.000000
vt 3.400000 1.400000 0.000000
vt 3.036603 0.975000 0.000000
vt 3.036603 -0.975000 0.000000
vt 3.046593 -0.999118 0.000000
vt -1.973205 1.400000 0.000000
vt 2.900000 1.111603 0.000000
vt 2.924118 1.121593 0.000000
vt 2.950000 1.125000 0.000000
vt -3.075833 0.763397 0.000000
vt -2.000791 1.063707 0.000000
vt -1.980080 1.079599 0.000000
vt -1.955962 1.089589 0.000000
vt -1.675832 -1.661475 0.000000
vt -1.005080 -0.782356 0.000000
vt -1.001672 -0.756474 0.000000
vt -0.991682 -0.732356 0.000000
vt -1.001672 -0.808238 0.000000
vt -0.991682 -0.832356 0.000000
vt -0.975791 -0.853066 0.000000
vt -0.955080 -0.868958 0.000000
vt -0.930962 -0.878948 0.000000
vt -0.905080 -0.882356 0.000000
vt -0.879198 -0.878948 0.000000
vt -0.855080 -0.868958 0.000000
vt -0.834369 -0.853066 0.000000
vt 1.500000 -0.400000 0.000000
vt -0.818477 -0.832356 0.000000
vt -0.100000 -0.400000 0.000000
vt -0.808487 -0.808238 0.000000
vt -0.805080 -0.782356 0.000000
vt -0.808487 -0.756474 0.000000
vt -0.818477 -0.732356 0.000000
vt -0.834369 -0.711645 0.000000
vt -0.855080 -0.695753 0.000000
vt -0.879198 -0.685763 0.000000
vt -0.905080 -0.682356 0.000000
vt -0.930962 -0.685763 0.000000
vt -0.100000 0.400000 0.000000
vt -1.930080 0.892996 0.000000
vt -1.904198 0.896404 0.000000
vt -1.880080 0.906394 0.000000
vt -1.859369 0.922286 0.000000
vt -1.843477 0.942996 0.000000
vt -1.833487 0.967114 0.000000
vt -1.830080 0.992996 0.000000
vt -1.833487 1.018878 0.000000
vt -1.843477 1.042996 0.000000
vt -1.859369 1.063707 0.000000
vt -1.880080 1.079599 0.000000
vt -1.904198 1.089589 0.000000
vt -1.930080 1.092996 0.000000
vt 1.500000 0.400000 0.000000
vt 2.863397 1.075000 0.000000
vt 2.879289 1.095711 0.000000
vt 2.950000 -0.925000 0.000000
vt 2.950000 0.925000 0.000000
vt 2.924118 0.928407 0.000000
vt -0.975791 -0.711645 0.000000
vt -0.955080 -0.695753 0.000000
vt -1.955962 0.896404 0.000000
vt -1.980080 0.906394 0.000000
vt -2.000791 0.922286 0.000000
vt -2.016682 0.942996 0.000000
vt -2.026672 0.967114 0.000000
vt -2.030080 0.992996 0.000000
vt -2.026672 1.018878 0.000000
vt -2.016682 1.042996 0.000000
vt 3.050000 -1.025000 0.000000
vt 3.046593 -1.050882 0.000000
vt 3.036603 -1.075000 0.000000
vt 3.020711 -1.095711 0.000000
vt 3.000000 -1.111603 0.000000
vt 2.975882 -1.121593 0.000000
vt 2.950000 -1.125000 0.000000
vt 2.924118 -1.121593 0.000000
vt 2.853407 -1.050882 0.000000
vt 2.850000 -1.025000 0.000000
vt 2.853407 -0.999118 0.000000
vt 2.863397 -0.975000 0.000000
vt 2.879289 -0.954289 0.000000
vt 2.900000 -0.938397 0.000000
vt 2.924118 -0.928407 0.000000
vt 2.975882 -0.928407 0.000000
vt 2.975882 0.928407 0.000000
vt 3.000000 -0.938397 0.000000
vt 3.000000 0.938397 0.000000
vt 3.020711 -0.954289 0.000000
vt 3.020711 0.954289 0.000000
vt 3.046593 1.050882 0.000000
vt 3.050000 1.025000 0.000000
vt 3.046593 0.999118 0.000000
vt 2.900000 0.938397 0.000000
vt 2.879289 0.954289 0.000000
vt 2.863397 0.975000 0.000000
vt 2.853407 0.999118 0.000000
vt 2.850000 1.025000 0.000000
vt 2.853407 1.050882 0.000000
vt 2.975882 1.121593 0.000000
vt 3.000000 1.111603 0.000000
vt 3.020711 1.095711 0.000000
vt 3.036603 1.075000 0.000000
vt -0.978892 0.009308 0.000000
vt -0.885785 0.009308 0.000000
vt -0.978892 0.013963 0.000000
vt -0.792677 0.009308 0.000000
vt -0.699569 0.009308 0.000000
vt -0.699569 0.004654 0.000000
vt -0.606462 0.004654 0.000000
vt -0.606462 0.000000 0.000000
vt -0.513354 0.000000 0.000000
vt -0.513354 -0.004654 0.000000
vt -0.420246 -0.004654 0.000000
vt -0.420246 -0.009308 0.000000
vt -0.327139 -0.009308 0.000000
vt -0.140923 -0.013963 0.000000
vt -0.234031 -0.009308 0.000000
vt -0.140923 -0.009308 0.000000
vt -0.234031 -0.004654 0.000000
vt -0.140923 -0.004654 0.000000
vt -0.234031 0.000000 0.000000
vt -0.140923 0.000000 0.000000
vt -0.234031 0.004654 0.000000
vt -0.140923 0.004654 0.000000
vt -0.234031 0.009308 0.000000
vt -0.140923 0.009308 0.000000
vt -0.140923 0.013963 0.000000
vt -0.885785 0.004654 0.000000
vt -0.978892 0.004654 0.000000
vt -0.885785 0.000000 0.000000
vt -0.978892 0.000000 0.000000
vt -0.885785 -0.004654 0.000000
vt -0.978892 -0.004654 0.000000
vt -0.885785 -0.009308 0.000000
vt -0.978892 -0.009308 0.000000
vt -0.978892 -0.013963 0.000000
vt -0.606462 -0.009308 0.000000
vt -0.699569 -0.009308 0.000000
vt -0.792677 -0.009308 0.000000
vt -0.792677 -0.004654 0.000000
vt -0.513354 0.009308 0.000000
vt -0.420246 0.009308 0.000000
vt -0.327139 0.009308 0.000000
vt -0.327139 0.004654 0.000000
vt -0.792677 0.004654 0.000000
vt -0.792677 0.000000 0.000000
vt -0.606462 0.009308 0.000000
vt -0.513354 0.004654 0.000000
vt -0.420246 0.004654 0.000000
vt -0.420246 0.000000 0.000000
vt -0.699569 0.000000 0.000000
vt -0.606462 -0.004654 0.000000
vt -0.513354 -0.009308 0.000000
vt -0.327139 0.000000 0.000000
vt -0.699569 -0.004654 0.000000
vt -0.327139 -0.004654 0.000000
vt 0.056936 0.015406 0.000000
vt -0.142462 0.015406 0.000000
vt -0.042059 0.010271 0.000000
vt -0.142462 0.010271 0.000000
vt -0.042059 0.005135 0.000000
vt -0.142462 0.005135 0.000000
vt -0.042059 0.000000 0.000000
vt -0.142462 0.000000 0.000000
vt -0.042059 -0.005135 0.000000
vt -0.142462 -0.005135 0.000000
vt -0.042059 -0.010271 0.000000
vt -0.142462 -0.010271 0.000000
vt -0.142462 -0.015406 0.000000
vt 0.056936 -0.015406 0.000000
vt 0.057701 -0.010271 0.000000
vt 0.058180 -0.005135 0.000000
vt 0.058344 0.000000 0.000000
vt 0.058180 0.005135 0.000000
vt 0.057701 0.010271 0.000000
vt -0.012516 0.013928 0.000000
vt -0.012464 0.007599 0.000000
vt -0.007993 0.012666 0.000000
vt -0.007980 0.008619 0.000000
vt -0.003446 0.011628 0.000000
vt -0.003443 0.008619 0.000000
vt 0.001109 0.010670 0.000000
vt 0.001093 0.008619 0.000000
vt 0.005662 0.009688 0.000000
vt 0.005629 0.008619 0.000000
vt 0.010199 0.008563 0.000000
vt 0.005629 0.003310 0.000000
vt 0.010166 0.003310 0.000000
vt 0.010166 -0.001999 0.000000
vt 0.013006 0.001471 0.000000
vt 0.010647 -0.003365 0.000000
vt 0.005629 -0.001999 0.000000
vt 0.007846 -0.007519 0.000000
vt 0.005629 -0.007307 0.000000
vt 0.004775 -0.011198 0.000000
vt 0.001093 -0.007307 0.000000
vt 0.001093 -0.012616 0.000000
vt -0.003443 -0.007307 0.000000
vt -0.003443 -0.012616 0.000000
vt -0.007378 -0.009116 0.000000
vt -0.004648 -0.013668 0.000000
vt -0.007980 0.003310 0.000000
vt -0.011486 0.001495 0.000000
vt -0.007980 -0.001999 0.000000
vt -0.009723 -0.004096 0.000000
vt -0.007980 -0.007307 0.000000
vt -0.001700 -0.017925 0.000000
vt 0.001559 -0.014604 0.000000
vt 0.014702 0.007107 0.000000
vt -0.003443 0.003310 0.000000
vt -0.003443 -0.001999 0.000000
vt 0.001093 0.003310 0.000000
vt 0.001093 -0.001999 0.000000
vt 0.763898 0.262673 0.000000
vt 0.763898 0.167758 0.000000
vt 1.601867 0.262673 0.000000
vt 1.635981 0.066215 0.000000
vt 0.767305 0.141477 0.000000
vt 0.777295 0.116987 0.000000
vt 0.793187 0.095957 0.000000
vt 0.863898 0.066215 0.000000
vt 0.813898 0.079820 0.000000
vt 0.838016 0.069675 0.000000
vt -0.800000 -0.078540 0.000000
vt 0.800000 -0.078540 0.000000
vt -0.780491 -0.058905 0.000000
vt -0.266667 -0.052360 0.000000
vt -0.761732 -0.039270 0.000000
vt -0.266667 -0.026180 0.000000
vt -0.744443 -0.019635 0.000000
vt -0.266667 -0.000000 0.000000
vt -0.729289 0.000000 0.000000
vt -0.716853 0.019635 0.000000
vt -0.266667 0.026180 0.000000
vt -0.707612 0.039270 0.000000
vt -0.266667 0.052360 0.000000
vt -0.701921 0.058905 0.000000
vt -0.700482 0.068722 0.000000
vt -0.700000 0.078540 0.000000
vt 0.266667 0.052360 0.000000
vt 0.700482 0.068722 0.000000
vt 0.701921 0.058905 0.000000
vt 0.707612 0.039270 0.000000
vt 0.266667 0.026180 0.000000
vt 0.716853 0.019635 0.000000
vt 0.266667 -0.000000 0.000000
vt 0.729289 -0.000000 0.000000
vt 0.744443 -0.019635 0.000000
vt 0.266667 -0.026180 0.000000
vt 0.761732 -0.039270 0.000000
vt 0.266667 -0.052360 0.000000
vt 0.780491 -0.058905 0.000000
vt 0.700000 0.078540 0.000000
vt 0.450000 0.078540 0.000000
vt -0.150000 0.078540 0.000000
vt 0.450482 0.068722 0.000000
vt -0.150482 0.068722 0.000000
vt 0.150000 0.052360 0.000000
vt -0.151921 0.058905 0.000000
vt -0.157612 0.039270 0.000000
vt 0.150000 0.026180 0.000000
vt -0.166853 0.019635 0.000000
vt 0.150000 -0.000000 0.000000
vt -0.179289 -0.000000 0.000000
vt -0.194443 -0.019635 0.000000
vt 0.150000 -0.026180 0.000000
vt -0.211732 -0.039270 0.000000
vt 0.150000 -0.052360 0.000000
vt -0.230491 -0.058905 0.000000
vt 0.550000 -0.078540 0.000000
vt -0.250000 -0.078540 0.000000
vt 0.530491 -0.058905 0.000000
vt 0.511732 -0.039270 0.000000
vt 0.494443 -0.019635 0.000000
vt 0.479289 -0.000000 0.000000
vt 0.466853 0.019635 0.000000
vt 0.457612 0.039270 0.000000
vt 0.451921 0.058905 0.000000
vt -0.250000 -0.078540 0.000000
vt 0.550000 -0.078540 0.000000
vt -0.230491 -0.058905 0.000000
vt 0.150000 -0.052360 0.000000
vt -0.211732 -0.039270 0.000000
vt 0.150000 -0.026180 0.000000
vt -0.194443 -0.019635 0.000000
vt 0.150000 -0.000000 0.000000
vt -0.179289 -0.000000 0.000000
vt -0.166853 0.019635 0.000000
vt 0.150000 0.026180 0.000000
vt -0.157612 0.039270 0.000000
vt 0.150000 0.052360 0.000000
vt -0.151921 0.058905 0.000000
vt -0.150482 0.068722 0.000000
vt 0.450482 0.068722 0.000000
vt -0.150000 0.078540 0.000000
vt 0.450000 0.078540 0.000000
vt 0.530491 -0.058905 0.000000
vt 0.511732 -0.039270 0.000000
vt 0.494443 -0.019635 0.000000
vt 0.479289 -0.000000 0.000000
vt 0.466853 0.019635 0.000000
vt 0.457612 0.039270 0.000000
vt 0.451921 0.058905 0.000000
vt -0.100000 -0.078540 0.000000
vt 1.500000 -0.078540 0.000000
vt -0.080491 -0.058905 0.000000
vt 0.433333 -0.052360 0.000000
vt -0.061732 -0.039270 0.000000
vt 0.433333 -0.026180 0.000000
vt -0.044443 -0.019635 0.000000
vt 0.433333 -0.000000 0.000000
vt -0.029289 -0.000000 0.000000
vt -0.016853 0.019635 0.000000
vt 0.433333 0.026180 0.000000
vt -0.007612 0.039270 0.000000
vt 0.433333 0.052360 0.000000
vt -0.001921 0.058905 0.000000
vt -0.000482 0.068722 0.000000
vt -0.000000 0.078540 0.000000
vt 0.966667 0.052360 0.000000
vt 1.400482 0.068722 0.000000
vt 1.401921 0.058905 0.000000
vt 1.407612 0.039270 0.000000
vt 0.966667 0.026180 0.000000
vt 1.416853 0.019635 0.000000
vt 0.966667 -0.000000 0.000000
vt 1.429289 -0.000000 0.000000
vt 1.444443 -0.019635 0.000000
vt 0.966667 -0.026180 0.000000
vt 1.461732 -0.039270 0.000000
vt 0.966667 -0.052360 0.000000
vt 1.480491 -0.058905 0.000000
vt 1.400000 0.078540 0.000000
vt -0.000000 0.250000 0.000000
vt -0.600000 0.250000 0.000000
vt -0.000000 0.100000 0.000000
vt -0.600000 0.100000 0.000000
vt -0.000000 0.250000 0.000000
vt -1.400000 0.250000 0.000000
vt -0.000000 0.100000 0.000000
vt -1.400000 0.100000 0.000000
vt -0.800000 -0.078540 0.000000
vt 0.800000 -0.078540 0.000000
vt -0.780491 -0.058905 0.000000
vt -0.266667 -0.052360 0.000000
vt -0.761732 -0.039270 0.000000
vt -0.266667 -0.026180 0.000000
vt -0.744443 -0.019635 0.000000
vt -0.266667 -0.000000 0.000000
vt -0.729289 -0.000000 0.000000
vt -0.716853 0.019635 0.000000
vt -0.266667 0.026180 0.000000
vt -0.707612 0.039270 0.000000
vt -0.266667 0.052360 0.000000
vt -0.701921 0.058905 0.000000
vt -0.700482 0.068722 0.000000
vt -0.700000 0.078540 0.000000
vt 0.266667 0.052360 0.000000
vt 0.700482 0.068722 0.000000
vt 0.701921 0.058905 0.000000
vt 0.707612 0.039270 0.000000
vt 0.266667 0.026180 0.000000
vt 0.716853 0.019635 0.000000
vt 0.266667 -0.000000 0.000000
vt 0.729289 -0.000000 0.000000
vt 0.744443 -0.019635 0.000000
vt 0.266667 -0.026180 0.000000
vt 0.761732 -0.039270 0.000000
vt 0.266667 -0.052360 0.000000
vt 0.780491 -0.058905 0.000000
vt 0.700000 0.078540 0.000000
vt -0.550000 -0.078540 0.000000
vt 0.250000 -0.078540 0.000000
vt -0.530491 -0.058905 0.000000
vt -0.150000 -0.052360 0.000000
vt -0.511732 -0.039270 0.000000
vt -0.150000 -0.026180 0.000000
vt -0.494443 -0.019635 0.000000
vt -0.150000 -0.000000 0.000000
vt -0.479289 -0.000000 0.000000
vt -0.466853 0.019635 0.000000
vt -0.150000 0.026180 0.000000
vt -0.457612 0.039270 0.000000
vt -0.150000 0.052360 0.000000
vt -0.451921 0.058905 0.000000
vt -0.450482 0.068722 0.000000
vt 0.150482 0.068722 0.000000
vt -0.450000 0.078540 0.000000
vt 0.150000 0.078540 0.000000
vt 0.230491 -0.058905 0.000000
vt 0.211732 -0.039270 0.000000
vt 0.194443 -0.019635 0.000000
vt 0.179289 -0.000000 0.000000
vt 0.166853 0.019635 0.000000
vt 0.157612 0.039270 0.000000
vt 0.151921 0.058905 0.000000
vt -1.500000 -0.078540 0.000000
vt 0.100000 -0.078540 0.000000
vt -1.480491 -0.058905 0.000000
vt -0.966667 -0.052360 0.000000
vt -1.461732 -0.039270 0.000000
vt -0.966667 -0.026180 0.000000
vt -1.444443 -0.019635 0.000000
vt -0.966667 -0.000000 0.000000
vt -1.429289 -0.000000 0.000000
vt -1.416853 0.019635 0.000000
vt -0.966667 0.026180 0.000000
vt -1.407612 0.039270 0.000000
vt -0.966667 0.052360 0.000000
vt -1.401921 0.058905 0.000000
vt -1.400482 0.068722 0.000000
vt -1.400000 0.078540 0.000000
vt -0.433333 0.052360 0.000000
vt 0.000482 0.068722 0.000000
vt 0.001921 0.058905 0.000000
vt 0.007612 0.039270 0.000000
vt -0.433333 0.026180 0.000000
vt 0.016853 0.019635 0.000000
vt -0.433333 -0.000000 0.000000
vt 0.029289 -0.000000 0.000000
vt 0.044443 -0.019635 0.000000
vt -0.433333 -0.026180 0.000000
vt 0.061732 -0.039270 0.000000
vt -0.433333 -0.052360 0.000000
vt 0.080491 -0.058905 0.000000
vt -0.000000 0.078540 0.000000
vt 0.150000 0.078540 0.000000
vt -0.450000 0.078540 0.000000
vt 0.150482 0.068722 0.000000
vt -0.450482 0.068722 0.000000
vt -0.150000 0.052360 0.000000
vt -0.451921 0.058905 0.000000
vt -0.457612 0.039270 0.000000
vt -0.150000 0.026180 0.000000
vt -0.466853 0.019635 0.000000
vt -0.150000 -0.000000 0.000000
vt -0.479289 -0.000000 0.000000
vt -0.494443 -0.019635 0.000000
vt -0.150000 -0.026180 0.000000
vt -0.511732 -0.039270 0.000000
vt -0.150000 -0.052360 0.000000
vt -0.530491 -0.058905 0.000000
vt 0.250000 -0.078540 0.000000
vt -0.550000 -0.078540 0.000000
vt 0.230491 -0.058905 0.000000
vt 0.211732 -0.039270 0.000000
vt 0.194443 -0.019635 0.000000
vt 0.179289 -0.000000 0.000000
vt 0.166853 0.019635 0.000000
vt 0.157612 0.039270 0.000000
vt 0.151921 0.058905 0.000000
vt -0.000000 0.250000 0.000000
vt -0.600000 0.250000 0.000000
vt -0.000000 0.100000 0.000000
vt -0.600000 0.100000 0.000000
vt -0.000000 0.250000 0.000000
vt -1.400000 0.250000 0.000000
vt -0.000000 0.100000 0.000000
vt -1.400000 0.100000 0.000000
vt -0.175000 -0.026180 0.000000
vt 0.175000 -0.026180 0.000000
vt -0.175000 0.000000 0.000000
vt 0.175000 0.000000 0.000000
vt -0.175000 0.026180 0.000000
vt 0.175000 0.026180 0.000000
vt -0.175000 0.052360 0.000000
vt 0.175000 0.052360 0.000000
vt -0.175000 0.078540 0.000000
vt 0.175000 0.078540 0.000000
vt -0.175000 0.104720 0.000000
vt 0.175000 0.104720 0.000000
vt -0.175000 0.130900 0.000000
vt 0.175000 0.130900 0.000000
vt -0.175000 0.157080 0.000000
vt 0.175000 0.157080 0.000000
vt -0.175000 0.183260 0.000000
vt 0.175000 0.183260 0.000000
vt -0.175000 0.209440 0.000000
vt 0.175000 0.209440 0.000000
vt -0.175000 0.235619 0.000000
vt 0.175000 0.235619 0.000000
vt -0.175000 0.261799 0.000000
vt 0.175000 0.261799 0.000000
vt -0.175000 0.287979 0.000000
vt 0.175000 0.287979 0.000000
vt -0.175000 0.314159 0.000000
vt 0.175000 0.314159 0.000000
vt -0.175000 -0.314159 0.000000
vt 0.175000 -0.314159 0.000000
vt -0.175000 -0.287979 0.000000
vt 0.175000 -0.287979 0.000000
vt -0.175000 -0.261799 0.000000
vt 0.175000 -0.261799 0.000000
vt -0.175000 -0.235619 0.000000
vt 0.175000 -0.235619 0.000000
vt -0.175000 -0.209440 0.000000
vt 0.175000 -0.209440 0.000000
vt -0.175000 -0.183260 0.000000
vt 0.175000 -0.183260 0.000000
vt -0.175000 -0.157080 0.000000
vt 0.175000 -0.157080 0.000000
vt -0.175000 -0.130900 0.000000
vt 0.175000 -0.130900 0.000000
vt -0.175000 -0.104720 0.000000
vt 0.175000 -0.104720 0.000000
vt -0.175000 -0.078540 0.000000
vt 0.175000 -0.078540 0.000000
vt -0.175000 -0.052360 0.000000
vt 0.175000 -0.052360 0.000000
vt -0.175000 -0.026180 0.000000
vt 0.175000 -0.026180 0.000000
vt -0.175000 0.000000 0.000000
vt 0.175000 0.000000 0.000000
vt -0.175000 0.026180 0.000000
vt 0.175000 0.026180 0.000000
vt -0.175000 0.052360 0.000000
vt 0.175000 0.052360 0.000000
vt -0.175000 0.078540 0.000000
vt 0.175000 0.078540 0.000000
vt -0.175000 0.104720 0.000000
vt 0.175000 0.104720 0.000000
vt -0.175000 0.130900 0.000000
vt 0.175000 0.130900 0.000000
vt -0.175000 0.157080 0.000000
vt 0.175000 0.157080 0.000000
vt -0.175000 0.183260 0.000000
vt 0.175000 0.183260 0.000000
vt -0.175000 0.209440 0.000000
vt 0.175000 0.209440 0.000000
vt -0.175000 0.235619 0.000000
vt 0.175000 0.235619 0.000000
vt -0.175000 0.261799 0.000000
vt 0.175000 0.261799 0.000000
vt -0.175000 0.287979 0.000000
vt 0.175000 0.287979 0.000000
vt -0.175000 0.314159 0.000000
vt 0.175000 0.314159 0.000000
vt -0.175000 -0.314159 0.000000
vt 0.175000 -0.314159 0.000000
vt -0.175000 -0.287979 0.000000
vt 0.175000 -0.287979 0.000000
vt -0.175000 -0.261799 0.000000
vt 0.175000 -0.261799 0.000000
vt -0.175000 -0.235619 0.000000
vt 0.175000 -0.235619 0.000000
vt -0.175000 -0.209440 0.000000
vt 0.175000 -0.209440 0.000000
vt -0.175000 -0.183260 0.000000
vt 0.175000 -0.183260 0.000000
vt -0.175000 -0.157080 0.000000
vt 0.175000 -0.157080 0.000000
vt -0.175000 -0.130900 0.000000
vt 0.175000 -0.130900 0.000000
vt -0.175000 -0.104720 0.000000
vt 0.175000 -0.104720 0.000000
vt -0.175000 -0.078540 0.000000
vt 0.175000 -0.078540 0.000000
vt -0.175000 -0.052360 0.000000
vt 0.175000 -0.052360 0.000000
vt 0.018405 -0.075701 0.000000
vt 0.042053 -0.087332 0.000000
vt 0.035368 -0.062380 0.000000
vt 0.052360 -0.060662 0.000000
vt 0.035368 -0.037428 0.000000
vt 0.059159 -0.031253 0.000000
vt 0.035368 -0.012476 0.000000
vt 0.061548 -0.000000 0.000000
vt 0.035368 0.012476 0.000000
vt 0.059159 0.031253 0.000000
vt 0.035368 0.037428 0.000000
vt 0.052360 0.060662 0.000000
vt 0.035368 0.062380 0.000000
vt 0.042053 0.087332 0.000000
vt 0.018405 0.075701 0.000000
vt 0.009188 0.062380 0.000000
vt -0.005472 0.065071 0.000000
vt 0.009188 0.037428 0.000000
vt -0.016992 0.037428 0.000000
vt 0.009188 0.012476 0.000000
vt -0.016992 0.012476 0.000000
vt 0.009188 -0.012476 0.000000
vt -0.016992 -0.012476 0.000000
vt 0.009188 -0.037428 0.000000
vt -0.016992 -0.037428 0.000000
vt -0.005472 -0.065071 0.000000
vt -0.029284 -0.054155 0.000000
vt -0.043172 -0.037428 0.000000
vt -0.052705 -0.041536 0.000000
vt -0.043172 -0.012476 0.000000
vt -0.069352 -0.012476 0.000000
vt -0.069352 0.012476 0.000000
vt -0.095532 0.000000 0.000000
vt -0.075188 0.024961 0.000000
vt -0.052705 0.041536 0.000000
vt -0.043172 0.012476 0.000000
vt -0.043172 0.037428 0.000000
vt -0.029284 0.054155 0.000000
vt -0.075188 -0.024961 0.000000
vt 0.009188 -0.062380 0.000000
vt -0.075000 -0.078540 0.000000
vt 0.075000 -0.078540 0.000000
vt -0.075000 -0.052360 0.000000
vt 0.075000 -0.052360 0.000000
vt -0.075000 -0.026180 0.000000
vt 0.075000 -0.026180 0.000000
vt -0.075000 0.000000 0.000000
vt 0.075000 -0.000000 0.000000
vt -0.075000 0.026180 0.000000
vt 0.075000 0.026180 0.000000
vt -0.075000 0.052360 0.000000
vt 0.075000 0.052360 0.000000
vt -0.075000 0.078540 0.000000
vt 0.075000 0.078540 0.000000
vt -0.018405 0.075701 0.000000
vt -0.042053 0.087332 0.000000
vt -0.035368 0.062380 0.000000
vt -0.052360 0.060662 0.000000
vt -0.035368 0.037428 0.000000
vt -0.059159 0.031253 0.000000
vt -0.035368 0.012476 0.000000
vt -0.061548 0.000000 0.000000
vt -0.035368 -0.012476 0.000000
vt -0.059159 -0.031253 0.000000
vt -0.035368 -0.037428 0.000000
vt -0.052360 -0.060662 0.000000
vt -0.035368 -0.062380 0.000000
vt -0.042053 -0.087332 0.000000
vt -0.018405 -0.075701 0.000000
vt -0.009188 -0.062380 0.000000
vt 0.005472 -0.065071 0.000000
vt -0.009188 -0.037428 0.000000
vt 0.016992 -0.037428 0.000000
vt -0.009188 -0.012476 0.000000
vt 0.016992 -0.012476 0.000000
vt -0.009188 0.012476 0.000000
vt 0.016992 0.012476 0.000000
vt -0.009188 0.037428 0.000000
vt 0.016992 0.037428 0.000000
vt 0.005472 0.065071 0.000000
vt 0.029284 0.054155 0.000000
vt 0.043172 0.037428 0.000000
vt 0.052705 0.041536 0.000000
vt 0.043172 0.012476 0.000000
vt 0.069352 0.012476 0.000000
vt 0.069352 -0.012476 0.000000
vt 0.095532 -0.000000 0.000000
vt 0.075188 -0.024961 0.000000
vt 0.052705 -0.041536 0.000000
vt 0.043172 -0.012476 0.000000
vt 0.043172 -0.037428 0.000000
vt 0.029284 -0.054155 0.000000
vt 0.075188 0.024961 0.000000
vt -0.009188 0.062380 0.000000
vt 1.432831 -0.078540 0.000000
vt 1.915544 -0.078540 0.000000
vt 1.437395 -0.052360 0.000000
vt 1.915544 -0.052360 0.000000
vt 1.441648 -0.026180 0.000000
vt 1.915544 -0.026180 0.000000
vt 1.445299 0.000000 0.000000
vt 1.915544 0.000000 0.000000
vt 1.448102 0.026180 0.000000
vt 1.915544 0.026180 0.000000
vt 1.449863 0.052360 0.000000
vt 1.915544 0.052360 0.000000
vt 1.450464 0.078540 0.000000
vt 1.915544 0.078540 0.000000
vt -0.517820 0.078540 0.000000
vt -1.791025 0.078540 0.000000
vt -1.357692 0.052360 0.000000
vt -1.791025 0.052360 0.000000
vt -1.357692 0.026180 0.000000
vt -1.791025 0.026180 0.000000
vt -1.357692 0.000000 0.000000
vt -1.791025 -0.000000 0.000000
vt -1.357692 -0.026180 0.000000
vt -1.791025 -0.026180 0.000000
vt -1.357692 -0.052360 0.000000
vt -1.791025 -0.052360 0.000000
vt -1.791025 -0.078540 0.000000
vt -0.491025 -0.078540 0.000000
vt -0.924359 -0.052360 0.000000
vt -0.924359 -0.026180 0.000000
vt -0.924359 0.000000 0.000000
vt -0.924359 0.026180 0.000000
vt -0.924359 0.052360 0.000000
vt -0.510885 0.052360 0.000000
vt -0.504423 0.026180 0.000000
vt -0.498873 0.000000 0.000000
vt -0.494615 -0.026180 0.000000
vt -0.491938 -0.052360 0.000000
vt -0.250000 -0.078540 0.000000
vt -0.100000 -0.078540 0.000000
vt -0.250000 -0.052360 0.000000
vt -0.100000 -0.052360 0.000000
vt -0.250000 -0.026180 0.000000
vt -0.100000 -0.026180 0.000000
vt -0.250000 -0.000000 0.000000
vt -0.100000 -0.000000 0.000000
vt -0.250000 0.026180 0.000000
vt -0.100000 0.026180 0.000000
vt -0.250000 0.052360 0.000000
vt -0.100000 0.052360 0.000000
vt -0.250000 0.078540 0.000000
vt -0.100000 0.078540 0.000000
vt -0.018405 0.075701 0.000000
vt -0.042053 0.087332 0.000000
vt -0.035368 0.062380 0.000000
vt -0.052360 0.060662 0.000000
vt -0.035368 0.037428 0.000000
vt -0.059159 0.031253 0.000000
vt -0.035368 0.012476 0.000000
vt -0.061548 -0.000000 0.000000
vt -0.035368 -0.012476 0.000000
vt -0.059159 -0.031253 0.000000
vt -0.035368 -0.037428 0.000000
vt -0.052360 -0.060662 0.000000
vt -0.035368 -0.062380 0.000000
vt -0.042053 -0.087332 0.000000
vt -0.018405 -0.075701 0.000000
vt -0.009188 -0.062380 0.000000
vt 0.005472 -0.065071 0.000000
vt -0.009188 -0.037428 0.000000
vt 0.016992 -0.037428 0.000000
vt -0.009188 -0.012476 0.000000
vt 0.016992 -0.012476 0.000000
vt -0.009188 0.012476 0.000000
vt 0.016992 0.012476 0.000000
vt -0.009188 0.037428 0.000000
vt 0.016992 0.037428 0.000000
vt 0.005472 0.065071 0.000000
vt 0.029284 0.054155 0.000000
vt 0.043172 0.037428 0.000000
vt 0.052705 0.041536 0.000000
vt 0.043172 0.012476 0.000000
vt 0.069352 0.012476 0.000000
vt 0.069352 -0.012476 0.000000
vt 0.095532 0.000000 0.000000
vt 0.075188 -0.024961 0.000000
vt 0.052705 -0.041536 0.000000
vt 0.043172 -0.012476 0.000000
vt 0.043172 -0.037428 0.000000
vt 0.029284 -0.054155 0.000000
vt 0.075188 0.024961 0.000000
vt -0.009188 0.062380 0.000000
vt -1.441132 -0.074522 0.000000
vt -1.441974 -0.070274 0.000000
vt -1.794685 -0.052360 0.000000
vt -1.444092 -0.045471 0.000000
vt -1.794685 -0.026180 0.000000
vt -1.446036 -0.020669 0.000000
vt -1.794685 0.000000 0.000000
vt -1.447688 0.004133 0.000000
vt -1.794685 0.026180 0.000000
vt -1.448946 0.028935 0.000000
vt -1.794685 0.052360 0.000000
vt -1.449732 0.053738 0.000000
vt -2.150000 0.078540 0.000000
vt -1.450000 0.078540 0.000000
vt -2.150000 0.052360 0.000000
vt -2.150000 0.026180 0.000000
vt -2.150000 0.000000 0.000000
vt -2.150000 -0.026180 0.000000
vt -2.150000 -0.052360 0.000000
vt -2.150000 -0.078540 0.000000
vt -1.439370 -0.078540 0.000000
vt -0.018405 0.075701 0.000000
vt -0.042053 0.087332 0.000000
vt -0.035368 0.062380 0.000000
vt -0.052360 0.060662 0.000000
vt -0.035368 0.037428 0.000000
vt -0.059159 0.031253 0.000000
vt -0.035368 0.012476 0.000000
vt -0.061548 0.000000 0.000000
vt -0.035368 -0.012476 0.000000
vt -0.059159 -0.031253 0.000000
vt -0.035368 -0.037428 0.000000
vt -0.052360 -0.060662 0.000000
vt -0.035368 -0.062380 0.000000
vt -0.042053 -0.087332 0.000000
vt -0.018405 -0.075701 0.000000
vt -0.009188 -0.062380 0.000000
vt 0.005472 -0.065071 0.000000
vt -0.009188 -0.037428 0.000000
vt 0.016992 -0.037428 0.000000
vt -0.009188 -0.012476 0.000000
vt 0.016992 -0.012476 0.000000
vt -0.009188 0.012476 0.000000
vt 0.016992 0.012476 0.000000
vt -0.009188 0.037428 0.000000
vt 0.016992 0.037428 0.000000
vt 0.005472 0.065071 0.000000
vt 0.029284 0.054155 0.000000
vt 0.043172 0.037428 0.000000
vt 0.052705 0.041536 0.000000
vt 0.043172 0.012476 0.000000
vt 0.069352 0.012476 0.000000
vt 0.069352 -0.012476 0.000000
vt 0.095532 -0.000000 0.000000
vt 0.075188 -0.024961 0.000000
vt 0.052705 -0.041536 0.000000
vt 0.043172 -0.012476 0.000000
vt 0.043172 -0.037428 0.000000
vt 0.029284 -0.054155 0.000000
vt 0.075188 0.024961 0.000000
vt -0.009188 0.062380 0.000000
vt 2.400000 -0.052360 0.000000
vt 1.860000 -0.052360 0.000000
vt 2.400000 -0.078540 0.000000
vt 1.320000 -0.052360 0.000000
vt 0.780000 -0.052360 0.000000
vt 0.780000 -0.026180 0.000000
vt 0.240000 -0.026180 0.000000
vt 0.240000 -0.000000 0.000000
vt -0.300000 -0.000000 0.000000
vt -0.300000 0.026180 0.000000
vt -0.840000 0.026180 0.000000
vt -0.840000 0.052360 0.000000
vt -1.380000 0.052360 0.000000
vt -3.000000 0.078540 0.000000
vt -1.920000 0.052360 0.000000
vt -2.460000 0.052360 0.000000
vt -1.920000 0.026180 0.000000
vt -2.460000 0.026180 0.000000
vt -1.920000 -0.000000 0.000000
vt -2.460000 -0.000000 0.000000
vt -1.920000 -0.026180 0.000000
vt -2.460000 -0.026180 0.000000
vt -1.920000 -0.052360 0.000000
vt -2.460000 -0.052360 0.000000
vt -2.973205 -0.078540 0.000000
vt -2.980140 -0.052360 0.000000
vt -2.986603 -0.026180 0.000000
vt -2.992152 -0.000000 0.000000
vt -2.996410 0.026180 0.000000
vt -2.999087 0.052360 0.000000
vt 1.860000 -0.026180 0.000000
vt 2.400000 -0.026180 0.000000
vt 1.860000 -0.000000 0.000000
vt 2.400000 -0.000000 0.000000
vt 1.860000 0.026180 0.000000
vt 2.400000 0.026180 0.000000
vt 1.860000 0.052360 0.000000
vt 2.400000 0.052360 0.000000
vt 2.400000 0.078540 0.000000
vt -0.300000 0.052360 0.000000
vt 0.240000 0.052360 0.000000
vt 0.780000 0.052360 0.000000
vt 0.780000 0.026180 0.000000
vt 1.320000 0.026180 0.000000
vt 1.320000 -0.000000 0.000000
vt -0.300000 -0.052360 0.000000
vt -0.840000 -0.052360 0.000000
vt -1.380000 -0.052360 0.000000
vt -1.380000 -0.026180 0.000000
vt 1.320000 -0.026180 0.000000
vt 0.240000 -0.052360 0.000000
vt -0.300000 -0.026180 0.000000
vt -0.840000 -0.026180 0.000000
vt -0.840000 -0.000000 0.000000
vt 0.780000 -0.000000 0.000000
vt 0.240000 0.026180 0.000000
vt -1.380000 -0.000000 0.000000
vt -1.380000 0.026180 0.000000
vt 1.320000 0.052360 0.000000
vt -1.400000 0.100000 0.000000
vt 4.000000 0.100000 0.000000
vt -1.400000 0.250000 0.000000
vt 4.000000 0.250000 0.000000
vt 2.400000 -0.052360 0.000000
vt 1.860000 -0.052360 0.000000
vt 2.400000 -0.078540 0.000000
vt 1.320000 -0.052360 0.000000
vt 0.780000 -0.052360 0.000000
vt 0.780000 -0.026180 0.000000
vt 0.240000 -0.026180 0.000000
vt 0.240000 0.000000 0.000000
vt -0.300000 0.000000 0.000000
vt -0.300000 0.026180 0.000000
vt -0.840000 0.026180 0.000000
vt -0.840000 0.052360 0.000000
vt -1.380000 0.052360 0.000000
vt -2.973205 0.078540 0.000000
vt -1.920000 0.052360 0.000000
vt -2.460000 0.052360 0.000000
vt -1.920000 0.026180 0.000000
vt -2.460000 0.026180 0.000000
vt -1.920000 0.000000 0.000000
vt -2.460000 0.000000 0.000000
vt -1.920000 -0.026180 0.000000
vt -2.460000 -0.026180 0.000000
vt -1.920000 -0.052360 0.000000
vt -2.460000 -0.052360 0.000000
vt -3.000000 -0.078540 0.000000
vt -2.999087 -0.052360 0.000000
vt -2.996410 -0.026180 0.000000
vt -2.992152 0.000000 0.000000
vt -2.986603 0.026180 0.000000
vt -2.980140 0.052360 0.000000
vt 1.860000 -0.026180 0.000000
vt 2.400000 -0.026180 0.000000
vt 1.860000 0.000000 0.000000
vt 2.400000 0.000000 0.000000
vt 1.860000 0.026180 0.000000
vt 2.400000 0.026180 0.000000
vt 1.860000 0.052360 0.000000
vt 2.400000 0.052360 0.000000
vt 2.400000 0.078540 0.000000
vt -0.300000 0.052360 0.000000
vt 0.240000 0.052360 0.000000
vt 0.780000 0.052360 0.000000
vt 0.780000 0.026180 0.000000
vt 1.320000 0.026180 0.000000
vt 1.320000 0.000000 0.000000
vt -0.300000 -0.052360 0.000000
vt -0.840000 -0.052360 0.000000
vt -1.380000 -0.052360 0.000000
vt -1.380000 -0.026180 0.000000
vt 1.320000 -0.026180 0.000000
vt 0.240000 -0.052360 0.000000
vt -0.300000 -0.026180 0.000000
vt -0.840000 -0.026180 0.000000
vt -0.840000 0.000000 0.000000
vt 0.780000 0.000000 0.000000
vt 0.240000 0.026180 0.000000
vt -1.380000 0.000000 0.000000
vt -1.380000 0.026180 0.000000
vt 1.320000 0.052360 0.000000
vt 0.110000 0.100000 0.000000
vt 0.827950 0.110000 0.000000
vt 0.110000 0.250000 0.000000
vt 2.172050 0.110000 0.000000
vt 2.900000 0.250000 0.000000
vt 2.900000 0.100000 0.000000
vt 2.177226 0.109319 0.000000
vt 2.182050 0.107321 0.000000
vt 0.810630 0.100000 0.000000
vt 0.813808 0.104142 0.000000
vt 0.817950 0.107321 0.000000
vt 0.822774 0.109319 0.000000
vt 2.186192 0.104142 0.000000
vt 2.189370 0.100000 0.000000
vt -0.060719 -0.053181 0.000000
vt -0.060370 -0.048421 0.000000
vt -0.086517 -0.047131 0.000000
vt -0.060370 -0.024573 0.000000
vt -0.077955 -0.010733 0.000000
vt -0.060370 -0.000726 0.000000
vt -0.063952 0.018449 0.000000
vt -0.034223 0.023121 0.000000
vt -0.046675 0.041567 0.000000
vt -0.034223 0.046969 0.000000
vt -0.027599 0.060793 0.000000
vt -0.008076 0.046969 0.000000
vt -0.008076 0.070816 0.000000
vt 0.018071 0.046969 0.000000
vt 0.018071 0.070816 0.000000
vt 0.028930 0.073863 0.000000
vt 0.012515 0.094664 0.000000
vt -0.034802 -0.057353 0.000000
vt -0.034223 -0.048421 0.000000
vt -0.034223 -0.024573 0.000000
vt -0.034223 -0.000726 0.000000
vt -0.008076 -0.000726 0.000000
vt -0.008076 0.023121 0.000000
vt 0.018071 -0.000726 0.000000
vt 0.018071 0.023121 0.000000
vt 0.044218 -0.000726 0.000000
vt 0.044218 0.023121 0.000000
vt 0.056837 0.024959 0.000000
vt 0.044218 0.046969 0.000000
vt 0.044039 0.051013 0.000000
vt -0.008076 -0.048421 0.000000
vt -0.008838 -0.060793 0.000000
vt 0.018071 -0.048421 0.000000
vt 0.017135 -0.064074 0.000000
vt 0.044218 -0.048421 0.000000
vt 0.043089 -0.067672 0.000000
vt 0.068980 -0.072268 0.000000
vt 0.070365 -0.038223 0.000000
vt 0.044218 -0.024573 0.000000
vt 0.018071 -0.024573 0.000000
vt 0.066053 -0.004997 0.000000
vt -0.007652 0.077991 0.000000
vt -0.008076 -0.024573 0.000000
vt -0.250000 -0.078540 0.000000
vt -0.100000 -0.078540 0.000000
vt -0.250000 -0.052360 0.000000
vt -0.100000 -0.052360 0.000000
vt -0.250000 -0.026180 0.000000
vt -0.100000 -0.026180 0.000000
vt -0.250000 0.000000 0.000000
vt -0.100000 -0.000000 0.000000
vt -0.250000 0.026180 0.000000
vt -0.100000 0.026180 0.000000
vt -0.250000 0.052360 0.000000
vt -0.100000 0.052360 0.000000
vt -0.250000 0.078540 0.000000
vt -0.100000 0.078540 0.000000
vt 0.070365 0.038223 0.000000
vt 0.068980 0.072268 0.000000
vt 0.044218 0.048421 0.000000
vt 0.043089 0.067672 0.000000
vt 0.017135 0.064074 0.000000
vt 0.018071 0.048421 0.000000
vt -0.008838 0.060793 0.000000
vt -0.008076 0.048421 0.000000
vt -0.034802 0.057353 0.000000
vt -0.034223 0.048421 0.000000
vt -0.060719 0.053181 0.000000
vt -0.060370 0.048421 0.000000
vt -0.086517 0.047131 0.000000
vt -0.060370 0.024573 0.000000
vt -0.077955 0.010733 0.000000
vt -0.060370 0.000726 0.000000
vt -0.063952 -0.018449 0.000000
vt -0.034223 -0.023121 0.000000
vt -0.046675 -0.041567 0.000000
vt -0.034223 -0.046969 0.000000
vt -0.027599 -0.060793 0.000000
vt -0.008076 -0.046969 0.000000
vt -0.008076 -0.070816 0.000000
vt 0.018071 -0.070816 0.000000
vt -0.007652 -0.077991 0.000000
vt 0.012515 -0.094664 0.000000
vt 0.028930 -0.073863 0.000000
vt 0.018071 -0.046969 0.000000
vt -0.008076 -0.023121 0.000000
vt -0.034223 0.000726 0.000000
vt 0.044039 -0.051013 0.000000
vt 0.044218 -0.046969 0.000000
vt 0.018071 -0.023121 0.000000
vt 0.044218 -0.023121 0.000000
vt 0.018071 0.000726 0.000000
vt 0.044218 0.000726 0.000000
vt 0.018071 0.024573 0.000000
vt 0.044218 0.024573 0.000000
vt 0.056837 -0.024959 0.000000
vt 0.066053 0.004997 0.000000
vt -0.034223 0.024573 0.000000
vt -0.008076 0.024573 0.000000
vt -0.008076 0.000726 0.000000
vt -1.915544 0.052360 0.000000
vt -1.355544 0.052360 0.000000
vt -1.915544 0.078540 0.000000
vt -0.795544 0.052360 0.000000
vt -0.235543 0.052360 0.000000
vt -0.235543 0.026180 0.000000
vt 0.324457 0.026180 0.000000
vt 0.324457 0.000000 0.000000
vt 0.884457 0.000000 0.000000
vt 0.884457 -0.026180 0.000000
vt 0.324457 -0.026180 0.000000
vt 0.884457 -0.052360 0.000000
vt 0.324457 -0.052360 0.000000
vt 0.884457 -0.078540 0.000000
vt -0.235543 -0.052360 0.000000
vt -0.795544 -0.052360 0.000000
vt -0.795544 -0.026180 0.000000
vt -1.355544 -0.026180 0.000000
vt -1.355544 0.000000 0.000000
vt -1.915544 0.000000 0.000000
vt -1.915544 0.026180 0.000000
vt -1.355544 0.026180 0.000000
vt -1.915544 -0.026180 0.000000
vt -1.355544 -0.052360 0.000000
vt -1.915544 -0.078540 0.000000
vt -1.915544 -0.052360 0.000000
vt 0.884457 0.026180 0.000000
vt 0.324457 0.052360 0.000000
vt 0.884457 0.078540 0.000000
vt 0.884457 0.052360 0.000000
vt -0.795544 0.026180 0.000000
vt -0.795544 0.000000 0.000000
vt -0.235543 0.000000 0.000000
vt -0.235543 -0.026180 0.000000
vt -1.248075 0.078540 0.000000
vt -1.791025 0.078540 0.000000
vt -1.255010 0.052360 0.000000
vt -1.791025 0.052360 0.000000
vt -1.261473 0.026180 0.000000
vt -1.791025 0.026180 0.000000
vt -1.267022 0.000000 0.000000
vt -1.791025 -0.000000 0.000000
vt -1.271280 -0.026180 0.000000
vt -1.791025 -0.026180 0.000000
vt -1.273957 -0.052360 0.000000
vt -1.791025 -0.052360 0.000000
vt -1.274870 -0.078540 0.000000
vt -1.791025 -0.078540 0.000000
vt -1.791025 0.052360 0.000000
vt -1.357692 0.052360 0.000000
vt -1.791025 0.078540 0.000000
vt -0.924359 0.052360 0.000000
vt -0.491025 0.078540 0.000000
vt -0.491938 0.052360 0.000000
vt -0.494615 0.026180 0.000000
vt -0.924359 0.026180 0.000000
vt -0.498873 -0.000000 0.000000
vt -0.924359 -0.000000 0.000000
vt -0.504423 -0.026180 0.000000
vt -0.924359 -0.026180 0.000000
vt -0.510885 -0.052360 0.000000
vt -0.924359 -0.052360 0.000000
vt -0.517820 -0.078540 0.000000
vt -1.357692 -0.052360 0.000000
vt -1.791025 -0.078540 0.000000
vt -1.791025 -0.052360 0.000000
vt -1.791025 -0.026180 0.000000
vt -1.357692 -0.026180 0.000000
vt -1.791025 0.000000 0.000000
vt -1.357692 -0.000000 0.000000
vt -1.791025 0.026180 0.000000
vt -1.357692 0.026180 0.000000
vt 0.250000 1.300000 0.000000
vt 0.100000 1.300000 0.000000
vt 0.250000 0.783845 0.000000
vt 0.100000 0.783845 0.000000
vt 0.250000 1.300000 0.000000
vt 0.100000 1.300000 0.000000
vt 0.250000 -0.000000 0.000000
vt 0.100000 -0.000000 0.000000
vt -1.791025 0.078540 0.000000
vt -1.791025 0.052360 0.000000
vt -1.274870 0.078540 0.000000
vt -1.273957 0.052360 0.000000
vt -1.791025 0.026180 0.000000
vt -1.271280 0.026180 0.000000
vt -1.791025 0.000000 0.000000
vt -1.267022 -0.000000 0.000000
vt -1.791025 -0.026180 0.000000
vt -1.261473 -0.026180 0.000000
vt -1.791025 -0.052360 0.000000
vt -1.255010 -0.052360 0.000000
vt -1.791025 -0.078540 0.000000
vt -1.248075 -0.078540 0.000000
vt -0.884457 0.078540 0.000000
vt -0.884457 0.052360 0.000000
vt -0.417451 0.078540 0.000000
vt -0.416850 0.052360 0.000000
vt -0.884457 0.026180 0.000000
vt -0.415089 0.026180 0.000000
vt -0.884457 0.000000 0.000000
vt -0.412287 0.000000 0.000000
vt -0.884457 -0.026180 0.000000
vt -0.408635 -0.026180 0.000000
vt -0.884457 -0.052360 0.000000
vt -0.404382 -0.052360 0.000000
vt -0.884457 -0.078540 0.000000
vt -0.399819 -0.078540 0.000000
vt 0.790079 0.092094 0.000000
vt -0.226859 0.092094 0.000000
vt 0.794699 0.088994 0.000000
vt -0.221782 0.067789 0.000000
vt -0.210917 0.045479 0.000000
vt 0.831403 -0.000000 0.000000
vt -0.194929 0.026529 0.000000
vt -0.174795 0.012099 0.000000
vt -0.151749 0.003072 0.000000
vt -0.127200 -0.000000 0.000000
vt 0.794127 0.090023 0.000000
vt 0.793329 0.090889 0.000000
vt 0.792352 0.091545 0.000000
vt 0.791248 0.091954 0.000000
vt -0.175000 -0.026180 0.000000
vt 0.175000 -0.026180 0.000000
vt -0.175000 0.000000 0.000000
vt 0.175000 0.000000 0.000000
vt -0.175000 0.026180 0.000000
vt 0.175000 0.026180 0.000000
vt -0.175000 0.052360 0.000000
vt 0.175000 0.052360 0.000000
vt -0.175000 0.078540 0.000000
vt 0.175000 0.078540 0.000000
vt -0.175000 0.104720 0.000000
vt 0.175000 0.104720 0.000000
vt -0.175000 0.130900 0.000000
vt 0.175000 0.130900 0.000000
vt -0.175000 0.157080 0.000000
vt 0.175000 0.157080 0.000000
vt -0.175000 0.183260 0.000000
vt 0.175000 0.183260 0.000000
vt -0.175000 0.209440 0.000000
vt 0.175000 0.209440 0.000000
vt -0.175000 0.235619 0.000000
vt 0.175000 0.235619 0.000000
vt -0.175000 0.261799 0.000000
vt 0.175000 0.261799 0.000000
vt -0.175000 0.287979 0.000000
vt 0.175000 0.287979 0.000000
vt -0.175000 0.314159 0.000000
vt 0.175000 0.314159 0.000000
vt -0.175000 -0.314159 0.000000
vt 0.175000 -0.314159 0.000000
vt -0.175000 -0.287979 0.000000
vt 0.175000 -0.287979 0.000000
vt -0.175000 -0.261799 0.000000
vt 0.175000 -0.261799 0.000000
vt -0.175000 -0.235619 0.000000
vt 0.175000 -0.235619 0.000000
vt -0.175000 -0.209440 0.000000
vt 0.175000 -0.209440 0.000000
vt -0.175000 -0.183260 0.000000
vt 0.175000 -0.183260 0.000000
vt -0.175000 -0.157080 0.000000
vt 0.175000 -0.157080 0.000000
vt -0.175000 -0.130900 0.000000
vt 0.175000 -0.130900 0.000000
vt -0.175000 -0.104720 0.000000
vt 0.175000 -0.104720 0.000000
vt -0.175000 -0.078540 0.000000
vt 0.175000 -0.078540 0.000000
vt -0.175000 -0.052360 0.000000
vt 0.175000 -0.052360 0.000000
vt -0.175000 -0.026180 0.000000
vt 0.175000 -0.026180 0.000000
vt -0.175000 0.000000 0.000000
vt 0.175000 0.000000 0.000000
vt -0.175000 0.026180 0.000000
vt 0.175000 0.026180 0.000000
vt -0.175000 0.052360 0.000000
vt 0.175000 0.052360 0.000000
vt -0.175000 0.078540 0.000000
vt 0.175000 0.078540 0.000000
vt -0.175000 0.104720 0.000000
vt 0.175000 0.104720 0.000000
vt -0.175000 0.130900 0.000000
vt 0.175000 0.130900 0.000000
vt -0.175000 0.157080 0.000000
vt 0.175000 0.157080 0.000000
vt -0.175000 0.183260 0.000000
vt 0.175000 0.183260 0.000000
vt -0.175000 0.209440 0.000000
vt 0.175000 0.209440 0.000000
vt -0.175000 0.235619 0.000000
vt 0.175000 0.235619 0.000000
vt -0.175000 0.261799 0.000000
vt 0.175000 0.261799 0.000000
vt -0.175000 0.287979 0.000000
vt 0.175000 0.287979 0.000000
vt -0.175000 0.314159 0.000000
vt 0.175000 0.314159 0.000000
vt -0.175000 -0.314159 0.000000
vt 0.175000 -0.314159 0.000000
vt -0.175000 -0.287979 0.000000
vt 0.175000 -0.287979 0.000000
vt -0.175000 -0.261799 0.000000
vt 0.175000 -0.261799 0.000000
vt -0.175000 -0.235619 0.000000
vt 0.175000 -0.235619 0.000000
vt -0.175000 -0.209440 0.000000
vt 0.175000 -0.209440 0.000000
vt -0.175000 -0.183260 0.000000
vt 0.175000 -0.183260 0.000000
vt -0.175000 -0.157080 0.000000
vt 0.175000 -0.157080 0.000000
vt -0.175000 -0.130900 0.000000
vt 0.175000 -0.130900 0.000000
vt -0.175000 -0.104720 0.000000
vt 0.175000 -0.104720 0.000000
vt -0.175000 -0.078540 0.000000
vt 0.175000 -0.078540 0.000000
vt -0.175000 -0.052360 0.000000
vt 0.175000 -0.052360 0.000000
vt -0.081165 -1.538913 0.000000
vt -0.081165 -0.177728 0.000000
vt -0.183512 -1.530640 0.000000
vt -0.183512 -0.186001 0.000000
vt 0.011434 -0.000000 0.000000
vt 0.107700 -0.000000 0.000000
vt 0.011434 0.005125 0.000000
vt 0.109728 0.005125 0.000000
vt 0.011434 0.010250 0.000000
vt 0.111501 0.010250 0.000000
vt 0.011434 0.015375 0.000000
vt 0.112902 0.015375 0.000000
vt 0.011434 0.020499 0.000000
vt 0.113840 0.020499 0.000000
vt 0.011434 0.025624 0.000000
vt 0.114253 0.025624 0.000000
vt 0.114114 0.030749 0.000000
vt 0.011434 0.030749 0.000000
vt 1.414510 0.004331 0.000000
vt 1.516156 0.004945 0.000000
vt 1.414428 0.008727 0.000000
vt 1.516156 0.009890 0.000000
vt 1.414428 0.013963 0.000000
vt 1.516156 0.014835 0.000000
vt 1.414428 0.019199 0.000000
vt 1.516156 0.019780 0.000000
vt 1.414428 0.024435 0.000000
vt 1.516156 0.024725 0.000000
vt 1.414428 0.029671 0.000000
vt 1.617884 0.024725 0.000000
vt 1.719612 0.024725 0.000000
vt 1.719612 0.019780 0.000000
vt 1.821340 0.019780 0.000000
vt 1.821340 0.014835 0.000000
vt 1.923068 0.014835 0.000000
vt 1.923068 0.009890 0.000000
vt 2.024796 0.009890 0.000000
vt 2.024796 0.004945 0.000000
vt 2.126524 0.004945 0.000000
vt 2.431708 -0.000000 0.000000
vt 2.228252 0.004945 0.000000
vt 2.329980 0.004945 0.000000
vt 2.228252 0.009890 0.000000
vt 2.329980 0.009890 0.000000
vt 2.228252 0.014835 0.000000
vt 2.329980 0.014835 0.000000
vt 2.228252 0.019780 0.000000
vt 2.329980 0.019780 0.000000
vt 2.228252 0.024725 0.000000
vt 2.329980 0.024725 0.000000
vt 2.431708 0.029671 0.000000
vt 2.431708 0.024725 0.000000
vt 2.431708 0.019780 0.000000
vt 2.431708 0.014835 0.000000
vt 2.431708 0.009890 0.000000
vt 2.431708 0.004945 0.000000
vt 1.414770 0.000000 0.000000
vt 1.719612 0.004945 0.000000
vt 1.617884 0.004945 0.000000
vt 1.617884 0.009890 0.000000
vt 1.923068 0.024725 0.000000
vt 2.024796 0.024725 0.000000
vt 2.126524 0.024725 0.000000
vt 2.126524 0.019780 0.000000
vt 2.126524 0.009890 0.000000
vt 2.126524 0.014835 0.000000
vt 2.024796 0.014835 0.000000
vt 1.923068 0.019780 0.000000
vt 1.821340 0.024725 0.000000
vt 1.821340 0.009890 0.000000
vt 1.923068 0.004945 0.000000
vt 1.821340 0.004945 0.000000
vt 1.719612 0.009890 0.000000
vt 1.719612 0.014835 0.000000
vt 1.617884 0.014835 0.000000
vt 2.024796 0.019780 0.000000
vt 1.617884 0.019780 0.000000
vt -0.009556 0.000000 0.000000
vt -0.003905 0.000000 0.000000
vt -0.008418 0.002703 0.000000
vt -0.003904 0.004421 0.000000
vt -0.008418 0.005405 0.000000
vt -0.008418 0.007489 0.000000
vt -0.012933 0.007489 0.000000
vt -0.012933 0.009573 0.000000
vt -0.017448 0.009573 0.000000
vt -0.017448 0.013740 0.000000
vt -0.021962 0.013740 0.000000
vt -0.021962 0.017907 0.000000
vt -0.025535 0.017907 0.000000
vt -0.025460 0.022074 0.000000
vt -0.029108 0.017907 0.000000
vt -0.030703 0.022074 0.000000
vt -0.032681 0.017907 0.000000
vt -0.036254 0.022074 0.000000
vt -0.035882 0.018026 0.000000
vt -0.003904 0.008840 0.000000
vt -0.008418 0.009573 0.000000
vt -0.012933 0.013740 0.000000
vt -0.017448 0.017907 0.000000
vt -0.020335 0.022074 0.000000
vt -0.003905 0.013257 0.000000
vt -0.008418 0.013740 0.000000
vt -0.012933 0.017907 0.000000
vt -0.015159 0.022074 0.000000
vt -0.003906 0.017666 0.000000
vt -0.008418 0.017907 0.000000
vt -0.009752 0.022074 0.000000
vt -0.003905 0.022074 0.000000
vt -0.035736 0.016259 0.000000
vt -0.032681 0.013740 0.000000
vt -0.029108 0.013740 0.000000
vt -0.029108 0.009573 0.000000
vt -0.025535 0.009573 0.000000
vt -0.025535 0.007489 0.000000
vt -0.021962 0.007489 0.000000
vt -0.021962 0.005405 0.000000
vt -0.017448 0.005405 0.000000
vt -0.017448 0.002703 0.000000
vt -0.012933 0.002703 0.000000
vt -0.014789 0.000000 0.000000
vt -0.035620 0.014732 0.000000
vt -0.035361 0.010759 0.000000
vt -0.032681 0.009573 0.000000
vt -0.035197 0.007350 0.000000
vt -0.032681 0.007489 0.000000
vt -0.032681 0.005405 0.000000
vt -0.029108 0.005405 0.000000
vt -0.029108 0.002703 0.000000
vt -0.025535 0.002703 0.000000
vt -0.029767 0.000000 0.000000
vt -0.024738 0.000000 0.000000
vt -0.035131 0.005457 0.000000
vt -0.032681 0.002703 0.000000
vt -0.035055 0.001443 0.000000
vt -0.035050 0.000000 0.000000
vt -0.021962 0.002703 0.000000
vt -0.019796 0.000000 0.000000
vt -0.012933 0.005405 0.000000
vt -0.025535 0.005405 0.000000
vt -0.017448 0.007489 0.000000
vt -0.021962 0.009573 0.000000
vt -0.025535 0.013740 0.000000
vt -0.029108 0.007489 0.000000
vt 1.500860 0.000000 0.000000
vt 1.500861 0.001923 0.000000
vt 0.156760 0.000000 0.000000
vt 0.278730 0.005892 0.000000
vt 0.156749 0.005892 0.000000
vt 0.278730 0.011783 0.000000
vt 0.156713 0.011783 0.000000
vt 0.278730 0.017675 0.000000
vt 0.156656 0.017675 0.000000
vt 0.278730 0.023566 0.000000
vt 0.156580 0.023566 0.000000
vt 0.156490 0.029457 0.000000
vt 0.400970 0.023566 0.000000
vt 0.523210 0.023566 0.000000
vt 0.400970 0.017675 0.000000
vt 0.523210 0.017675 0.000000
vt 0.400970 0.011783 0.000000
vt 0.523210 0.011783 0.000000
vt 0.400970 0.005892 0.000000
vt 0.523210 0.005892 0.000000
vt 0.645450 0.005892 0.000000
vt 0.767690 0.005892 0.000000
vt 0.767690 0.011783 0.000000
vt 0.889930 0.011783 0.000000
vt 0.889930 0.017674 0.000000
vt 1.012170 0.017674 0.000000
vt 1.012170 0.023566 0.000000
vt 1.134410 0.023566 0.000000
vt 1.256650 0.023566 0.000000
vt 1.501048 0.024056 0.000000
vt 1.378890 0.023566 0.000000
vt 1.501015 0.021696 0.000000
vt 1.500988 0.019657 0.000000
vt 1.378890 0.017674 0.000000
vt 1.500929 0.014356 0.000000
vt 1.378890 0.011783 0.000000
vt 1.500893 0.009809 0.000000
vt 1.378890 0.005891 0.000000
vt 1.500878 0.007283 0.000000
vt 1.256650 0.005891 0.000000
vt 1.134410 0.005891 0.000000
vt 1.256650 0.011783 0.000000
vt 1.134410 0.011783 0.000000
vt 1.256650 0.017674 0.000000
vt 1.134410 0.017674 0.000000
vt 1.501130 0.029457 0.000000
vt 1.012170 0.005892 0.000000
vt 0.889930 0.005892 0.000000
vt 1.012170 0.011783 0.000000
vt 0.645450 0.011783 0.000000
vt 0.767690 0.017674 0.000000
vt 0.889930 0.023566 0.000000
vt 0.645450 0.017675 0.000000
vt 0.645450 0.023566 0.000000
vt 0.767690 0.023566 0.000000
vt 1.397349 0.003072 0.000000
vt 1.420395 0.012099 0.000000
vt 1.372800 -0.000000 0.000000
vt 0.414197 -0.000000 0.000000
vt 1.440529 0.026529 0.000000
vt 1.456517 0.045479 0.000000
vt 0.450901 0.088994 0.000000
vt 1.467382 0.067789 0.000000
vt 1.472459 0.092094 0.000000
vt 0.455521 0.092094 0.000000
vt 0.451470 0.090019 0.000000
vt 0.452270 0.090887 0.000000
vt 0.453252 0.091546 0.000000
vt 0.454358 0.091957 0.000000
vt 1.028594 0.004331 0.000000
vt 0.926948 0.004945 0.000000
vt 1.028334 0.000000 0.000000
vt 0.825220 0.004945 0.000000
vt 0.723492 0.004945 0.000000
vt 0.825220 0.009890 0.000000
vt 0.723492 0.009890 0.000000
vt 0.825220 0.014835 0.000000
vt 0.723492 0.014835 0.000000
vt 0.825220 0.019780 0.000000
vt 0.723492 0.019780 0.000000
vt 0.825220 0.024726 0.000000
vt 0.723492 0.024726 0.000000
vt 1.028676 0.029671 0.000000
vt 0.621764 0.024726 0.000000
vt 0.520036 0.024726 0.000000
vt 0.520036 0.019780 0.000000
vt 0.418308 0.019780 0.000000
vt 0.418308 0.014835 0.000000
vt 0.316580 0.014835 0.000000
vt 0.316580 0.009890 0.000000
vt 0.214852 0.009890 0.000000
vt 0.214852 0.004945 0.000000
vt 0.113124 0.004945 0.000000
vt 0.011396 0.000000 0.000000
vt 0.011396 0.004945 0.000000
vt 0.113124 0.009890 0.000000
vt 0.011396 0.009890 0.000000
vt 0.113124 0.014835 0.000000
vt 0.011396 0.014835 0.000000
vt 0.113124 0.019780 0.000000
vt 0.011396 0.019780 0.000000
vt 0.113124 0.024726 0.000000
vt 0.011396 0.024726 0.000000
vt 0.011396 0.029671 0.000000
vt 0.214852 0.024726 0.000000
vt 0.316580 0.024726 0.000000
vt 0.214852 0.019780 0.000000
vt 0.316580 0.019780 0.000000
vt 0.214852 0.014835 0.000000
vt 1.028676 0.008727 0.000000
vt 0.926948 0.009890 0.000000
vt 1.028676 0.013963 0.000000
vt 0.926948 0.014835 0.000000
vt 1.028676 0.019199 0.000000
vt 0.926948 0.019780 0.000000
vt 1.028676 0.024435 0.000000
vt 0.926948 0.024726 0.000000
vt 0.418308 0.024726 0.000000
vt 0.520036 0.004945 0.000000
vt 0.418308 0.004945 0.000000
vt 0.316580 0.004945 0.000000
vt 0.418308 0.009890 0.000000
vt 0.621764 0.004945 0.000000
vt 0.621764 0.009890 0.000000
vt 0.520036 0.009890 0.000000
vt 0.621764 0.014835 0.000000
vt 0.520036 0.014835 0.000000
vt 0.621764 0.019780 0.000000
vt -0.009752 0.000000 0.000000
vt -0.003904 0.000000 0.000000
vt -0.008409 0.003434 0.000000
vt -0.003906 0.004387 0.000000
vt -0.008409 0.006431 0.000000
vt -0.003904 0.008813 0.000000
vt -0.008409 0.009112 0.000000
vt -0.008409 0.011601 0.000000
vt -0.012915 0.011601 0.000000
vt -0.012915 0.014018 0.000000
vt -0.017421 0.014018 0.000000
vt -0.017421 0.016488 0.000000
vt -0.021927 0.016488 0.000000
vt -0.021927 0.019134 0.000000
vt -0.025509 0.019134 0.000000
vt -0.024738 0.022081 0.000000
vt -0.029767 0.022081 0.000000
vt -0.003903 0.013256 0.000000
vt -0.008409 0.014018 0.000000
vt -0.012915 0.016488 0.000000
vt -0.017421 0.019134 0.000000
vt -0.019796 0.022081 0.000000
vt -0.008409 0.016488 0.000000
vt -0.003905 0.017686 0.000000
vt -0.008409 0.019134 0.000000
vt -0.003905 0.022081 0.000000
vt -0.009556 0.022081 0.000000
vt -0.012915 0.019134 0.000000
vt -0.014789 0.022081 0.000000
vt -0.035050 0.022081 0.000000
vt -0.032672 0.019134 0.000000
vt -0.029090 0.019134 0.000000
vt -0.025509 0.016488 0.000000
vt -0.021927 0.014018 0.000000
vt -0.017421 0.011601 0.000000
vt -0.012915 0.009112 0.000000
vt -0.035103 0.017666 0.000000
vt -0.032672 0.016488 0.000000
vt -0.029090 0.016488 0.000000
vt -0.029090 0.014018 0.000000
vt -0.025509 0.014018 0.000000
vt -0.025509 0.011601 0.000000
vt -0.021927 0.011601 0.000000
vt -0.021927 0.009112 0.000000
vt -0.017421 0.009112 0.000000
vt -0.017421 0.006431 0.000000
vt -0.012915 0.006431 0.000000
vt -0.012915 0.003434 0.000000
vt -0.035261 0.013249 0.000000
vt -0.032672 0.014018 0.000000
vt -0.029090 0.011601 0.000000
vt -0.025509 0.009112 0.000000
vt -0.021927 0.006431 0.000000
vt -0.017421 0.003434 0.000000
vt -0.015159 0.000000 0.000000
vt -0.032672 0.011601 0.000000
vt -0.035515 0.008832 0.000000
vt -0.032672 0.009112 0.000000
vt -0.032672 0.006431 0.000000
vt -0.029090 0.006431 0.000000
vt -0.029090 0.003434 0.000000
vt -0.025509 0.003434 0.000000
vt -0.025460 0.000000 0.000000
vt -0.021927 0.003434 0.000000
vt -0.020335 0.000000 0.000000
vt -0.035852 0.004415 0.000000
vt -0.032672 0.003434 0.000000
vt -0.030703 0.000000 0.000000
vt -0.036254 0.000000 0.000000
vt -0.025509 0.006431 0.000000
vt -0.029090 0.009112 0.000000
vt 2.401236 0.030749 0.000000
vt 2.298555 0.030749 0.000000
vt 2.401236 0.025624 0.000000
vt 2.298417 0.025624 0.000000
vt 2.298830 0.020499 0.000000
vt 2.401236 0.020499 0.000000
vt 2.299767 0.015375 0.000000
vt 2.401236 0.015374 0.000000
vt 2.301168 0.010250 0.000000
vt 2.401236 0.010250 0.000000
vt 2.302941 0.005125 0.000000
vt 2.401236 0.005125 0.000000
vt 2.304969 -0.000000 0.000000
vt 2.401236 -0.000000 0.000000
vt 0.200000 0.672050 0.000000
vt -0.817279 0.672050 0.000000
vt 0.200000 -0.672050 0.000000
vt -0.817279 -0.672050 0.000000
vn -0.049240 0.085287 -0.017365
vn -0.049240 0.085287 -0.017365
vn -0.068918 0.069326 -0.021074
vn -0.068918 0.069326 -0.021074
vn -0.084077 0.048820 -0.023402
vn -0.084077 0.048820 -0.023402
vn -0.093723 0.025113 -0.024195
vn -0.093723 0.025113 -0.024195
vn -0.097223 -0.000241 -0.023402
vn -0.097223 -0.000241 -0.023402
vn -0.094348 -0.025579 -0.021074
vn -0.094348 -0.025579 -0.021074
vn -0.085287 -0.049240 -0.017365
vn -0.085287 -0.049240 -0.017365
vn -0.094348 -0.025579 -0.021074
vn -0.097223 -0.000241 -0.023402
vn -0.093723 0.025113 -0.024195
vn -0.084077 0.048820 -0.023402
vn -0.068918 0.069326 -0.021074
vn -0.011531 0.019972 -0.097304
vn -0.011531 0.019972 -0.097304
vn 0.000000 -0.000000 -0.100000
vn -0.011531 0.019972 -0.097304
vn -0.011531 0.019972 -0.097304
vn -0.022440 0.038867 -0.089363
vn -0.022440 0.038867 -0.089363
vn -0.032139 0.055667 -0.076604
vn -0.032139 0.055667 -0.076604
vn -0.040106 0.069466 -0.059716
vn -0.040106 0.069466 -0.059716
vn -0.045911 0.079520 -0.039608
vn -0.045911 0.079520 -0.039608
vn -0.049240 0.085287 -0.017365
vn -0.045911 0.079520 -0.039608
vn -0.045911 0.079520 -0.039608
vn -0.040106 0.069466 -0.059716
vn -0.040106 0.069466 -0.059716
vn -0.032139 0.055667 -0.076604
vn -0.032139 0.055667 -0.076604
vn -0.022440 0.038867 -0.089363
vn -0.022440 0.038867 -0.089363
vn -0.011531 0.019972 -0.097304
vn -0.011531 0.019972 -0.097304
vn 0.000000 -0.000000 -0.100000
vn -0.022440 0.038867 -0.089363
vn -0.022440 0.038867 -0.089363
vn -0.032139 0.055667 -0.076604
vn -0.032139 0.055667 -0.076604
vn -0.040106 0.069466 -0.059716
vn -0.040106 0.069466 -0.059716
vn -0.045911 0.079520 -0.039608
vn -0.045911 0.079520 -0.039608
vn -0.045911 0.079520 -0.039608
vn -0.045911 0.079520 -0.039608
vn -0.045911 0.079520 -0.039608
vn -0.040106 0.069466 -0.059716
vn -0.011531 0.019972 -0.097304
vn -0.011531 0.019972 -0.097304
vn -0.011531 0.019972 -0.097304
vn -0.022440 0.038867 -0.089363
vn -0.022440 0.038867 -0.089363
vn -0.032139 0.055667 -0.076604
vn -0.011531 0.019972 -0.097304
vn -0.022440 0.038867 -0.089363
vn -0.022440 0.038867 -0.089363
vn -0.032139 0.055667 -0.076604
vn -0.032139 0.055667 -0.076604
vn -0.040106 0.069466 -0.059716
vn -0.045911 0.079520 -0.039608
vn -0.032139 0.055667 -0.076604
vn -0.040106 0.069466 -0.059716
vn -0.040106 0.069466 -0.059716
vn -0.059376 0.070317 -0.039115
vn -0.068860 0.069234 -0.021563
vn -0.082320 0.049098 -0.028511
vn -0.090553 0.025845 -0.033648
vn -0.093037 0.000951 -0.036649
vn -0.089615 -0.024003 -0.037324
vn -0.079520 -0.045911 -0.039608
vn -0.046001 0.070516 -0.053957
vn -0.056311 0.050557 -0.065369
vn -0.037552 0.049765 -0.078187
vn -0.043206 0.026550 -0.086188
vn -0.020778 0.024684 -0.094652
vn -0.023891 -0.000199 -0.097104
vn -0.019972 -0.011531 -0.097304
vn -0.038867 -0.022440 -0.089363
vn -0.046116 0.001650 -0.088716
vn -0.063045 0.027388 -0.072631
vn -0.071529 0.050330 -0.048482
vn -0.046098 -0.023355 -0.085612
vn -0.055667 -0.032139 -0.076604
vn -0.064333 -0.022585 -0.073152
vn -0.069466 -0.040106 -0.059716
vn -0.079125 -0.022805 -0.056737
vn -0.081727 0.002243 -0.057582
vn -0.065777 0.002480 -0.075281
vn -0.079140 0.027148 -0.054770
vn -0.085287 -0.049240 -0.017365
vn -0.085287 -0.049240 -0.017365
vn -0.079520 -0.045911 -0.039608
vn -0.079520 -0.045911 -0.039608
vn -0.079520 -0.045911 -0.039608
vn -0.069466 -0.040106 -0.059716
vn -0.069466 -0.040106 -0.059716
vn -0.055667 -0.032139 -0.076604
vn -0.055667 -0.032139 -0.076604
vn -0.038867 -0.022440 -0.089363
vn -0.038867 -0.022440 -0.089363
vn -0.019972 -0.011531 -0.097304
vn -0.019972 -0.011531 -0.097304
vn -0.019972 -0.011531 -0.097304
vn -0.019972 -0.011531 -0.097304
vn -0.038867 -0.022440 -0.089363
vn -0.038867 -0.022440 -0.089363
vn -0.055667 -0.032139 -0.076604
vn -0.055667 -0.032139 -0.076604
vn -0.069466 -0.040106 -0.059716
vn -0.069466 -0.040106 -0.059716
vn -0.079520 -0.045911 -0.039608
vn -0.079520 -0.045911 -0.039608
vn -0.079520 -0.045911 -0.039608
vn -0.079520 -0.045911 -0.039608
vn -0.069466 -0.040106 -0.059716
vn -0.069466 -0.040106 -0.059716
vn -0.055667 -0.032139 -0.076604
vn -0.055667 -0.032139 -0.076604
vn -0.038867 -0.022440 -0.089363
vn -0.038867 -0.022440 -0.089363
vn -0.019972 -0.011531 -0.097304
vn -0.019972 -0.011531 -0.097304
vn -0.000000 -0.000000 -0.100000
vn -0.019972 -0.011531 -0.097304
vn -0.019972 -0.011531 -0.097304
vn -0.038867 -0.022440 -0.089363
vn -0.038867 -0.022440 -0.089363
vn -0.055667 -0.032139 -0.076604
vn -0.055667 -0.032139 -0.076604
vn -0.069466 -0.040106 -0.059716
vn -0.069466 -0.040106 -0.059716
vn -0.079520 -0.045911 -0.039608
vn -0.079520 -0.045911 -0.039608
vn -0.079520 -0.045911 -0.039608
vn -0.069466 -0.040106 -0.059716
vn -0.055667 -0.032139 -0.076604
vn -0.038867 -0.022440 -0.089363
vn -0.019972 -0.011531 -0.097304
vn -0.069466 -0.040106 -0.059716
vn -0.055667 -0.032139 -0.076604
vn -0.038867 -0.022440 -0.089363
vn -0.019972 -0.011531 -0.097304
vn -0.019972 -0.011531 -0.097304
vn -0.038867 -0.022440 -0.089363
vn -0.055667 -0.032139 -0.076604
vn -0.069466 -0.040106 -0.059716
vn -0.069466 -0.040106 -0.059716
vn -0.055667 -0.032139 -0.076604
vn -0.038867 -0.022440 -0.089363
vn -0.019972 -0.011531 -0.097304
vn -0.079520 -0.045911 -0.039608
vn -0.079520 -0.045911 -0.039608
vn -0.079520 -0.045911 -0.039608
vn -0.069466 -0.040106 -0.059716
vn -0.069466 -0.040106 -0.059716
vn -0.055667 -0.032139 -0.076604
vn -0.069466 -0.040106 -0.059716
vn -0.079520 -0.045911 -0.039608
vn -0.079520 -0.045911 -0.039608
vn -0.079520 -0.045911 -0.039608
vn -0.079520 -0.045911 -0.039608
vn -0.069466 -0.040106 -0.059716
vn -0.069466 -0.040106 -0.059716
vn -0.055667 -0.032139 -0.076604
vn -0.069466 -0.040106 -0.059716
vn -0.079520 -0.045911 -0.039608
vn -0.055667 -0.032139 -0.076604
vn -0.038867 -0.022440 -0.089363
vn -0.019972 -0.011531 -0.097304
vn -0.055667 -0.032139 -0.076604
vn -0.055667 -0.032139 -0.076604
vn -0.038867 -0.022440 -0.089363
vn -0.019972 -0.011531 -0.097304
vn -0.055667 -0.032139 -0.076604
vn -0.038867 -0.022440 -0.089363
vn -0.019972 -0.011531 -0.097304
vn -0.038867 -0.022440 -0.089363
vn -0.038867 -0.022440 -0.089363
vn -0.019972 -0.011531 -0.097304
vn -0.038867 -0.022440 -0.089363
vn -0.019972 -0.011531 -0.097304
vn -0.019972 -0.011531 -0.097304
vn -0.000000 0.000000 -0.100000
vn 0.000000 -0.025882 -0.096593
vn 0.000000 -0.025882 -0.096593
vn 0.000000 0.000000 -0.100000
vn 0.000000 -0.025882 -0.096593
vn 0.000000 -0.025882 -0.096593
vn 0.000000 -0.050000 -0.086603
vn 0.000000 -0.050000 -0.086603
vn 0.000000 -0.070711 -0.070711
vn 0.000000 -0.070711 -0.070711
vn 0.000000 -0.086603 -0.050000
vn 0.000000 -0.086603 -0.050000
vn 0.000000 -0.096593 -0.025882
vn 0.000000 -0.096593 -0.025882
vn 0.000000 -0.100000 0.000000
vn 0.000000 -0.096593 -0.025882
vn 0.000000 -0.096593 -0.025882
vn 0.000000 -0.086603 -0.050000
vn 0.000000 -0.086603 -0.050000
vn 0.000000 -0.070711 -0.070711
vn 0.000000 -0.070711 -0.070711
vn 0.000000 -0.050000 -0.086603
vn 0.000000 -0.050000 -0.086603
vn 0.000000 -0.025882 -0.096593
vn 0.000000 -0.025882 -0.096593
vn 0.000000 0.000000 -0.100000
vn 0.000000 -0.050000 -0.086603
vn 0.000000 -0.050000 -0.086603
vn 0.000000 -0.070711 -0.070711
vn 0.000000 -0.070711 -0.070711
vn 0.000000 -0.086603 -0.050000
vn 0.000000 -0.086603 -0.050000
vn 0.000000 -0.096593 -0.025882
vn 0.000000 -0.096593 -0.025882
vn 0.000000 -0.100000 0.000000
vn 0.000000 -0.096593 -0.025882
vn 0.000000 -0.096593 -0.025882
vn 0.000000 -0.096593 -0.025882
vn 0.000000 -0.086603 -0.050000
vn 0.000000 -0.025882 -0.096593
vn 0.000000 -0.025882 -0.096593
vn 0.000000 -0.025882 -0.096593
vn 0.000000 -0.050000 -0.086603
vn 0.000000 -0.050000 -0.086603
vn 0.000000 -0.070711 -0.070711
vn 0.000000 -0.025882 -0.096593
vn 0.000000 -0.050000 -0.086603
vn 0.000000 -0.050000 -0.086603
vn 0.000000 -0.070711 -0.070711
vn 0.000000 -0.070711 -0.070711
vn 0.000000 -0.086603 -0.050000
vn 0.000000 -0.096593 -0.025882
vn 0.000000 -0.070711 -0.070711
vn 0.000000 -0.086603 -0.050000
vn 0.000000 -0.086603 -0.050000
vn 0.100000 0.000000 0.000000
vn 0.100000 0.000000 0.000000
vn 0.096593 -0.025882 0.000000
vn 0.096593 -0.025882 0.000000
vn 0.086603 -0.050000 0.000000
vn 0.086603 -0.050000 0.000000
vn 0.070711 -0.070711 0.000000
vn 0.070711 -0.070711 0.000000
vn 0.050000 -0.086603 0.000000
vn 0.050000 -0.086603 0.000000
vn 0.025882 -0.096593 0.000000
vn 0.025882 -0.096593 0.000000
vn 0.000000 -0.100000 0.000000
vn 0.096593 0.000000 -0.025882
vn 0.097047 -0.015391 -0.018574
vn 0.091750 -0.038864 -0.008453
vn 0.083242 -0.045904 -0.031041
vn 0.071780 -0.066657 -0.020112
vn 0.069666 -0.049540 -0.051888
vn 0.058343 -0.070255 -0.040746
vn 0.051888 -0.049540 -0.069666
vn 0.040746 -0.070255 -0.058343
vn 0.031041 -0.045904 -0.083242
vn 0.020112 -0.066657 -0.071780
vn 0.007813 -0.082867 -0.055426
vn 0.026828 -0.086183 -0.043044
vn 0.011081 -0.096237 -0.024811
vn 0.024811 -0.096237 -0.011081
vn 0.043044 -0.086183 -0.026828
vn 0.055426 -0.082867 -0.007813
vn 0.008453 -0.038864 -0.091750
vn 0.018574 -0.015391 -0.097047
vn 0.025882 0.000000 -0.096593
vn 0.039854 -0.022023 -0.089032
vn 0.050000 0.000000 -0.086603
vn 0.059494 -0.025449 -0.076242
vn 0.070711 0.000000 -0.070711
vn 0.076242 -0.025449 -0.059494
vn 0.086603 0.000000 -0.050000
vn 0.089032 -0.022023 -0.039854
vn 0.000000 -0.096593 0.025882
vn 0.000000 -0.096593 0.025882
vn 0.000000 -0.096593 0.025882
vn 0.000000 -0.096593 0.025882
vn 0.000000 -0.086603 0.050000
vn 0.000000 -0.086603 0.050000
vn 0.000000 -0.070711 0.070711
vn 0.000000 -0.070711 0.070711
vn 0.000000 -0.050000 0.086603
vn 0.000000 -0.050000 0.086603
vn 0.000000 -0.025882 0.096593
vn 0.000000 -0.025882 0.096593
vn 0.000000 0.000000 0.100000
vn 0.000000 -0.025882 0.096593
vn 0.000000 -0.025882 0.096593
vn 0.000000 -0.050000 0.086603
vn 0.000000 -0.086603 0.050000
vn 0.000000 -0.086603 0.050000
vn 0.000000 -0.070711 0.070711
vn 0.000000 -0.070711 0.070711
vn 0.000000 -0.050000 0.086603
vn 0.000000 -0.050000 0.086603
vn 0.000000 -0.025882 0.096593
vn 0.000000 -0.025882 0.096593
vn 0.000000 0.000000 0.100000
vn 0.000000 -0.025882 0.096593
vn 0.000000 -0.025882 0.096593
vn 0.000000 -0.025882 0.096593
vn 0.000000 -0.050000 0.086603
vn 0.000000 -0.050000 0.086603
vn 0.000000 -0.070711 0.070711
vn 0.000000 -0.070711 0.070711
vn 0.000000 -0.086603 0.050000
vn 0.000000 -0.086603 0.050000
vn 0.000000 -0.096593 0.025882
vn 0.000000 -0.096593 0.025882
vn 0.000000 -0.100000 0.000000
vn 0.000000 -0.096593 0.025882
vn 0.000000 -0.096593 0.025882
vn 0.000000 -0.086603 0.050000
vn 0.000000 -0.086603 0.050000
vn 0.000000 -0.070711 0.070711
vn 0.000000 -0.070711 0.070711
vn 0.000000 -0.050000 0.086603
vn 0.000000 -0.096593 0.025882
vn 0.000000 -0.096593 0.025882
vn 0.000000 -0.086603 0.050000
vn 0.000000 -0.070711 0.070711
vn 0.000000 -0.086603 0.050000
vn 0.000000 -0.070711 0.070711
vn 0.000000 -0.050000 0.086603
vn 0.000000 -0.025882 0.096593
vn 0.000000 -0.050000 0.086603
vn 0.025882 0.000000 0.096593
vn 0.018574 -0.015391 0.097047
vn 0.008453 -0.038864 0.091750
vn 0.031041 -0.045904 0.083242
vn 0.020112 -0.066657 0.071780
vn 0.051888 -0.049540 0.069666
vn 0.040746 -0.070255 0.058343
vn 0.069666 -0.049540 0.051888
vn 0.058343 -0.070255 0.040746
vn 0.083242 -0.045904 0.031041
vn 0.071780 -0.066657 0.020112
vn 0.055426 -0.082867 0.007813
vn 0.043044 -0.086183 0.026828
vn 0.024811 -0.096237 0.011081
vn 0.011081 -0.096237 0.024811
vn 0.026828 -0.086183 0.043044
vn 0.007813 -0.082867 0.055426
vn 0.091750 -0.038864 0.008453
vn 0.097047 -0.015391 0.018574
vn 0.096593 0.000000 0.025882
vn 0.089032 -0.022023 0.039854
vn 0.086603 0.000000 0.050000
vn 0.076242 -0.025449 0.059494
vn 0.070711 0.000000 0.070711
vn 0.059494 -0.025449 0.076242
vn 0.050000 0.000000 0.086603
vn 0.039854 -0.022023 0.089032
vn -0.086603 -0.050000 0.000000
vn -0.086603 -0.050000 0.000000
vn -0.086603 -0.050000 0.000000
vn -0.086603 -0.050000 0.000000
vn -0.086603 -0.050000 0.000000
vn -0.086603 -0.050000 0.000000
vn -0.086603 -0.050000 0.000000
vn -0.086603 -0.050000 0.000000
vn -0.086603 -0.050000 0.000000
vn -0.086603 -0.050000 0.000000
vn -0.086603 -0.050000 0.000000
vn -0.086603 -0.050000 0.000000
vn -0.086603 -0.050000 0.000000
vn -0.086603 -0.050000 0.000000
vn -0.086603 -0.050000 0.000000
vn -0.086603 -0.050000 0.000000
vn -0.086603 -0.050000 0.000000
vn -0.086603 -0.050000 0.000000
vn -0.086603 -0.050000 0.000000
vn -0.086603 -0.050000 0.000000
vn -0.049240 0.085287 -0.017365
vn -0.049240 0.085287 -0.017365
vn -0.049240 0.085287 -0.017365
vn -0.049240 0.085287 -0.017365
vn -0.049240 0.085287 -0.017365
vn -0.049240 0.085287 -0.017365
vn -0.049240 0.085287 -0.017365
vn 0.025882 -0.000000 0.096593
vn 0.025882 -0.000000 0.096593
vn 0.025882 -0.000000 0.096593
vn 0.050000 -0.000000 0.086603
vn 0.050000 -0.000000 0.086603
vn 0.070711 -0.000000 0.070711
vn 0.070711 -0.000000 0.070711
vn 0.086603 -0.000000 0.050000
vn 0.086603 -0.000000 0.050000
vn 0.096593 -0.000000 0.025882
vn 0.096593 -0.000000 0.025882
vn 0.100000 -0.000000 0.000000
vn 0.096593 -0.000000 0.025882
vn 0.096593 -0.000000 0.025882
vn 0.086603 -0.000000 0.050000
vn 0.086603 -0.000000 0.050000
vn 0.070711 -0.000000 0.070711
vn 0.050000 -0.000000 0.086603
vn 0.096593 -0.000000 0.025882
vn 0.050000 -0.000000 0.086603
vn 0.025882 -0.000000 0.096593
vn 0.000000 -0.000000 0.100000
vn 0.025882 -0.000000 0.096593
vn 0.050000 -0.000000 0.086603
vn 0.070711 -0.000000 0.070711
vn 0.070711 -0.000000 0.070711
vn 0.086603 -0.000000 0.050000
vn 0.096593 -0.000000 -0.025882
vn 0.099659 -0.000000 -0.008257
vn 0.099919 -0.000000 -0.004017
vn 0.086603 -0.000000 -0.050000
vn 0.070711 -0.000000 -0.070711
vn 0.050000 -0.000000 -0.086603
vn 0.025882 -0.000000 -0.096593
vn 0.000000 0.000000 -0.100000
vn 0.024549 -0.000000 -0.096940
vn 0.047595 -0.000000 -0.087947
vn 0.067729 -0.000000 -0.073572
vn 0.083717 -0.000000 -0.054694
vn 0.094582 -0.000000 -0.032469
vn 0.100000 -0.000000 -0.000000
vn 0.000000 0.000000 -0.100000
vn 0.000000 0.000000 -0.100000
vn 0.000000 0.000000 -0.100000
vn 0.000000 0.000000 -0.100000
vn 0.000000 0.000000 -0.100000
vn 0.000000 0.000000 -0.100000
vn 0.000000 0.000000 -0.100000
vn 0.000000 0.000000 -0.100000
vn 0.000000 0.000000 -0.100000
vn 0.000000 0.000000 -0.100000
vn 0.000000 0.000000 -0.100000
vn 0.000000 0.000000 -0.100000
vn 0.000000 0.000000 -0.100000
vn 0.000000 0.000000 -0.100000
vn 0.000000 0.000000 -0.100000
vn 0.000000 0.000000 -0.100000
vn 0.000000 0.000000 -0.100000
vn 0.000000 0.000000 -0.100000
vn 0.000000 0.000000 -0.100000
vn 0.000000 0.000000 -0.100000
vn 0.000000 0.000000 -0.100000
vn 0.000000 0.000000 -0.100000
vn 0.000000 0.000000 -0.100000
vn 0.000000 0.000000 -0.100000
vn 0.000000 0.000000 -0.100000
vn 0.000000 0.000000 -0.100000
vn 0.000000 0.000000 -0.100000
vn 0.000000 0.000000 -0.100000
vn 0.000000 0.000000 -0.100000
vn 0.000000 0.000000 -0.100000
vn 0.000000 0.000000 -0.100000
vn 0.000000 0.000000 -0.100000
vn 0.000000 0.000000 -0.100000
vn 0.000000 0.000000 -0.100000
vn 0.000000 0.000000 -0.100000
vn 0.000000 0.000000 -0.100000
vn 0.000000 0.000000 -0.100000
vn 0.000000 0.000000 -0.100000
vn 0.000000 0.000000 -0.100000
vn 0.000000 0.000000 -0.100000
vn 0.000000 0.000000 -0.100000
vn 0.000000 0.000000 -0.100000
vn 0.000000 0.000000 -0.100000
vn 0.000000 0.000000 -0.100000
vn 0.000000 0.000000 -0.100000
vn 0.000000 0.000000 -0.100000
vn 0.000000 0.000000 -0.100000
vn 0.000000 0.000000 -0.100000
vn 0.000000 0.000000 -0.100000
vn 0.000000 0.000000 -0.100000
vn 0.000000 0.000000 -0.100000
vn 0.000000 0.000000 -0.100000
vn 0.000000 0.000000 -0.100000
vn 0.000000 0.000000 -0.100000
vn 0.000000 0.000000 -0.100000
vn 0.000000 0.000000 -0.100000
vn 0.000000 0.000000 -0.100000
vn 0.000000 0.000000 -0.100000
vn 0.000000 0.000000 -0.100000
vn 0.000000 0.000000 -0.100000
vn 0.000000 0.000000 -0.100000
vn 0.000000 0.000000 -0.100000
vn 0.000000 0.000000 -0.100000
vn 0.000000 0.000000 -0.100000
vn 0.000000 0.000000 -0.100000
vn 0.000000 0.000000 -0.100000
vn 0.000000 0.000000 -0.100000
vn 0.000000 0.000000 -0.100000
vn 0.000000 0.000000 -0.100000
vn 0.000000 0.000000 -0.100000
vn 0.000000 0.000000 -0.100000
vn 0.000000 0.000000 -0.100000
vn 0.000000 0.000000 -0.100000
vn 0.000000 0.000000 -0.100000
vn 0.000000 0.000000 -0.100000
vn 0.000000 0.000000 -0.100000
vn 0.000000 0.000000 -0.100000
vn 0.000000 0.000000 -0.100000
vn 0.000000 0.000000 -0.100000
vn 0.000000 0.000000 -0.100000
vn 0.000000 0.000000 -0.100000
vn 0.000000 0.000000 -0.100000
vn 0.000000 0.000000 -0.100000
vn 0.000000 0.000000 -0.100000
vn 0.000000 0.000000 -0.100000
vn 0.000000 0.000000 -0.100000
vn 0.000000 0.000000 -0.100000
vn 0.000000 0.000000 -0.100000
vn 0.000000 0.000000 -0.100000
vn 0.000000 0.000000 -0.100000
vn 0.000000 0.000000 -0.100000
vn 0.000000 0.000000 -0.100000
vn 0.000000 0.000000 -0.100000
vn 0.000000 0.000000 -0.100000
vn 0.000000 0.000000 -0.100000
vn 0.000000 0.000000 -0.100000
vn 0.000000 0.000000 -0.100000
vn 0.000000 0.000000 -0.100000
vn 0.000000 0.000000 -0.100000
vn 0.000000 0.000000 -0.100000
vn 0.000000 0.000000 -0.100000
vn 0.000000 0.000000 -0.100000
vn 0.000000 0.000000 -0.100000
vn 0.000000 0.000000 -0.100000
vn 0.000000 0.000000 -0.100000
vn 0.000000 0.000000 -0.100000
vn 0.000000 0.000000 -0.100000
vn 0.000000 0.000000 -0.100000
vn 0.000000 0.000000 -0.100000
vn 0.000000 0.000000 -0.100000
vn 0.000000 0.000000 -0.100000
vn 0.000000 0.000000 -0.100000
vn 0.000000 0.000000 -0.100000
vn 0.000000 0.000000 -0.100000
vn 0.000000 0.000000 -0.100000
vn 0.000000 0.000000 -0.100000
vn 0.000000 0.000000 -0.100000
vn 0.000000 0.000000 -0.100000
vn 0.000000 0.000000 -0.100000
vn 0.000000 0.000000 -0.100000
vn 0.000000 0.000000 -0.100000
vn 0.000000 0.000000 -0.100000
vn 0.000000 0.000000 -0.100000
vn 0.000000 0.000000 -0.100000
vn 0.000000 0.000000 -0.100000
vn 0.000000 0.000000 -0.100000
vn 0.000000 0.000000 -0.100000
vn 0.000000 0.000000 -0.100000
vn 0.000000 0.000000 -0.100000
vn 0.000000 0.000000 -0.100000
vn 0.000000 0.000000 -0.100000
vn 0.000000 0.000000 -0.100000
vn 0.000000 0.000000 -0.100000
vn 0.000000 0.000000 -0.100000
vn 0.000000 0.000000 -0.100000
vn 0.000000 0.000000 0.100000
vn 0.000000 0.000000 0.100000
vn 0.000000 0.000000 0.100000
vn 0.000000 0.000000 0.100000
vn 0.000000 0.000000 0.100000
vn 0.000000 0.000000 0.100000
vn 0.000000 0.000000 0.100000
vn 0.000000 0.000000 0.100000
vn 0.000000 0.000000 0.100000
vn 0.000000 0.000000 0.100000
vn 0.000000 0.000000 0.100000
vn 0.000000 0.000000 0.100000
vn 0.000000 0.000000 0.100000
vn 0.000000 0.000000 0.100000
vn 0.000000 0.000000 0.100000
vn 0.000000 0.000000 0.100000
vn 0.000000 0.000000 0.100000
vn 0.000000 0.000000 0.100000
vn 0.000000 0.000000 0.100000
vn 0.000000 0.000000 0.100000
vn 0.000000 0.000000 0.100000
vn 0.000000 0.000000 0.100000
vn 0.000000 0.000000 0.100000
vn 0.000000 0.000000 0.100000
vn 0.000000 0.000000 0.100000
vn 0.000000 0.000000 0.100000
vn 0.000000 0.000000 0.100000
vn 0.000000 0.000000 0.100000
vn 0.000000 0.000000 0.100000
vn 0.000000 0.000000 0.100000
vn 0.000000 0.000000 0.100000
vn 0.000000 0.000000 0.100000
vn 0.000000 0.000000 0.100000
vn 0.000000 0.000000 0.100000
vn 0.000000 0.000000 0.100000
vn 0.000000 0.000000 0.100000
vn 0.000000 0.000000 0.100000
vn 0.000000 0.000000 0.100000
vn 0.000000 0.000000 0.100000
vn 0.000000 0.000000 0.100000
vn 0.000000 0.000000 0.100000
vn 0.000000 0.000000 0.100000
vn 0.000000 0.000000 0.100000
vn 0.000000 0.000000 0.100000
vn 0.000000 0.000000 0.100000
vn 0.000000 0.000000 0.100000
vn 0.000000 0.000000 0.100000
vn 0.000000 0.000000 0.100000
vn 0.000000 0.000000 0.100000
vn 0.000000 0.000000 0.100000
vn 0.000000 0.000000 0.100000
vn 0.000000 0.000000 0.100000
vn 0.000000 0.000000 0.100000
vn 0.000000 0.000000 0.100000
vn 0.000000 0.000000 0.100000
vn 0.000000 0.000000 0.100000
vn 0.000000 0.000000 0.100000
vn 0.000000 0.000000 0.100000
vn 0.000000 0.000000 0.100000
vn 0.000000 0.000000 0.100000
vn 0.000000 0.000000 0.100000
vn 0.000000 0.000000 0.100000
vn 0.000000 0.000000 0.100000
vn 0.000000 0.000000 0.100000
vn 0.000000 0.000000 0.100000
vn 0.000000 0.000000 0.100000
vn 0.000000 0.000000 0.100000
vn 0.000000 0.000000 0.100000
vn 0.000000 0.000000 0.100000
vn 0.000000 0.000000 0.100000
vn 0.000000 0.000000 0.100000
vn 0.000000 0.000000 0.100000
vn 0.000000 0.000000 0.100000
vn 0.000000 0.000000 0.100000
vn 0.000000 0.000000 0.100000
vn 0.000000 0.000000 0.100000
vn 0.000000 0.000000 0.100000
vn 0.000000 0.000000 0.100000
vn 0.000000 0.000000 0.100000
vn 0.000000 0.000000 0.100000
vn 0.000000 0.000000 0.100000
vn 0.000000 0.000000 0.100000
vn 0.000000 0.000000 0.100000
vn 0.000000 0.000000 0.100000
vn 0.000000 0.000000 0.100000
vn 0.000000 0.000000 0.100000
vn 0.000000 0.000000 0.100000
vn 0.000000 0.000000 0.100000
vn 0.000000 0.000000 0.100000
vn 0.000000 0.000000 0.100000
vn 0.000000 0.000000 0.100000
vn 0.000000 0.000000 0.100000
vn 0.000000 0.000000 0.100000
vn 0.000000 0.000000 0.100000
vn 0.000000 0.000000 0.100000
vn 0.000000 0.000000 0.100000
vn 0.000000 0.000000 0.100000
vn 0.000000 0.000000 0.100000
vn 0.000000 0.000000 0.100000
vn 0.000000 0.000000 0.100000
vn 0.000000 0.000000 0.100000
vn 0.000000 0.000000 0.100000
vn 0.000000 0.000000 0.100000
vn 0.045911 -0.079520 -0.039608
vn 0.045911 -0.079520 -0.039608
vn 0.049240 -0.085287 -0.017365
vn 0.045911 -0.079520 -0.039608
vn 0.045911 -0.079520 -0.039608
vn 0.040106 -0.069466 -0.059716
vn 0.040106 -0.069466 -0.059716
vn 0.032139 -0.055667 -0.076604
vn 0.032139 -0.055667 -0.076604
vn 0.022440 -0.038867 -0.089363
vn 0.022440 -0.038867 -0.089363
vn 0.011531 -0.019972 -0.097304
vn 0.011531 -0.019972 -0.097304
vn 0.011531 -0.019972 -0.097304
vn 0.011531 -0.019972 -0.097304
vn 0.022440 -0.038867 -0.089363
vn 0.022440 -0.038867 -0.089363
vn 0.032139 -0.055667 -0.076604
vn 0.032139 -0.055667 -0.076604
vn 0.040106 -0.069466 -0.059716
vn 0.040106 -0.069466 -0.059716
vn 0.045911 -0.079520 -0.039608
vn 0.045911 -0.079520 -0.039608
vn 0.049240 -0.085287 -0.017365
vn 0.040106 -0.069466 -0.059716
vn 0.040106 -0.069466 -0.059716
vn 0.032139 -0.055667 -0.076604
vn 0.032139 -0.055667 -0.076604
vn 0.022440 -0.038867 -0.089363
vn 0.022440 -0.038867 -0.089363
vn 0.011531 -0.019972 -0.097304
vn 0.011531 -0.019972 -0.097304
vn 0.000000 -0.000000 -0.100000
vn 0.011531 -0.019972 -0.097304
vn 0.011531 -0.019972 -0.097304
vn 0.011531 -0.019972 -0.097304
vn 0.022440 -0.038867 -0.089363
vn 0.045911 -0.079520 -0.039608
vn 0.045911 -0.079520 -0.039608
vn 0.045911 -0.079520 -0.039608
vn 0.040106 -0.069466 -0.059716
vn 0.040106 -0.069466 -0.059716
vn 0.032139 -0.055667 -0.076604
vn 0.045911 -0.079520 -0.039608
vn 0.040106 -0.069466 -0.059716
vn 0.040106 -0.069466 -0.059716
vn 0.032139 -0.055667 -0.076604
vn 0.032139 -0.055667 -0.076604
vn 0.022440 -0.038867 -0.089363
vn 0.011531 -0.019972 -0.097304
vn 0.032139 -0.055667 -0.076604
vn 0.022440 -0.038867 -0.089363
vn 0.022440 -0.038867 -0.089363
vn -0.069326 -0.068918 -0.021074
vn -0.069326 -0.068918 -0.021074
vn -0.048820 -0.084077 -0.023402
vn -0.048820 -0.084077 -0.023402
vn -0.025113 -0.093723 -0.024195
vn -0.025113 -0.093723 -0.024195
vn 0.000241 -0.097223 -0.023402
vn 0.000241 -0.097223 -0.023402
vn 0.025579 -0.094348 -0.021074
vn 0.025579 -0.094348 -0.021074
vn 0.049240 -0.085287 -0.017365
vn 0.049240 -0.085287 -0.017365
vn 0.025579 -0.094348 -0.021074
vn 0.000241 -0.097223 -0.023402
vn -0.025113 -0.093723 -0.024195
vn -0.048820 -0.084077 -0.023402
vn -0.069326 -0.068918 -0.021074
vn 0.045911 -0.079520 -0.039608
vn 0.028639 -0.086065 -0.042102
vn 0.040106 -0.069466 -0.059716
vn 0.026242 -0.074456 -0.061382
vn 0.022500 -0.059032 -0.077517
vn 0.017606 -0.040585 -0.089682
vn 0.011531 -0.019972 -0.097304
vn -0.007296 -0.045787 -0.088602
vn -0.010835 -0.024789 -0.096271
vn -0.033333 -0.025317 -0.090818
vn -0.032036 -0.046367 -0.082606
vn -0.054876 -0.042285 -0.072115
vn -0.052838 -0.060800 -0.059258
vn -0.072934 -0.052010 -0.044448
vn -0.048094 -0.076200 -0.043365
vn -0.067923 -0.067527 -0.028752
vn 0.004752 -0.091055 -0.041066
vn -0.018978 -0.091612 -0.035314
vn -0.040886 -0.087697 -0.025251
vn 0.000702 -0.079791 -0.060274
vn -0.024670 -0.080386 -0.054125
vn -0.003384 -0.064439 -0.076395
vn -0.029099 -0.065042 -0.070162
vn 0.049240 -0.085287 -0.017365
vn 0.049240 -0.085287 -0.017365
vn 0.049240 -0.085287 -0.017365
vn 0.049240 -0.085287 -0.017365
vn 0.049240 -0.085287 -0.017365
vn 0.049240 -0.085287 -0.017365
vn 0.049240 -0.085287 -0.017365
vn -0.000000 0.019509 -0.098079
vn -0.000000 0.025882 -0.096593
vn -0.000000 0.038268 -0.092388
vn -0.000000 0.050000 -0.086603
vn -0.000000 0.055557 -0.083147
vn -0.000000 0.070711 -0.070711
vn -0.000000 0.070711 -0.070711
vn -0.000000 0.083147 -0.055557
vn -0.000000 0.086603 -0.050000
vn -0.000000 0.092388 -0.038268
vn -0.000000 0.096593 -0.025882
vn -0.000000 0.098079 -0.019509
vn -0.000000 0.099518 -0.009802
vn -0.000000 0.100000 -0.000000
vn -0.000000 0.096593 -0.025882
vn -0.000000 0.099518 -0.009802
vn -0.000000 0.098079 -0.019509
vn -0.000000 0.092388 -0.038268
vn -0.000000 0.086603 -0.050000
vn -0.000000 0.083147 -0.055557
vn -0.000000 0.070711 -0.070711
vn -0.000000 0.070711 -0.070711
vn -0.000000 0.055557 -0.083147
vn -0.000000 0.050000 -0.086603
vn -0.000000 0.038268 -0.092388
vn -0.000000 0.025882 -0.096593
vn -0.000000 0.019509 -0.098079
vn -0.000000 0.100000 -0.000000
vn 0.100000 0.000000 0.000000
vn 0.100000 0.000000 0.000000
vn 0.099518 0.000000 -0.009802
vn 0.099518 0.000000 -0.009802
vn 0.096593 0.000000 -0.025882
vn 0.098079 0.000000 -0.019509
vn 0.092388 0.000000 -0.038268
vn 0.086603 0.000000 -0.050000
vn 0.083147 0.000000 -0.055557
vn 0.070711 0.000000 -0.070711
vn 0.070711 0.000000 -0.070711
vn 0.055557 0.000000 -0.083147
vn 0.050000 0.000000 -0.086603
vn 0.038268 0.000000 -0.092388
vn 0.025882 0.000000 -0.096593
vn 0.019509 0.000000 -0.098079
vn 0.019509 0.000000 -0.098079
vn 0.038268 0.000000 -0.092388
vn 0.055557 0.000000 -0.083147
vn 0.070711 0.000000 -0.070711
vn 0.083147 0.000000 -0.055557
vn 0.092388 0.000000 -0.038268
vn 0.098079 0.000000 -0.019509
vn -0.019509 0.000000 -0.098079
vn -0.025882 0.000000 -0.096593
vn -0.038268 0.000000 -0.092388
vn -0.050000 0.000000 -0.086603
vn -0.055557 0.000000 -0.083147
vn -0.070711 0.000000 -0.070711
vn -0.070711 0.000000 -0.070711
vn -0.083147 0.000000 -0.055557
vn -0.086603 0.000000 -0.050000
vn -0.092388 0.000000 -0.038268
vn -0.096593 0.000000 -0.025882
vn -0.098079 0.000000 -0.019509
vn -0.099518 0.000000 -0.009802
vn -0.099518 0.000000 -0.009802
vn -0.100000 0.000000 0.000000
vn -0.100000 0.000000 0.000000
vn -0.019509 0.000000 -0.098079
vn -0.038268 0.000000 -0.092388
vn -0.055557 0.000000 -0.083147
vn -0.070711 0.000000 -0.070711
vn -0.083147 0.000000 -0.055557
vn -0.092388 0.000000 -0.038268
vn -0.098079 0.000000 -0.019509
vn 0.000000 -0.019509 -0.098079
vn 0.000000 -0.025882 -0.096593
vn 0.000000 -0.038268 -0.092388
vn 0.000000 -0.050000 -0.086603
vn 0.000000 -0.055557 -0.083147
vn 0.000000 -0.070711 -0.070711
vn 0.000000 -0.070711 -0.070711
vn 0.000000 -0.083147 -0.055557
vn 0.000000 -0.086603 -0.050000
vn 0.000000 -0.092388 -0.038268
vn 0.000000 -0.096593 -0.025882
vn 0.000000 -0.098079 -0.019509
vn 0.000000 -0.099518 -0.009802
vn 0.000000 -0.100000 -0.000000
vn 0.000000 -0.096593 -0.025882
vn 0.000000 -0.099518 -0.009802
vn 0.000000 -0.098079 -0.019509
vn 0.000000 -0.092388 -0.038268
vn 0.000000 -0.086603 -0.050000
vn 0.000000 -0.083147 -0.055557
vn 0.000000 -0.070711 -0.070711
vn 0.000000 -0.070711 -0.070711
vn 0.000000 -0.055557 -0.083147
vn 0.000000 -0.050000 -0.086603
vn 0.000000 -0.038268 -0.092388
vn 0.000000 -0.025882 -0.096593
vn 0.000000 -0.019509 -0.098079
vn 0.000000 -0.100000 -0.000000
vn -0.100000 0.000000 -0.000000
vn -0.100000 0.000000 -0.000000
vn -0.000000 0.100000 -0.000000
vn -0.000000 0.100000 -0.000000
vn 0.000000 0.019509 0.098079
vn 0.000000 0.025882 0.096593
vn 0.000000 0.038268 0.092388
vn 0.000000 0.050000 0.086603
vn 0.000000 0.055557 0.083147
vn 0.000000 0.070711 0.070711
vn 0.000000 0.070711 0.070711
vn 0.000000 0.083147 0.055557
vn 0.000000 0.086603 0.050000
vn 0.000000 0.092388 0.038268
vn 0.000000 0.096593 0.025882
vn 0.000000 0.098079 0.019509
vn 0.000000 0.099518 0.009802
vn 0.000000 0.096593 0.025882
vn 0.000000 0.099518 0.009802
vn 0.000000 0.098079 0.019509
vn 0.000000 0.092388 0.038268
vn 0.000000 0.086603 0.050000
vn 0.000000 0.083147 0.055557
vn 0.000000 0.070711 0.070711
vn 0.000000 0.070711 0.070711
vn 0.000000 0.055557 0.083147
vn 0.000000 0.050000 0.086603
vn 0.000000 0.038268 0.092388
vn 0.000000 0.025882 0.096593
vn 0.000000 0.019509 0.098079
vn -0.019509 0.000000 0.098079
vn -0.025882 0.000000 0.096593
vn -0.038268 0.000000 0.092388
vn -0.050000 0.000000 0.086603
vn -0.055557 0.000000 0.083147
vn -0.070711 0.000000 0.070711
vn -0.070711 0.000000 0.070711
vn -0.083147 0.000000 0.055557
vn -0.086603 0.000000 0.050000
vn -0.092388 0.000000 0.038268
vn -0.096593 0.000000 0.025882
vn -0.098079 0.000000 0.019509
vn -0.099518 0.000000 0.009802
vn -0.099518 0.000000 0.009802
vn -0.019509 0.000000 0.098079
vn -0.038268 0.000000 0.092388
vn -0.055557 0.000000 0.083147
vn -0.070711 0.000000 0.070711
vn -0.083147 0.000000 0.055557
vn -0.092388 0.000000 0.038268
vn -0.098079 0.000000 0.019509
vn 0.000000 -0.019509 0.098079
vn 0.000000 -0.025882 0.096593
vn 0.000000 -0.038268 0.092388
vn 0.000000 -0.050000 0.086603
vn 0.000000 -0.055557 0.083147
vn 0.000000 -0.070711 0.070711
vn 0.000000 -0.070711 0.070711
vn 0.000000 -0.083147 0.055557
vn 0.000000 -0.086603 0.050000
vn 0.000000 -0.092388 0.038268
vn 0.000000 -0.096593 0.025882
vn 0.000000 -0.098079 0.019509
vn 0.000000 -0.099518 0.009802
vn 0.000000 -0.100000 0.000000
vn 0.000000 -0.096593 0.025882
vn 0.000000 -0.099518 0.009802
vn 0.000000 -0.098079 0.019509
vn 0.000000 -0.092388 0.038268
vn 0.000000 -0.086603 0.050000
vn 0.000000 -0.083147 0.055557
vn 0.000000 -0.070711 0.070711
vn 0.000000 -0.070711 0.070711
vn 0.000000 -0.055557 0.083147
vn 0.000000 -0.050000 0.086603
vn 0.000000 -0.038268 0.092388
vn 0.000000 -0.025882 0.096593
vn 0.000000 -0.019509 0.098079
vn 0.000000 -0.100000 0.000000
vn 0.100000 0.000000 0.000000
vn 0.100000 0.000000 0.000000
vn 0.099518 -0.000000 0.009802
vn 0.099518 -0.000000 0.009802
vn 0.096593 -0.000000 0.025882
vn 0.098079 -0.000000 0.019509
vn 0.092388 -0.000000 0.038268
vn 0.086603 -0.000000 0.050000
vn 0.083147 -0.000000 0.055557
vn 0.070711 -0.000000 0.070711
vn 0.070711 -0.000000 0.070711
vn 0.055557 -0.000000 0.083147
vn 0.050000 -0.000000 0.086603
vn 0.038268 -0.000000 0.092388
vn 0.025882 -0.000000 0.096593
vn 0.019509 -0.000000 0.098079
vn 0.019509 -0.000000 0.098079
vn 0.038268 -0.000000 0.092388
vn 0.055557 -0.000000 0.083147
vn 0.070711 -0.000000 0.070711
vn 0.083147 -0.000000 0.055557
vn 0.092388 -0.000000 0.038268
vn 0.098079 -0.000000 0.019509
vn -0.096593 -0.025882 0.000000
vn -0.096593 -0.025882 0.000000
vn -0.100000 0.000000 0.000000
vn -0.100000 0.000000 0.000000
vn -0.096593 0.025882 0.000000
vn -0.096593 0.025882 0.000000
vn -0.086603 0.050000 0.000000
vn -0.086603 0.050000 0.000000
vn -0.070711 0.070711 0.000000
vn -0.070711 0.070711 0.000000
vn -0.050000 0.086603 0.000000
vn -0.050000 0.086603 0.000000
vn -0.025882 0.096593 0.000000
vn -0.025882 0.096593 0.000000
vn -0.000000 0.100000 0.000000
vn -0.000000 0.100000 0.000000
vn 0.025882 0.096593 0.000000
vn 0.025882 0.096593 0.000000
vn 0.050000 0.086603 0.000000
vn 0.050000 0.086603 0.000000
vn 0.070711 0.070711 0.000000
vn 0.070711 0.070711 0.000000
vn 0.086603 0.050000 0.000000
vn 0.086603 0.050000 0.000000
vn 0.096593 0.025882 0.000000
vn 0.096593 0.025882 0.000000
vn 0.100000 0.000000 0.000000
vn 0.100000 0.000000 0.000000
vn 0.096593 -0.025882 0.000000
vn 0.096593 -0.025882 0.000000
vn 0.086603 -0.050000 0.000000
vn 0.086603 -0.050000 0.000000
vn 0.070711 -0.070711 0.000000
vn 0.070711 -0.070711 0.000000
vn 0.050000 -0.086603 0.000000
vn 0.050000 -0.086603 0.000000
vn 0.025882 -0.096593 0.000000
vn 0.025882 -0.096593 0.000000
vn -0.000000 -0.100000 0.000000
vn -0.000000 -0.100000 0.000000
vn -0.025882 -0.096593 0.000000
vn -0.025882 -0.096593 0.000000
vn -0.050000 -0.086603 0.000000
vn -0.050000 -0.086603 0.000000
vn -0.070711 -0.070711 0.000000
vn -0.070711 -0.070711 0.000000
vn -0.086603 -0.050000 0.000000
vn -0.086603 -0.050000 0.000000
vn -0.096593 -0.025882 0.000000
vn -0.096593 -0.025882 0.000000
vn -0.100000 0.000000 0.000000
vn -0.100000 0.000000 0.000000
vn -0.096593 0.025882 0.000000
vn -0.096593 0.025882 0.000000
vn -0.086603 0.050000 0.000000
vn -0.086603 0.050000 0.000000
vn -0.070711 0.070711 0.000000
vn -0.070711 0.070711 0.000000
vn -0.050000 0.086603 0.000000
vn -0.050000 0.086603 0.000000
vn -0.025882 0.096593 0.000000
vn -0.025882 0.096593 0.000000
vn -0.000000 0.100000 0.000000
vn -0.000000 0.100000 0.000000
vn 0.025882 0.096593 0.000000
vn 0.025882 0.096593 0.000000
vn 0.050000 0.086603 0.000000
vn 0.050000 0.086603 0.000000
vn 0.070711 0.070711 0.000000
vn 0.070711 0.070711 0.000000
vn 0.086603 0.050000 0.000000
vn 0.086603 0.050000 0.000000
vn 0.096593 0.025882 0.000000
vn 0.096593 0.025882 0.000000
vn 0.100000 0.000000 0.000000
vn 0.100000 0.000000 0.000000
vn 0.096593 -0.025882 0.000000
vn 0.096593 -0.025882 0.000000
vn 0.086603 -0.050000 0.000000
vn 0.086603 -0.050000 0.000000
vn 0.070711 -0.070711 0.000000
vn 0.070711 -0.070711 0.000000
vn 0.050000 -0.086603 0.000000
vn 0.050000 -0.086603 0.000000
vn 0.025882 -0.096593 0.000000
vn 0.025882 -0.096593 0.000000
vn -0.000000 -0.100000 0.000000
vn -0.000000 -0.100000 0.000000
vn -0.025882 -0.096593 0.000000
vn -0.025882 -0.096593 0.000000
vn -0.050000 -0.086603 0.000000
vn -0.050000 -0.086603 0.000000
vn -0.070711 -0.070711 0.000000
vn -0.070711 -0.070711 0.000000
vn -0.086603 -0.050000 0.000000
vn -0.086603 -0.050000 0.000000
vn -0.083652 -0.048296 -0.025882
vn -0.093332 -0.032438 -0.015391
vn -0.096593 -0.025882 0.000000
vn -0.097031 -0.010002 -0.022023
vn -0.100000 0.000000 0.000000
vn -0.095775 0.013402 -0.025449
vn -0.096593 0.025882 0.000000
vn -0.089644 0.036281 -0.025449
vn -0.086603 0.050000 0.000000
vn -0.079030 0.057177 -0.022023
vn -0.070711 0.070711 0.000000
vn -0.064609 0.074758 -0.015391
vn -0.050000 0.086603 0.000000
vn -0.048296 0.083652 -0.025882
vn -0.053196 0.075232 -0.038864
vn -0.043301 0.075000 -0.050000
vn -0.068503 0.056570 -0.045904
vn -0.053308 0.052107 -0.066657
vn -0.079770 0.034389 -0.049540
vn -0.064459 0.030153 -0.070255
vn -0.086277 0.010103 -0.049540
vn -0.070900 0.006116 -0.070255
vn -0.087610 -0.014739 -0.045904
vn -0.072219 -0.018472 -0.066657
vn -0.075000 -0.043301 -0.050000
vn -0.061237 -0.035355 -0.070711
vn -0.051907 -0.020947 -0.082867
vn -0.043301 -0.025000 -0.086603
vn -0.050691 0.001712 -0.086183
vn -0.027027 -0.002809 -0.096237
vn -0.022002 0.015946 -0.096237
vn -0.012941 0.022414 -0.096593
vn -0.025000 0.043301 -0.086603
vn -0.044756 0.023863 -0.086183
vn -0.034479 0.044094 -0.082867
vn -0.035355 0.061237 -0.070711
vn -0.022414 -0.012941 -0.096593
vn -0.083685 -0.038555 -0.038864
vn -0.096593 -0.025882 0.000000
vn -0.100000 -0.000000 0.000000
vn -0.096593 0.025882 0.000000
vn -0.086603 0.050000 0.000000
vn -0.070711 0.070711 0.000000
vn -0.050000 0.086603 0.000000
vn -0.048296 0.083652 0.025882
vn -0.064609 0.074758 0.015391
vn -0.079030 0.057177 0.022023
vn -0.089644 0.036281 0.025449
vn -0.095775 0.013402 0.025449
vn -0.097031 -0.010002 0.022023
vn -0.093332 -0.032438 0.015391
vn -0.083652 -0.048296 0.025882
vn -0.083685 -0.038555 0.038864
vn -0.075000 -0.043301 0.050000
vn -0.087610 -0.014739 0.045904
vn -0.072219 -0.018472 0.066657
vn -0.086277 0.010103 0.049540
vn -0.070900 0.006116 0.070255
vn -0.079770 0.034389 0.049540
vn -0.064459 0.030153 0.070255
vn -0.068503 0.056570 0.045904
vn -0.053308 0.052107 0.066657
vn -0.043301 0.075000 0.050000
vn -0.035355 0.061237 0.070711
vn -0.034479 0.044094 0.082867
vn -0.025000 0.043301 0.086603
vn -0.044756 0.023863 0.086183
vn -0.022002 0.015946 0.096237
vn -0.027027 -0.002809 0.096237
vn -0.022414 -0.012941 0.096593
vn -0.043301 -0.025000 0.086603
vn -0.050691 0.001712 0.086183
vn -0.051907 -0.020947 0.082867
vn -0.061237 -0.035355 0.070711
vn -0.012941 0.022414 0.096593
vn -0.053196 0.075232 0.038864
vn -0.083652 -0.048296 -0.025882
vn -0.075000 -0.043301 -0.050000
vn -0.061237 -0.035355 -0.070711
vn -0.043301 -0.025000 -0.086603
vn -0.022414 -0.012941 -0.096593
vn -0.012941 0.022414 -0.096593
vn -0.025000 0.043301 -0.086603
vn -0.035355 0.061237 -0.070711
vn -0.043301 0.075000 -0.050000
vn -0.048296 0.083652 -0.025882
vn -0.050000 0.086603 -0.000000
vn -0.048296 0.083652 -0.025882
vn -0.043301 0.075000 -0.050000
vn -0.035355 0.061237 -0.070711
vn -0.025000 0.043301 -0.086603
vn -0.012941 0.022414 -0.096593
vn -0.012941 0.022414 -0.096593
vn -0.025000 0.043301 -0.086603
vn -0.035355 0.061237 -0.070711
vn -0.043301 0.075000 -0.050000
vn -0.048296 0.083652 -0.025882
vn 0.100000 0.000000 0.000000
vn 0.096593 0.025882 0.000000
vn 0.096593 0.025882 0.000000
vn 0.086603 0.050000 0.000000
vn 0.086603 0.050000 0.000000
vn 0.070711 0.070711 0.000000
vn 0.070711 0.070711 0.000000
vn 0.050000 0.086603 0.000000
vn 0.050000 0.086603 0.000000
vn 0.025882 0.096593 0.000000
vn 0.025882 0.096593 0.000000
vn 0.000000 0.100000 0.000000
vn 0.000000 0.100000 0.000000
vn 0.097047 0.018574 0.015391
vn 0.089032 0.039854 0.022023
vn 0.076242 0.059494 0.025449
vn 0.059494 0.076242 0.025449
vn 0.039854 0.089032 0.022023
vn 0.018574 0.097047 0.015391
vn 0.000000 0.096593 0.025882
vn 0.008453 0.091750 0.038864
vn 0.000000 0.086603 0.050000
vn 0.031041 0.083242 0.045904
vn 0.020112 0.071780 0.066657
vn 0.051888 0.069666 0.049540
vn 0.040746 0.058343 0.070255
vn 0.069666 0.051888 0.049540
vn 0.058343 0.040746 0.070255
vn 0.083242 0.031041 0.045904
vn 0.071780 0.020112 0.066657
vn 0.055426 0.007813 0.082867
vn 0.043044 0.026828 0.086183
vn 0.024811 0.011081 0.096237
vn 0.011081 0.024811 0.096237
vn 0.000000 0.025882 0.096593
vn 0.000000 0.050000 0.086603
vn 0.026828 0.043044 0.086183
vn 0.007813 0.055426 0.082867
vn 0.000000 0.070711 0.070711
vn 0.091750 0.008453 0.038864
vn 0.099919 -0.000000 -0.004017
vn 0.099659 -0.000000 -0.008257
vn 0.096593 -0.000000 -0.025882
vn 0.094582 -0.000000 -0.032469
vn 0.086603 -0.000000 -0.050000
vn 0.083717 -0.000000 -0.054694
vn 0.070711 -0.000000 -0.070711
vn 0.067729 -0.000000 -0.073572
vn 0.050000 -0.000000 -0.086603
vn 0.047595 -0.000000 -0.087947
vn 0.025882 -0.000000 -0.096593
vn 0.024549 -0.000000 -0.096940
vn 0.025882 -0.000000 -0.096593
vn 0.050000 -0.000000 -0.086603
vn 0.070711 -0.000000 -0.070711
vn 0.086603 -0.000000 -0.050000
vn 0.096593 -0.000000 -0.025882
vn 0.100000 -0.000000 -0.000000
vn 0.097047 0.015391 -0.018574
vn 0.089032 0.022023 -0.039854
vn 0.076242 0.025449 -0.059494
vn 0.059494 0.025449 -0.076242
vn 0.039854 0.022023 -0.089032
vn 0.018574 0.015391 -0.097047
vn 0.000000 0.025882 -0.096593
vn 0.008453 0.038864 -0.091750
vn 0.000000 0.050000 -0.086603
vn 0.031041 0.045904 -0.083242
vn 0.020112 0.066657 -0.071780
vn 0.051888 0.049540 -0.069666
vn 0.040746 0.070255 -0.058343
vn 0.069666 0.049540 -0.051888
vn 0.058343 0.070255 -0.040746
vn 0.083242 0.045904 -0.031041
vn 0.071780 0.066657 -0.020112
vn 0.055426 0.082867 -0.007813
vn 0.043044 0.086183 -0.026828
vn 0.024811 0.096237 -0.011081
vn 0.011081 0.096237 -0.024811
vn 0.000000 0.096593 -0.025882
vn 0.000000 0.086603 -0.050000
vn 0.026828 0.086183 -0.043044
vn 0.007813 0.082867 -0.055426
vn 0.000000 0.070711 -0.070711
vn 0.091750 0.038864 -0.008453
vn 0.000000 0.025882 0.096593
vn 0.000000 0.025882 0.096593
vn 0.000000 0.025882 0.096593
vn 0.000000 0.050000 0.086603
vn 0.000000 0.050000 0.086603
vn 0.000000 0.070711 0.070711
vn 0.000000 0.070711 0.070711
vn 0.000000 0.086603 0.050000
vn 0.000000 0.086603 0.050000
vn 0.000000 0.096593 0.025882
vn 0.000000 0.096593 0.025882
vn 0.000000 0.100000 0.000000
vn 0.000000 0.096593 0.025882
vn 0.000000 0.096593 0.025882
vn 0.000000 0.086603 0.050000
vn 0.000000 0.086603 0.050000
vn 0.000000 0.070711 0.070711
vn 0.000000 0.070711 0.070711
vn 0.000000 0.050000 0.086603
vn 0.000000 0.050000 0.086603
vn 0.000000 0.025882 0.096593
vn 0.000000 0.025882 0.096593
vn 0.000000 0.025882 0.096593
vn 0.000000 0.050000 0.086603
vn 0.000000 0.070711 0.070711
vn 0.000000 0.086603 0.050000
vn 0.000000 0.096593 0.025882
vn 0.000000 0.050000 0.086603
vn 0.000000 0.070711 0.070711
vn 0.000000 0.086603 0.050000
vn 0.000000 0.096593 0.025882
vn 0.000000 0.096593 0.025882
vn 0.000000 0.096593 0.025882
vn 0.000000 0.096593 0.025882
vn 0.000000 0.086603 0.050000
vn 0.000000 0.086603 0.050000
vn 0.000000 0.070711 0.070711
vn 0.000000 0.025882 0.096593
vn 0.000000 0.025882 0.096593
vn 0.000000 0.025882 0.096593
vn 0.000000 0.050000 0.086603
vn 0.000000 0.050000 0.086603
vn 0.000000 0.025882 0.096593
vn 0.000000 0.050000 0.086603
vn 0.000000 0.050000 0.086603
vn 0.000000 0.070711 0.070711
vn 0.000000 0.070711 0.070711
vn 0.000000 0.086603 0.050000
vn 0.000000 0.070711 0.070711
vn 0.000000 0.086603 0.050000
vn 0.000000 0.096593 0.025882
vn 0.000000 0.100000 0.000000
vn -0.000000 0.096593 -0.025882
vn -0.000000 0.096593 -0.025882
vn -0.000000 0.096593 -0.025882
vn -0.000000 0.086603 -0.050000
vn -0.000000 0.086603 -0.050000
vn -0.000000 0.070711 -0.070711
vn -0.000000 0.070711 -0.070711
vn -0.000000 0.050000 -0.086603
vn -0.000000 0.050000 -0.086603
vn -0.000000 0.025882 -0.096593
vn -0.000000 0.025882 -0.096593
vn -0.000000 0.025882 -0.096593
vn -0.000000 0.025882 -0.096593
vn -0.000000 0.050000 -0.086603
vn -0.000000 0.050000 -0.086603
vn -0.000000 0.070711 -0.070711
vn -0.000000 0.070711 -0.070711
vn -0.000000 0.086603 -0.050000
vn -0.000000 0.086603 -0.050000
vn -0.000000 0.096593 -0.025882
vn -0.000000 0.096593 -0.025882
vn -0.000000 0.096593 -0.025882
vn -0.000000 0.086603 -0.050000
vn -0.000000 0.070711 -0.070711
vn -0.000000 0.050000 -0.086603
vn -0.000000 0.025882 -0.096593
vn -0.000000 0.086603 -0.050000
vn -0.000000 0.070711 -0.070711
vn -0.000000 0.050000 -0.086603
vn -0.000000 0.025882 -0.096593
vn -0.000000 0.025882 -0.096593
vn -0.000000 0.025882 -0.096593
vn -0.000000 0.025882 -0.096593
vn -0.000000 0.050000 -0.086603
vn -0.000000 0.050000 -0.086603
vn -0.000000 0.070711 -0.070711
vn -0.000000 0.096593 -0.025882
vn -0.000000 0.096593 -0.025882
vn -0.000000 0.096593 -0.025882
vn -0.000000 0.086603 -0.050000
vn -0.000000 0.086603 -0.050000
vn -0.000000 0.096593 -0.025882
vn -0.000000 0.086603 -0.050000
vn -0.000000 0.086603 -0.050000
vn -0.000000 0.070711 -0.070711
vn -0.000000 0.070711 -0.070711
vn -0.000000 0.050000 -0.086603
vn -0.000000 0.070711 -0.070711
vn -0.000000 0.050000 -0.086603
vn -0.000000 0.025882 -0.096593
vn 0.100000 -0.000000 0.000000
vn 0.100000 -0.000000 0.000000
vn 0.100000 -0.000000 0.000000
vn 0.100000 -0.000000 0.000000
vn 0.100000 -0.000000 0.000000
vn 0.100000 -0.000000 0.000000
vn 0.100000 -0.000000 0.000000
vn 0.100000 -0.000000 0.000000
vn -0.070711 -0.070711 0.000000
vn -0.070872 -0.070440 0.003929
vn -0.072358 -0.065151 0.022795
vn -0.083652 -0.048296 0.025882
vn -0.072884 -0.055599 0.039958
vn -0.075000 -0.043301 0.050000
vn -0.052175 -0.053789 0.066215
vn -0.061237 -0.035355 0.070711
vn -0.050539 -0.035214 0.078777
vn -0.043301 -0.025000 0.086603
vn -0.026653 -0.041939 0.086780
vn -0.023853 -0.019816 0.095070
vn -0.000956 -0.045813 0.088883
vn 0.001808 -0.023979 0.097066
vn 0.012941 -0.022414 0.096593
vn -0.050000 -0.086603 0.000000
vn -0.050405 -0.085956 0.008415
vn -0.052106 -0.079905 0.030003
vn -0.052708 -0.068975 0.049643
vn -0.028948 -0.077662 0.055952
vn -0.028385 -0.061594 0.073488
vn -0.003221 -0.081069 0.058459
vn -0.002665 -0.065211 0.075765
vn 0.022725 -0.078966 0.056991
vn 0.023236 -0.064396 0.072892
vn 0.035355 -0.061237 0.070711
vn 0.024806 -0.046573 0.084945
vn 0.025000 -0.043301 0.086603
vn -0.026512 -0.095630 0.012330
vn -0.025882 -0.096593 0.000000
vn -0.000817 -0.098803 0.015406
vn -0.000000 -0.100000 0.000000
vn 0.024934 -0.095259 0.017435
vn 0.025882 -0.096593 0.000000
vn 0.050000 -0.086603 0.000000
vn 0.048296 -0.083652 0.025882
vn 0.023302 -0.089453 0.038148
vn -0.002593 -0.092483 0.037950
vn 0.043301 -0.075000 0.050000
vn -0.022414 -0.012941 0.096593
vn -0.028312 -0.089227 0.035172
vn -0.070711 -0.070711 0.000000
vn -0.050000 -0.086603 0.000000
vn -0.025882 -0.096593 0.000000
vn -0.000000 -0.100000 0.000000
vn 0.025882 -0.096593 0.000000
vn 0.050000 -0.086603 0.000000
vn 0.048296 -0.083652 -0.025882
vn 0.024934 -0.095259 -0.017435
vn -0.000817 -0.098803 -0.015406
vn -0.026512 -0.095630 -0.012330
vn -0.050405 -0.085956 -0.008415
vn -0.070872 -0.070440 -0.003929
vn -0.072358 -0.065151 -0.022795
vn -0.083652 -0.048296 -0.025882
vn -0.072884 -0.055599 -0.039958
vn -0.075000 -0.043301 -0.050000
vn -0.052175 -0.053789 -0.066215
vn -0.061237 -0.035355 -0.070711
vn -0.050539 -0.035214 -0.078777
vn -0.043301 -0.025000 -0.086603
vn -0.026653 -0.041939 -0.086780
vn -0.023853 -0.019816 -0.095070
vn 0.001808 -0.023979 -0.097066
vn -0.022414 -0.012941 -0.096593
vn 0.012941 -0.022414 -0.096593
vn -0.000956 -0.045813 -0.088883
vn -0.028385 -0.061594 -0.073488
vn -0.052708 -0.068975 -0.049643
vn 0.025000 -0.043301 -0.086603
vn 0.024806 -0.046573 -0.084945
vn -0.002665 -0.065211 -0.075765
vn 0.023236 -0.064396 -0.072892
vn -0.003221 -0.081069 -0.058459
vn 0.022725 -0.078966 -0.056991
vn -0.002593 -0.092483 -0.037950
vn 0.023302 -0.089453 -0.038148
vn 0.035355 -0.061237 -0.070711
vn 0.043301 -0.075000 -0.050000
vn -0.052106 -0.079905 -0.030003
vn -0.028312 -0.089227 -0.035172
vn -0.028948 -0.077662 -0.055952
vn -0.022414 -0.012941 0.096593
vn -0.022414 -0.012941 0.096593
vn -0.022414 -0.012941 0.096593
vn -0.043301 -0.025000 0.086603
vn -0.043301 -0.025000 0.086603
vn -0.061237 -0.035355 0.070711
vn -0.075000 -0.043301 0.050000
vn -0.083652 -0.048296 0.025882
vn -0.083652 -0.048296 0.025882
vn -0.083652 -0.048296 0.025882
vn -0.075000 -0.043301 0.050000
vn -0.075000 -0.043301 0.050000
vn -0.061237 -0.035355 0.070711
vn -0.043301 -0.025000 0.086603
vn -0.083652 -0.048296 0.025882
vn -0.022414 -0.012941 0.096593
vn -0.043301 -0.025000 0.086603
vn -0.061237 -0.035355 0.070711
vn -0.061237 -0.035355 0.070711
vn -0.075000 -0.043301 0.050000
vn 0.012941 -0.022414 0.096593
vn 0.025000 -0.043301 0.086603
vn 0.035355 -0.061237 0.070711
vn 0.043301 -0.075000 0.050000
vn 0.048296 -0.083652 0.025882
vn 0.050000 -0.086603 0.000000
vn -0.048296 0.083652 0.025882
vn -0.048296 0.083652 0.025882
vn -0.050000 0.086603 0.000000
vn -0.048296 0.083652 0.025882
vn -0.043301 0.075000 0.050000
vn -0.043301 0.075000 0.050000
vn -0.035355 0.061237 0.070711
vn -0.035355 0.061237 0.070711
vn -0.025000 0.043301 0.086603
vn -0.025000 0.043301 0.086603
vn -0.012941 0.022414 0.096593
vn -0.012941 0.022414 0.096593
vn -0.012941 0.022414 0.096593
vn -0.025000 0.043301 0.086603
vn -0.035355 0.061237 0.070711
vn -0.043301 0.075000 0.050000
vn 0.050000 -0.086603 0.000000
vn 0.048296 -0.083652 -0.025882
vn 0.043301 -0.075000 -0.050000
vn 0.035355 -0.061237 -0.070711
vn 0.025000 -0.043301 -0.086603
vn 0.012941 -0.022414 -0.096593
vn -0.022414 -0.012941 -0.096593
vn -0.043301 -0.025000 -0.086603
vn -0.061237 -0.035355 -0.070711
vn -0.075000 -0.043301 -0.050000
vn -0.083652 -0.048296 -0.025882
vn 0.000000 0.099619 -0.008716
vn 0.000000 0.099619 -0.008716
vn 0.000000 0.099619 -0.008716
vn 0.000000 0.099619 -0.008716
vn 0.000000 0.099619 -0.008716
vn 0.000000 0.099619 -0.008716
vn 0.000000 0.099619 -0.008716
vn 0.000000 0.099619 -0.008716
vn 0.000000 0.099619 -0.008716
vn 0.000000 0.099619 -0.008716
vn 0.000000 0.099619 -0.008716
vn 0.000000 0.099619 -0.008716
vn 0.000000 0.099619 -0.008716
vn 0.000000 0.099619 -0.008716
vn -0.096593 -0.025882 0.000000
vn -0.096593 -0.025882 0.000000
vn -0.100000 0.000000 0.000000
vn -0.100000 0.000000 0.000000
vn -0.096593 0.025882 0.000000
vn -0.096593 0.025882 0.000000
vn -0.086603 0.050000 0.000000
vn -0.086603 0.050000 0.000000
vn -0.070711 0.070711 0.000000
vn -0.070711 0.070711 0.000000
vn -0.050000 0.086603 0.000000
vn -0.050000 0.086603 0.000000
vn -0.025882 0.096593 0.000000
vn -0.025882 0.096593 0.000000
vn -0.000000 0.100000 0.000000
vn -0.000000 0.100000 0.000000
vn 0.025882 0.096593 0.000000
vn 0.025882 0.096593 0.000000
vn 0.050000 0.086603 0.000000
vn 0.050000 0.086603 0.000000
vn 0.070711 0.070711 0.000000
vn 0.070711 0.070711 0.000000
vn 0.086603 0.050000 0.000000
vn 0.086603 0.050000 0.000000
vn 0.096593 0.025882 0.000000
vn 0.096593 0.025882 0.000000
vn 0.100000 0.000000 0.000000
vn 0.100000 0.000000 0.000000
vn 0.096593 -0.025882 0.000000
vn 0.096593 -0.025882 0.000000
vn 0.086603 -0.050000 0.000000
vn 0.086603 -0.050000 0.000000
vn 0.070711 -0.070711 0.000000
vn 0.070711 -0.070711 0.000000
vn 0.050000 -0.086603 0.000000
vn 0.050000 -0.086603 0.000000
vn 0.025882 -0.096593 0.000000
vn 0.025882 -0.096593 0.000000
vn -0.000000 -0.100000 0.000000
vn -0.000000 -0.100000 0.000000
vn -0.025882 -0.096593 0.000000
vn -0.025882 -0.096593 0.000000
vn -0.050000 -0.086603 0.000000
vn -0.050000 -0.086603 0.000000
vn -0.070711 -0.070711 0.000000
vn -0.070711 -0.070711 0.000000
vn -0.086603 -0.050000 0.000000
vn -0.086603 -0.050000 0.000000
vn -0.096593 -0.025882 0.000000
vn -0.096593 -0.025882 0.000000
vn -0.100000 0.000000 0.000000
vn -0.100000 0.000000 0.000000
vn -0.096593 0.025882 0.000000
vn -0.096593 0.025882 0.000000
vn -0.086603 0.050000 0.000000
vn -0.086603 0.050000 0.000000
vn -0.070711 0.070711 0.000000
vn -0.070711 0.070711 0.000000
vn -0.050000 0.086603 0.000000
vn -0.050000 0.086603 0.000000
vn -0.025882 0.096593 0.000000
vn -0.025882 0.096593 0.000000
vn -0.000000 0.100000 0.000000
vn -0.000000 0.100000 0.000000
vn 0.025882 0.096593 0.000000
vn 0.025882 0.096593 0.000000
vn 0.050000 0.086603 0.000000
vn 0.050000 0.086603 0.000000
vn 0.070711 0.070711 0.000000
vn 0.070711 0.070711 0.000000
vn 0.086603 0.050000 0.000000
vn 0.086603 0.050000 0.000000
vn 0.096593 0.025882 0.000000
vn 0.096593 0.025882 0.000000
vn 0.100000 0.000000 0.000000
vn 0.100000 0.000000 0.000000
vn 0.096593 -0.025882 0.000000
vn 0.096593 -0.025882 0.000000
vn 0.086603 -0.050000 0.000000
vn 0.086603 -0.050000 0.000000
vn 0.070711 -0.070711 0.000000
vn 0.070711 -0.070711 0.000000
vn 0.050000 -0.086603 0.000000
vn 0.050000 -0.086603 0.000000
vn 0.025882 -0.096593 0.000000
vn 0.025882 -0.096593 0.000000
vn -0.000000 -0.100000 0.000000
vn -0.000000 -0.100000 0.000000
vn -0.025882 -0.096593 0.000000
vn -0.025882 -0.096593 0.000000
vn -0.050000 -0.086603 0.000000
vn -0.050000 -0.086603 0.000000
vn -0.070711 -0.070711 0.000000
vn -0.070711 -0.070711 0.000000
vn -0.086603 -0.050000 0.000000
vn -0.086603 -0.050000 0.000000
vn 0.092395 -0.000000 -0.038252
vn 0.092395 -0.000000 -0.038252
vn 0.092395 -0.000000 -0.038252
vn 0.092395 -0.000000 -0.038252
vn -0.000000 0.099619 -0.008716
vn -0.000000 0.099619 -0.008716
vn 0.023430 0.095525 -0.018058
vn 0.023430 0.095525 -0.018057
vn 0.045330 0.085192 -0.026220
vn 0.045330 0.085192 -0.026220
vn 0.064271 0.069296 -0.032671
vn 0.064270 0.069296 -0.032671
vn 0.079014 0.048875 -0.036988
vn 0.079014 0.048875 -0.036988
vn 0.088597 0.025262 -0.038890
vn 0.088597 0.025262 -0.038890
vn 0.092395 -0.000000 -0.038252
vn 0.092395 -0.000000 -0.038252
vn 0.000000 0.095420 -0.029918
vn 0.000000 0.094457 -0.032832
vn 0.000000 0.086603 -0.050000
vn 0.000000 0.083549 -0.054951
vn -0.000000 0.070711 -0.070711
vn -0.000000 0.067559 -0.073728
vn -0.000000 0.050000 -0.086603
vn -0.000000 0.047460 -0.088020
vn -0.000000 0.025882 -0.096593
vn -0.000000 0.024474 -0.096959
vn -0.000000 -0.000000 -0.100000
vn -0.000000 0.024474 -0.096959
vn -0.000000 0.024474 -0.096959
vn -0.000000 0.047460 -0.088020
vn -0.000000 0.047460 -0.088020
vn -0.000000 0.067559 -0.073728
vn -0.000000 0.067559 -0.073728
vn 0.000000 0.083549 -0.054951
vn 0.000000 0.083549 -0.054951
vn 0.000000 0.094457 -0.032832
vn 0.000000 0.094457 -0.032832
vn 0.000000 0.099619 -0.008716
vn 0.000000 0.094457 -0.032832
vn 0.000000 0.094457 -0.032832
vn 0.000000 0.083549 -0.054951
vn 0.000000 0.083549 -0.054951
vn -0.000000 0.067559 -0.073728
vn -0.000000 0.067559 -0.073728
vn -0.000000 0.047460 -0.088020
vn -0.000000 0.047460 -0.088020
vn -0.000000 0.024474 -0.096959
vn -0.000000 0.024474 -0.096959
vn -0.000000 -0.000000 -0.100000
vn -0.000000 0.024474 -0.096959
vn -0.000000 0.047460 -0.088020
vn -0.000000 0.067559 -0.073728
vn 0.000000 0.083549 -0.054951
vn 0.000000 0.094457 -0.032832
vn 0.000000 0.099619 -0.008716
vn 0.000000 0.094457 -0.032832
vn 0.000000 0.094457 -0.032832
vn 0.000000 0.083549 -0.054951
vn -0.000000 0.024474 -0.096959
vn -0.000000 0.024474 -0.096959
vn -0.000000 0.024474 -0.096959
vn -0.000000 0.047460 -0.088020
vn 0.000000 0.083549 -0.054951
vn -0.000000 0.067559 -0.073728
vn -0.000000 0.067559 -0.073728
vn -0.000000 0.047460 -0.088020
vn -0.000000 0.024474 -0.096959
vn 0.000000 0.083549 -0.054951
vn 0.000000 0.094457 -0.032832
vn 0.000000 0.094457 -0.032832
vn 0.000000 0.083549 -0.054951
vn -0.000000 0.067559 -0.073728
vn -0.000000 0.067559 -0.073728
vn -0.000000 0.047460 -0.088020
vn -0.000000 0.047460 -0.088020
vn 0.000002 0.094457 -0.032832
vn -0.000000 0.099619 -0.008716
vn 0.002804 0.096042 -0.027715
vn -0.000001 0.099620 -0.008713
vn 0.005547 0.096095 -0.027112
vn 0.007593 0.096159 -0.026378
vn 0.015395 0.088393 -0.044156
vn 0.019327 0.088561 -0.042231
vn 0.028687 0.076348 -0.057862
vn 0.039236 0.077010 -0.050299
vn 0.050394 0.060874 -0.061276
vn 0.061471 0.061965 -0.048802
vn 0.070079 0.047101 -0.053576
vn 0.079013 0.048875 -0.036989
vn 0.076376 0.031010 -0.056613
vn 0.088597 0.025262 -0.038890
vn 0.080238 0.014498 -0.057894
vn 0.092395 -0.000000 -0.038252
vn 0.082067 0.000006 -0.057140
vn -0.000001 0.099620 -0.008714
vn 0.009533 0.096242 -0.025429
vn 0.026434 0.089007 -0.037135
vn 0.047861 0.077859 -0.040587
vn 0.064270 0.069296 -0.032672
vn 0.000001 0.099619 -0.008717
vn 0.013039 0.096462 -0.022915
vn 0.032245 0.089579 -0.030592
vn 0.045330 0.085192 -0.026222
vn 0.000004 0.099619 -0.008718
vn 0.015905 0.096744 -0.019688
vn 0.023429 0.095524 -0.018060
vn -0.000000 0.099619 -0.008716
vn 0.076308 0.000003 -0.064630
vn 0.065780 0.013074 -0.074176
vn 0.062614 0.029655 -0.072111
vn 0.045779 0.028599 -0.084181
vn 0.042004 0.044889 -0.078871
vn 0.033458 0.044523 -0.083056
vn 0.029349 0.059703 -0.074660
vn 0.021441 0.059456 -0.077494
vn 0.016693 0.075905 -0.062926
vn 0.008439 0.075746 -0.064741
vn 0.005686 0.088155 -0.046865
vn 0.000002 0.083549 -0.054951
vn 0.070762 -0.000002 -0.070659
vn 0.054320 -0.000003 -0.083960
vn 0.048094 0.011965 -0.086855
vn 0.038248 0.000000 -0.092396
vn 0.038309 0.011545 -0.091647
vn 0.027987 0.011222 -0.095346
vn 0.026640 0.027893 -0.092262
vn 0.013468 0.027638 -0.095156
vn 0.012357 0.044007 -0.088942
vn 0.000001 0.024474 -0.096959
vn 0.000001 0.047460 -0.088020
vn 0.028703 -0.000001 -0.095792
vn 0.014149 0.010955 -0.098386
vn 0.007723 -0.000000 -0.099701
vn 0.000000 -0.000000 -0.100000
vn 0.010840 0.059250 -0.079824
vn 0.000001 0.067559 -0.073728
vn 0.011246 0.088263 -0.045642
vn 0.024443 0.044240 -0.086286
vn 0.022850 0.076098 -0.060720
vn 0.036845 0.060025 -0.070990
vn 0.057451 0.045858 -0.067797
vn 0.036465 0.028200 -0.088741
vn 0.000000 -0.000000 -0.100000
vn 0.007686 -0.000000 -0.099704
vn 0.000000 -0.000000 -0.100000
vn 0.023349 -0.000000 -0.097236
vn 0.023349 -0.000000 -0.097236
vn 0.045407 -0.000000 -0.089096
vn 0.045407 -0.000000 -0.089096
vn 0.064955 -0.000000 -0.076032
vn 0.064955 -0.000000 -0.076032
vn 0.080911 -0.000000 -0.058766
vn 0.080911 -0.000000 -0.058766
vn 0.092395 -0.000000 -0.038252
vn 0.080911 -0.000000 -0.058766
vn 0.080911 -0.000000 -0.058766
vn 0.064954 -0.000000 -0.076032
vn 0.064954 -0.000000 -0.076032
vn 0.045407 -0.000000 -0.089097
vn 0.045407 -0.000000 -0.089097
vn 0.023349 -0.000000 -0.097236
vn 0.023349 -0.000000 -0.097236
vn 0.023349 -0.000000 -0.097236
vn 0.023349 -0.000000 -0.097236
vn 0.045407 -0.000000 -0.089097
vn 0.045406 -0.000000 -0.089097
vn 0.064954 -0.000000 -0.076033
vn 0.064954 -0.000000 -0.076033
vn 0.080910 -0.000000 -0.058766
vn 0.080910 -0.000000 -0.058767
vn 0.080910 -0.000000 -0.058767
vn 0.082048 -0.000000 -0.057168
vn 0.080910 -0.000000 -0.058767
vn 0.076293 -0.000000 -0.064648
vn 0.070772 -0.000000 -0.070649
vn 0.064953 -0.000000 -0.076033
vn 0.054320 -0.000000 -0.083960
vn 0.045406 -0.000000 -0.089097
vn 0.038237 -0.000000 -0.092401
vn 0.023348 -0.000000 -0.097236
vn 0.028722 -0.000000 -0.095786
vn 0.023348 -0.000000 -0.097236
vn 0.023348 -0.000000 -0.097236
vn 0.045406 -0.000000 -0.089097
vn 0.045406 -0.000000 -0.089097
vn 0.064953 -0.000000 -0.076033
vn 0.064954 -0.000000 -0.076033
vn 0.092395 -0.000000 -0.038252
vn 0.023348 -0.000000 -0.097236
vn 0.023349 -0.000000 -0.097236
vn 0.045406 -0.000000 -0.089097
vn 0.045407 -0.000000 -0.089097
vn 0.064954 -0.000000 -0.076033
vn 0.080911 -0.000000 -0.058766
vn 0.064954 -0.000000 -0.076033
vn 0.080911 -0.000000 -0.058766
vn 0.080911 -0.000000 -0.058766
vn -0.000000 -0.099619 -0.008716
vn -0.000000 -0.099619 -0.008716
vn -0.000000 -0.099619 -0.008716
vn -0.000000 -0.099619 -0.008716
vn -0.000000 -0.099619 -0.008716
vn -0.000000 -0.099619 -0.008716
vn -0.000000 -0.099619 -0.008716
vn -0.000000 -0.099619 -0.008716
vn -0.000000 -0.099619 -0.008716
vn -0.000000 -0.099619 -0.008716
vn -0.000000 -0.099619 -0.008716
vn -0.000000 -0.099619 -0.008716
vn -0.000000 -0.099619 -0.008716
vn -0.000000 -0.099619 -0.008716
vn -0.000000 -0.095420 -0.029918
vn -0.000000 -0.094457 -0.032832
vn -0.000000 -0.099619 -0.008716
vn -0.000000 -0.094457 -0.032832
vn -0.000000 -0.094457 -0.032832
vn -0.000000 -0.083549 -0.054951
vn -0.000000 -0.083549 -0.054951
vn -0.000000 -0.067559 -0.073728
vn -0.000000 -0.067559 -0.073728
vn -0.000000 -0.047460 -0.088020
vn -0.000000 -0.047460 -0.088020
vn -0.000000 -0.024474 -0.096959
vn -0.000000 -0.024474 -0.096959
vn -0.000000 -0.000000 -0.100000
vn -0.000000 -0.024474 -0.096959
vn -0.000000 -0.024474 -0.096959
vn -0.000000 -0.047460 -0.088020
vn -0.000000 -0.047460 -0.088020
vn -0.000000 -0.067559 -0.073728
vn -0.000000 -0.067559 -0.073728
vn -0.000000 -0.083549 -0.054951
vn -0.000000 -0.083549 -0.054951
vn -0.000000 -0.094457 -0.032832
vn -0.000000 -0.094457 -0.032832
vn -0.000000 -0.099619 -0.008716
vn -0.000000 -0.094457 -0.032832
vn -0.000000 -0.083549 -0.054951
vn -0.000000 -0.083549 -0.054951
vn -0.000000 -0.067559 -0.073728
vn -0.000000 -0.067559 -0.073728
vn -0.000000 -0.047460 -0.088020
vn -0.000000 -0.047460 -0.088020
vn -0.000000 -0.024474 -0.096959
vn -0.000000 -0.024474 -0.096959
vn -0.000000 -0.000000 -0.100000
vn -0.000000 -0.024474 -0.096959
vn -0.000000 -0.024474 -0.096959
vn -0.000000 -0.047460 -0.088020
vn -0.000000 -0.047460 -0.088020
vn -0.000000 -0.067559 -0.073728
vn -0.000000 -0.086603 -0.050000
vn -0.000000 -0.083549 -0.054951
vn -0.000000 -0.070711 -0.070711
vn -0.000000 -0.067559 -0.073728
vn -0.000000 -0.050000 -0.086603
vn -0.000000 -0.047460 -0.088020
vn -0.000000 -0.025882 -0.096593
vn -0.000000 -0.024474 -0.096959
vn -0.000000 -0.024474 -0.096959
vn -0.000000 -0.094457 -0.032832
vn -0.000000 -0.094457 -0.032832
vn -0.000000 -0.094457 -0.032832
vn -0.000000 -0.083549 -0.054951
vn -0.000000 -0.094457 -0.032832
vn -0.000000 -0.083549 -0.054951
vn -0.000000 -0.083549 -0.054951
vn -0.000000 -0.067559 -0.073728
vn -0.000000 -0.067559 -0.073728
vn -0.000000 -0.047460 -0.088020
vn 0.023430 -0.095525 -0.018058
vn -0.000001 -0.099619 -0.008715
vn 0.016292 -0.096808 -0.019045
vn 0.000006 -0.099619 -0.008720
vn 0.014407 -0.096594 -0.021494
vn -0.000002 -0.099620 -0.008714
vn 0.012408 -0.096427 -0.023408
vn 0.010322 -0.096295 -0.024915
vn 0.020928 -0.088685 -0.041194
vn 0.016460 -0.088474 -0.043605
vn 0.024436 -0.076246 -0.059912
vn 0.017235 -0.076005 -0.062659
vn 0.022142 -0.059616 -0.077173
vn 0.011794 -0.059406 -0.079573
vn 0.013456 -0.044140 -0.088716
vn -0.000000 -0.047460 -0.088020
vn -0.000000 -0.024474 -0.096959
vn -0.000002 -0.099620 -0.008712
vn 0.008118 -0.096191 -0.026104
vn 0.011610 -0.088312 -0.045455
vn 0.009180 -0.075842 -0.064527
vn -0.000000 -0.067559 -0.073728
vn 0.005726 -0.096111 -0.027016
vn 0.000001 -0.099619 -0.008719
vn 0.003050 -0.096057 -0.027637
vn 0.000000 -0.099619 -0.008716
vn 0.000000 -0.094457 -0.032832
vn 0.006184 -0.088202 -0.046713
vn 0.000000 -0.083549 -0.054951
vn -0.000000 -0.000000 -0.100000
vn 0.015418 -0.011014 -0.098189
vn 0.014672 -0.027737 -0.094949
vn 0.025262 -0.044379 -0.085978
vn 0.031393 -0.059925 -0.073644
vn 0.031068 -0.076559 -0.056334
vn 0.025157 -0.088953 -0.038139
vn 0.023350 0.000001 -0.097236
vn 0.028945 -0.011288 -0.095051
vn 0.027545 -0.027998 -0.091964
vn 0.039053 -0.028382 -0.087574
vn 0.035817 -0.044732 -0.081953
vn 0.045538 -0.045191 -0.076708
vn 0.039914 -0.060327 -0.069047
vn 0.047981 -0.060837 -0.063220
vn 0.037347 -0.076956 -0.051798
vn 0.043366 -0.077460 -0.046037
vn 0.029212 -0.089292 -0.034258
vn 0.033033 -0.089727 -0.029291
vn 0.045409 0.000001 -0.089096
vn 0.041038 -0.011692 -0.090439
vn 0.049653 -0.028883 -0.081856
vn 0.054741 -0.045772 -0.070059
vn 0.055714 -0.061484 -0.055818
vn 0.049038 -0.078105 -0.038664
vn 0.045330 -0.085192 -0.026220
vn 0.052177 -0.012217 -0.084429
vn 0.064957 0.000001 -0.076030
vn 0.062722 -0.012884 -0.076811
vn 0.072830 -0.013730 -0.067136
vn 0.069308 -0.030323 -0.065399
vn 0.078373 -0.031353 -0.053615
vn 0.071878 -0.047456 -0.050808
vn 0.079014 -0.048875 -0.036987
vn 0.063001 -0.062313 -0.046346
vn 0.064270 -0.069296 -0.032671
vn 0.080910 0.000001 -0.058767
vn 0.082356 -0.014814 -0.054754
vn 0.088597 -0.025262 -0.038889
vn 0.092395 -0.000000 -0.038251
vn 0.063564 -0.046511 -0.061615
vn 0.059688 -0.029517 -0.074606
vn 0.092395 -0.000000 -0.038252
vn 0.092395 -0.000000 -0.038252
vn 0.088597 -0.025262 -0.038890
vn 0.088597 -0.025262 -0.038890
vn 0.079014 -0.048875 -0.036988
vn 0.079013 -0.048875 -0.036988
vn 0.064270 -0.069296 -0.032671
vn 0.064270 -0.069296 -0.032671
vn 0.045330 -0.085192 -0.026220
vn 0.045330 -0.085192 -0.026220
vn 0.023430 -0.095525 -0.018057
vn 0.023430 -0.095525 -0.018057
vn -0.000000 -0.099619 -0.008716
vn -0.000001 -0.099619 -0.008715
vn -0.000000 -0.000000 -0.100000
vn -0.000000 -0.000000 -0.100000
vn -0.000000 -0.000000 -0.100000
vn -0.000000 -0.000000 -0.100000
usemtl Steel_-_Satin
f 14/1/1 1/2/2 15/3/3
f 15/3/3 1/2/2 2/4/4
f 15/3/3 2/4/4 16/5/5
f 16/5/5 2/4/4 3/6/6
f 16/5/5 3/6/6 17/7/7
f 17/7/7 3/6/6 4/8/8
f 17/7/7 4/8/8 18/9/9
f 18/9/9 4/8/8 5/10/10
f 18/9/9 5/10/10 19/11/11
f 19/11/11 5/10/10 6/12/12
f 19/11/11 6/12/12 7/13/13
f 7/13/13 8/14/14 19/11/11
f 19/11/11 8/14/14 9/15/15
f 19/11/11 9/15/15 18/9/9
f 18/9/9 9/15/15 10/16/16
f 18/9/9 10/16/16 17/7/7
f 17/7/7 10/16/16 11/17/17
f 17/7/7 11/17/17 12/18/18
f 17/7/7 12/18/18 16/5/5
f 16/5/5 12/18/18 13/19/19
f 16/5/5 13/19/19 15/3/3
f 15/3/3 13/19/19 14/1/1
f 21/20/20 33/21/21 20/22/22
f 20/22/22 33/21/21 34/23/23
f 20/22/22 34/23/23 35/24/24
f 35/24/24 34/23/23 43/25/25
f 35/24/24 43/25/25 44/26/26
f 44/26/26 43/25/25 52/27/27
f 44/26/26 52/27/27 53/28/28
f 53/28/28 52/27/27 61/29/29
f 53/28/28 61/29/29 62/30/30
f 62/30/30 61/29/29 70/31/31
f 62/30/30 70/31/31 71/32/32
f 71/32/32 70/31/31 26/33/33
f 71/32/32 26/33/33 72/34/34
f 72/34/34 26/33/33 27/35/35
f 72/34/34 27/35/35 64/36/36
f 64/36/36 27/35/35 28/37/37
f 64/36/36 28/37/37 56/38/38
f 56/38/38 28/37/37 29/39/39
f 56/38/38 29/39/39 48/40/40
f 48/40/40 29/39/39 30/41/41
f 48/40/40 30/41/41 40/42/42
f 40/42/42 30/41/41 31/43/43
f 40/42/42 31/43/43 32/44/44
f 33/21/21 21/20/20 41/45/45
f 41/45/45 21/20/20 22/46/46
f 41/45/45 22/46/46 49/47/47
f 49/47/47 22/46/46 23/48/48
f 49/47/47 23/48/48 57/49/49
f 57/49/49 23/48/48 24/50/50
f 57/49/49 24/50/50 65/51/51
f 65/51/51 24/50/50 25/52/52
f 65/51/51 25/52/52 1/53/2
f 26/33/33 68/54/53 1/53/2
f 1/53/2 68/54/53 67/55/54
f 1/53/2 67/55/54 66/56/55
f 66/56/55 67/55/54 58/57/56
f 66/56/55 58/57/56 57/49/49
f 57/49/49 58/57/56 49/47/47
f 20/22/22 37/58/57 32/44/44
f 32/44/44 37/58/57 38/59/58
f 32/44/44 38/59/58 39/60/59
f 39/60/59 38/59/58 47/61/60
f 39/60/59 47/61/60 48/40/40
f 48/40/40 47/61/60 56/38/38
f 34/23/23 33/21/21 42/62/61
f 42/62/61 33/21/21 41/45/45
f 42/62/61 41/45/45 50/63/62
f 50/63/62 41/45/45 49/47/47
f 50/63/62 49/47/47 58/57/56
f 37/58/57 20/22/22 36/64/63
f 36/64/63 20/22/22 35/24/24
f 36/64/63 35/24/24 44/26/26
f 37/58/57 36/64/63 45/65/64
f 45/65/64 36/64/63 44/26/26
f 45/65/64 44/26/26 53/28/28
f 40/42/42 32/44/44 39/60/59
f 38/59/58 37/58/57 46/66/65
f 46/66/65 37/58/57 45/65/64
f 46/66/65 45/65/64 54/67/66
f 54/67/66 45/65/64 53/28/28
f 54/67/66 53/28/28 62/30/30
f 48/40/40 40/42/42 39/60/59
f 34/23/23 42/62/61 43/25/25
f 43/25/25 42/62/61 51/68/67
f 43/25/25 51/68/67 52/27/27
f 52/27/27 51/68/67 60/69/68
f 52/27/27 60/69/68 61/29/29
f 61/29/29 60/69/68 69/70/69
f 61/29/29 69/70/69 70/31/31
f 70/31/31 69/70/69 26/33/33
f 51/68/67 42/62/61 50/63/62
f 38/59/58 46/66/65 47/61/60
f 47/61/60 46/66/65 55/71/70
f 47/61/60 55/71/70 56/38/38
f 56/38/38 55/71/70 64/36/36
f 55/71/70 46/66/65 54/67/66
f 51/68/67 50/63/62 59/72/71
f 59/72/71 50/63/62 58/57/56
f 59/72/71 58/57/56 67/55/54
f 55/71/70 54/67/66 63/73/72
f 63/73/72 54/67/66 62/30/30
f 63/73/72 62/30/30 71/32/32
f 66/56/55 57/49/49 65/51/51
f 51/68/67 59/72/71 60/69/68
f 60/69/68 59/72/71 68/54/53
f 60/69/68 68/54/53 69/70/69
f 69/70/69 68/54/53 26/33/33
f 68/54/53 59/72/71 67/55/54
f 72/34/34 64/36/36 63/73/72
f 63/73/72 64/36/36 55/71/70
f 72/34/34 63/73/72 71/32/32
f 1/53/2 66/56/55 65/51/51
f 25/74/52 83/75/73 1/76/2
f 1/76/2 83/75/73 82/77/74
f 1/76/2 82/77/74 2/78/4
f 2/78/4 82/77/74 81/79/75
f 2/78/4 81/79/75 3/80/6
f 3/80/6 81/79/75 80/81/76
f 3/80/6 80/81/76 4/82/8
f 4/82/8 80/81/76 79/83/77
f 4/82/8 79/83/77 5/84/10
f 5/84/10 79/83/77 78/85/78
f 5/84/10 78/85/78 6/86/12
f 6/86/12 78/85/78 77/87/79
f 6/86/12 77/87/79 7/88/13
f 83/75/73 25/74/52 88/89/80
f 88/89/80 25/74/52 24/90/50
f 88/89/80 24/90/50 89/91/81
f 89/91/81 24/90/50 93/92/82
f 89/91/81 93/92/82 94/93/83
f 94/93/83 93/92/82 22/94/46
f 94/93/83 22/94/46 97/95/84
f 97/95/84 22/94/46 21/96/20
f 97/95/84 21/96/20 98/97/85
f 98/97/85 21/96/20 20/98/22
f 98/97/85 20/98/22 73/99/86
f 24/90/50 23/100/48 93/92/82
f 93/92/82 23/100/48 22/94/46
f 73/99/86 74/101/87 98/97/85
f 98/97/85 74/101/87 95/102/88
f 98/97/85 95/102/88 94/93/83
f 94/93/83 95/102/88 90/103/89
f 94/93/83 90/103/89 89/91/81
f 89/91/81 90/103/89 84/104/90
f 89/91/81 84/104/90 83/75/73
f 83/75/73 84/104/90 82/77/74
f 95/102/88 74/101/87 96/105/91
f 96/105/91 74/101/87 75/106/92
f 96/105/91 75/106/92 92/107/93
f 92/107/93 75/106/92 76/108/94
f 92/107/93 76/108/94 87/109/95
f 87/109/95 76/108/94 77/87/79
f 87/109/95 77/87/79 78/85/78
f 78/85/78 79/83/77 87/109/95
f 87/109/95 79/83/77 86/110/96
f 87/109/95 86/110/96 92/107/93
f 92/107/93 86/110/96 91/111/97
f 92/107/93 91/111/97 96/105/91
f 96/105/91 91/111/97 95/102/88
f 79/83/77 80/81/76 86/110/96
f 86/110/96 80/81/76 85/112/98
f 86/110/96 85/112/98 91/111/97
f 91/111/97 85/112/98 90/103/89
f 91/111/97 90/103/89 95/102/88
f 80/81/76 81/79/75 85/112/98
f 85/112/98 81/79/75 84/104/90
f 85/112/98 84/104/90 90/103/89
f 81/79/75 82/77/74 84/104/90
f 88/89/80 89/91/81 83/75/73
f 97/95/84 98/97/85 94/93/83
f 7/113/13 99/114/99 8/115/14
f 8/115/14 99/114/99 100/116/100
f 77/117/79 107/118/101 7/119/13
f 7/119/13 107/118/101 108/120/102
f 7/119/13 108/120/102 109/121/103
f 109/121/103 108/120/102 126/122/104
f 109/121/103 126/122/104 127/123/105
f 127/123/105 126/122/104 144/124/106
f 127/123/105 144/124/106 145/125/107
f 145/125/107 144/124/106 162/126/108
f 145/125/107 162/126/108 163/127/109
f 163/127/109 162/126/108 180/128/110
f 163/127/109 180/128/110 181/129/111
f 181/129/111 180/128/110 20/130/22
f 181/129/111 20/130/22 182/131/112
f 182/131/112 20/130/22 183/132/113
f 182/131/112 183/132/113 165/133/114
f 165/133/114 183/132/113 166/134/115
f 165/133/114 166/134/115 148/135/116
f 148/135/116 166/134/115 149/136/117
f 148/135/116 149/136/117 131/137/118
f 131/137/118 149/136/117 132/138/119
f 131/137/118 132/138/119 114/139/120
f 114/139/120 132/138/119 115/140/121
f 114/139/120 115/140/121 7/119/13
f 7/119/13 115/140/121 99/141/99
f 99/141/99 115/140/121 116/142/122
f 99/141/99 116/142/122 117/143/123
f 117/143/123 116/142/122 134/144/124
f 117/143/123 134/144/124 135/145/125
f 135/145/125 134/144/124 152/146/126
f 135/145/125 152/146/126 153/147/127
f 153/147/127 152/146/126 170/148/128
f 153/147/127 170/148/128 171/149/129
f 171/149/129 170/148/128 188/150/130
f 171/149/129 188/150/130 189/151/131
f 189/151/131 188/150/130 101/152/132
f 189/151/131 101/152/132 190/153/133
f 190/153/133 101/152/132 191/154/134
f 190/153/133 191/154/134 173/155/135
f 173/155/135 191/154/134 174/156/136
f 173/155/135 174/156/136 156/157/137
f 156/157/137 174/156/136 157/158/138
f 156/157/137 157/158/138 139/159/139
f 139/159/139 157/158/138 140/160/140
f 139/159/139 140/160/140 122/161/141
f 122/161/141 140/160/140 123/162/142
f 122/161/141 123/162/142 99/141/99
f 99/141/99 123/162/142 106/163/143
f 106/163/143 123/162/142 105/164/144
f 105/164/144 123/162/142 140/160/140
f 105/164/144 140/160/140 104/165/145
f 104/165/145 140/160/140 157/158/138
f 104/165/145 157/158/138 103/166/146
f 103/166/146 157/158/138 174/156/136
f 103/166/146 174/156/136 102/167/147
f 102/167/147 174/156/136 191/154/134
f 102/167/147 191/154/134 101/152/132
f 107/118/101 77/117/79 124/168/148
f 124/168/148 77/117/79 76/169/94
f 124/168/148 76/169/94 141/170/149
f 141/170/149 76/169/94 75/171/92
f 141/170/149 75/171/92 158/172/150
f 158/172/150 75/171/92 74/173/87
f 158/172/150 74/173/87 175/174/151
f 175/174/151 74/173/87 73/175/86
f 175/174/151 73/175/86 20/130/22
f 20/130/22 101/152/132 183/132/113
f 183/132/113 101/152/132 184/176/152
f 183/132/113 184/176/152 166/134/115
f 166/134/115 184/176/152 167/177/153
f 166/134/115 167/177/153 149/136/117
f 149/136/117 167/177/153 150/178/154
f 149/136/117 150/178/154 132/138/119
f 132/138/119 150/178/154 133/179/155
f 132/138/119 133/179/155 115/140/121
f 115/140/121 133/179/155 116/142/122
f 108/120/102 107/118/101 125/180/156
f 125/180/156 107/118/101 124/168/148
f 125/180/156 124/168/148 142/181/157
f 142/181/157 124/168/148 141/170/149
f 142/181/157 141/170/149 159/182/158
f 159/182/158 141/170/149 158/172/150
f 159/182/158 158/172/150 176/183/159
f 176/183/159 158/172/150 175/174/151
f 176/183/159 175/174/151 20/130/22
f 109/121/103 110/184/160 7/119/13
f 7/119/13 110/184/160 111/185/161
f 7/119/13 111/185/161 112/186/162
f 112/186/162 111/185/161 129/187/163
f 112/186/162 129/187/163 130/188/164
f 130/188/164 129/187/163 147/189/165
f 130/188/164 147/189/165 148/135/116
f 148/135/116 147/189/165 165/133/114
f 109/121/103 127/123/105 110/184/160
f 110/184/160 127/123/105 128/190/166
f 110/184/160 128/190/166 111/185/161
f 111/185/161 128/190/166 129/187/163
f 114/139/120 7/119/13 113/191/167
f 113/191/167 7/119/13 112/186/162
f 113/191/167 112/186/162 130/188/164
f 131/137/118 114/139/120 113/191/167
f 131/137/118 113/191/167 130/188/164
f 134/144/124 116/142/122 133/179/155
f 117/143/123 118/192/168 99/141/99
f 99/141/99 118/192/168 119/193/169
f 99/141/99 119/193/169 120/194/170
f 120/194/170 119/193/169 137/195/171
f 120/194/170 137/195/171 138/196/172
f 138/196/172 137/195/171 155/197/173
f 138/196/172 155/197/173 156/157/137
f 156/157/137 155/197/173 173/155/135
f 117/143/123 135/145/125 118/192/168
f 118/192/168 135/145/125 136/198/174
f 118/192/168 136/198/174 119/193/169
f 119/193/169 136/198/174 137/195/171
f 122/161/141 99/141/99 121/199/175
f 121/199/175 99/141/99 120/194/170
f 121/199/175 120/194/170 138/196/172
f 139/159/139 122/161/141 121/199/175
f 139/159/139 121/199/175 138/196/172
f 108/120/102 125/180/156 126/122/104
f 126/122/104 125/180/156 143/200/176
f 126/122/104 143/200/176 144/124/106
f 144/124/106 143/200/176 161/201/177
f 144/124/106 161/201/177 162/126/108
f 162/126/108 161/201/177 179/202/178
f 162/126/108 179/202/178 180/128/110
f 180/128/110 179/202/178 20/130/22
f 143/200/176 125/180/156 142/181/157
f 127/123/105 145/125/107 128/190/166
f 128/190/166 145/125/107 146/203/179
f 128/190/166 146/203/179 129/187/163
f 129/187/163 146/203/179 147/189/165
f 148/135/116 131/137/118 130/188/164
f 134/144/124 133/179/155 151/204/180
f 151/204/180 133/179/155 150/178/154
f 151/204/180 150/178/154 168/205/181
f 168/205/181 150/178/154 167/177/153
f 168/205/181 167/177/153 185/206/182
f 185/206/182 167/177/153 184/176/152
f 185/206/182 184/176/152 101/152/132
f 135/145/125 153/147/127 136/198/174
f 136/198/174 153/147/127 154/207/183
f 136/198/174 154/207/183 137/195/171
f 137/195/171 154/207/183 155/197/173
f 156/157/137 139/159/139 138/196/172
f 143/200/176 142/181/157 160/208/184
f 160/208/184 142/181/157 159/182/158
f 160/208/184 159/182/158 177/209/185
f 177/209/185 159/182/158 176/183/159
f 177/209/185 176/183/159 20/130/22
f 145/125/107 163/127/109 146/203/179
f 146/203/179 163/127/109 164/210/186
f 146/203/179 164/210/186 147/189/165
f 147/189/165 164/210/186 165/133/114
f 134/144/124 151/204/180 152/146/126
f 152/146/126 151/204/180 169/211/187
f 152/146/126 169/211/187 170/148/128
f 170/148/128 169/211/187 187/212/188
f 170/148/128 187/212/188 188/150/130
f 188/150/130 187/212/188 101/152/132
f 169/211/187 151/204/180 168/205/181
f 153/147/127 171/149/129 154/207/183
f 154/207/183 171/149/129 172/213/189
f 154/207/183 172/213/189 155/197/173
f 155/197/173 172/213/189 173/155/135
f 143/200/176 160/208/184 161/201/177
f 161/201/177 160/208/184 178/214/190
f 161/201/177 178/214/190 179/202/178
f 179/202/178 178/214/190 20/130/22
f 178/214/190 160/208/184 177/209/185
f 182/131/112 165/133/114 164/210/186
f 182/131/112 164/210/186 181/129/111
f 181/129/111 164/210/186 163/127/109
f 169/211/187 168/205/181 186/215/191
f 186/215/191 168/205/181 185/206/182
f 186/215/191 185/206/182 101/152/132
f 190/153/133 173/155/135 172/213/189
f 190/153/133 172/213/189 189/151/131
f 189/151/131 172/213/189 171/149/129
f 20/130/22 178/214/190 177/209/185
f 101/152/132 187/212/188 186/215/191
f 186/215/191 187/212/188 169/211/187
f 20/216/22 32/217/44 101/218/132
f 101/218/132 32/217/44 192/219/192
f 194/220/193 207/221/194 193/222/195
f 193/222/195 207/221/194 208/223/196
f 193/222/195 208/223/196 209/224/197
f 209/224/197 208/223/196 217/225/198
f 209/224/197 217/225/198 218/226/199
f 218/226/199 217/225/198 226/227/200
f 218/226/199 226/227/200 227/228/201
f 227/228/201 226/227/200 235/229/202
f 227/228/201 235/229/202 236/230/203
f 236/230/203 235/229/202 244/231/204
f 236/230/203 244/231/204 245/232/205
f 245/232/205 244/231/204 200/233/206
f 245/232/205 200/233/206 246/234/207
f 246/234/207 200/233/206 201/235/208
f 246/234/207 201/235/208 238/236/209
f 238/236/209 201/235/208 202/237/210
f 238/236/209 202/237/210 230/238/211
f 230/238/211 202/237/210 203/239/212
f 230/238/211 203/239/212 222/240/213
f 222/240/213 203/239/212 204/241/214
f 222/240/213 204/241/214 214/242/215
f 214/242/215 204/241/214 205/243/216
f 214/242/215 205/243/216 206/244/217
f 207/221/194 194/220/193 215/245/218
f 215/245/218 194/220/193 195/246/219
f 215/245/218 195/246/219 223/247/220
f 223/247/220 195/246/219 196/248/221
f 223/247/220 196/248/221 231/249/222
f 231/249/222 196/248/221 197/250/223
f 231/249/222 197/250/223 239/251/224
f 239/251/224 197/250/223 198/252/225
f 239/251/224 198/252/225 199/253/226
f 200/233/206 242/254/227 199/253/226
f 199/253/226 242/254/227 241/255/228
f 199/253/226 241/255/228 240/256/229
f 240/256/229 241/255/228 232/257/230
f 240/256/229 232/257/230 231/249/222
f 231/249/222 232/257/230 223/247/220
f 193/222/195 211/258/231 206/244/217
f 206/244/217 211/258/231 212/259/232
f 206/244/217 212/259/232 213/260/233
f 213/260/233 212/259/232 221/261/234
f 213/260/233 221/261/234 222/240/213
f 222/240/213 221/261/234 230/238/211
f 208/223/196 207/221/194 216/262/235
f 216/262/235 207/221/194 215/245/218
f 216/262/235 215/245/218 224/263/236
f 224/263/236 215/245/218 223/247/220
f 224/263/236 223/247/220 232/257/230
f 211/258/231 193/222/195 210/264/237
f 210/264/237 193/222/195 209/224/197
f 210/264/237 209/224/197 218/226/199
f 211/258/231 210/264/237 219/265/238
f 219/265/238 210/264/237 218/226/199
f 219/265/238 218/226/199 227/228/201
f 214/242/215 206/244/217 213/260/233
f 212/259/232 211/258/231 220/266/239
f 220/266/239 211/258/231 219/265/238
f 220/266/239 219/265/238 228/267/240
f 228/267/240 219/265/238 227/228/201
f 228/267/240 227/228/201 236/230/203
f 222/240/213 214/242/215 213/260/233
f 208/223/196 216/262/235 217/225/198
f 217/225/198 216/262/235 225/268/241
f 217/225/198 225/268/241 226/227/200
f 226/227/200 225/268/241 234/269/242
f 226/227/200 234/269/242 235/229/202
f 235/229/202 234/269/242 243/270/243
f 235/229/202 243/270/243 244/231/204
f 244/231/204 243/270/243 200/233/206
f 225/268/241 216/262/235 224/263/236
f 212/259/232 220/266/239 221/261/234
f 221/261/234 220/266/239 229/271/244
f 221/261/234 229/271/244 230/238/211
f 230/238/211 229/271/244 238/236/209
f 229/271/244 220/266/239 228/267/240
f 225/268/241 224/263/236 233/272/245
f 233/272/245 224/263/236 232/257/230
f 233/272/245 232/257/230 241/255/228
f 229/271/244 228/267/240 237/273/246
f 237/273/246 228/267/240 236/230/203
f 237/273/246 236/230/203 245/232/205
f 240/256/229 231/249/222 239/251/224
f 225/268/241 233/272/245 234/269/242
f 234/269/242 233/272/245 242/254/227
f 234/269/242 242/254/227 243/270/243
f 243/270/243 242/254/227 200/233/206
f 242/254/227 233/272/245 241/255/228
f 246/234/207 238/236/209 237/273/246
f 237/273/246 238/236/209 229/271/244
f 246/234/207 237/273/246 245/232/205
f 199/253/226 240/256/229 239/251/224
f 259/274/247 247/275/248 258/276/249
f 258/276/249 247/275/248 248/277/250
f 258/276/249 248/277/250 257/278/251
f 257/278/251 248/277/250 249/279/252
f 257/278/251 249/279/252 256/280/253
f 256/280/253 249/279/252 250/281/254
f 256/280/253 250/281/254 255/282/255
f 255/282/255 250/281/254 251/283/256
f 255/282/255 251/283/256 254/284/257
f 254/284/257 251/283/256 252/285/258
f 254/284/257 252/285/258 199/286/226
f 199/286/226 252/285/258 253/287/259
f 264/288/260 259/289/247 266/290/261
f 266/290/261 259/289/247 258/291/249
f 266/290/261 258/291/249 265/292/262
f 265/292/262 258/291/249 257/293/251
f 265/292/262 257/293/251 269/294/263
f 269/294/263 257/293/251 268/295/264
f 269/294/263 268/295/264 274/296/265
f 274/296/265 268/295/264 273/297/266
f 274/296/265 273/297/266 279/298/267
f 279/298/267 273/297/266 278/299/268
f 279/298/267 278/299/268 283/300/269
f 283/300/269 278/299/268 282/301/270
f 283/300/269 282/301/270 195/302/219
f 195/302/219 282/301/270 196/303/221
f 196/303/221 282/301/270 281/304/271
f 196/303/221 281/304/271 197/305/223
f 197/305/223 281/304/271 277/306/272
f 197/305/223 277/306/272 276/307/273
f 276/307/273 277/306/272 271/308/274
f 276/307/273 271/308/274 199/309/226
f 199/309/226 271/308/274 254/310/257
f 254/310/257 271/308/274 255/311/255
f 255/311/255 271/308/274 272/312/275
f 255/311/255 272/312/275 267/313/276
f 267/313/276 272/312/275 273/297/266
f 267/313/276 273/297/266 268/295/264
f 257/293/251 256/314/253 268/295/264
f 268/295/264 256/314/253 267/313/276
f 256/314/253 255/311/255 267/313/276
f 199/309/226 198/315/225 276/307/273
f 276/307/273 198/315/225 197/305/223
f 283/300/269 195/302/219 285/316/277
f 285/316/277 195/302/219 194/317/193
f 285/316/277 194/317/193 286/318/278
f 286/318/278 194/317/193 193/319/195
f 286/318/278 193/319/195 260/320/279
f 286/318/278 260/320/279 284/321/280
f 284/321/280 260/320/279 261/322/281
f 284/321/280 261/322/281 280/323/282
f 280/323/282 261/322/281 262/324/283
f 280/323/282 262/324/283 275/325/284
f 275/325/284 262/324/283 263/326/285
f 275/325/284 263/326/285 270/327/286
f 270/327/286 263/326/285 264/288/260
f 270/327/286 264/288/260 266/290/261
f 270/327/286 266/290/261 265/292/262
f 275/325/284 270/327/286 269/294/263
f 269/294/263 270/327/286 265/292/262
f 275/325/284 269/294/263 274/296/265
f 278/299/268 273/297/266 272/312/275
f 278/299/268 272/312/275 277/306/272
f 277/306/272 272/312/275 271/308/274
f 280/323/282 275/325/284 274/296/265
f 280/323/282 274/296/265 279/298/267
f 282/301/270 278/299/268 277/306/272
f 281/304/271 282/301/270 277/306/272
f 284/321/280 280/323/282 279/298/267
f 284/321/280 279/298/267 283/300/269
f 286/318/278 284/321/280 283/300/269
f 285/316/277 286/318/278 283/300/269
f 287/328/287 300/329/288 253/330/259
f 253/330/259 300/329/288 301/331/289
f 253/330/259 301/331/289 302/332/290
f 302/332/290 301/331/289 310/333/291
f 302/332/290 310/333/291 311/334/292
f 311/334/292 310/333/291 319/335/293
f 311/334/292 319/335/293 320/336/294
f 320/336/294 319/335/293 328/337/295
f 320/336/294 328/337/295 329/338/296
f 329/338/296 328/337/295 337/339/297
f 329/338/296 337/339/297 338/340/298
f 338/340/298 337/339/297 293/341/299
f 338/340/298 293/341/299 339/342/300
f 339/342/300 293/341/299 294/343/301
f 339/342/300 294/343/301 295/344/302
f 300/329/288 287/328/287 308/345/303
f 308/345/303 287/328/287 288/346/304
f 308/345/303 288/346/304 316/347/305
f 316/347/305 288/346/304 289/348/306
f 316/347/305 289/348/306 324/349/307
f 324/349/307 289/348/306 290/350/308
f 324/349/307 290/350/308 332/351/309
f 332/351/309 290/350/308 291/352/310
f 332/351/309 291/352/310 292/353/311
f 293/341/299 335/354/312 292/353/311
f 292/353/311 335/354/312 334/355/313
f 292/353/311 334/355/313 333/356/314
f 333/356/314 334/355/313 325/357/315
f 333/356/314 325/357/315 324/349/307
f 324/349/307 325/357/315 316/347/305
f 339/342/300 295/344/302 331/358/316
f 331/358/316 295/344/302 296/359/317
f 331/358/316 296/359/317 323/360/318
f 323/360/318 296/359/317 297/361/319
f 323/360/318 297/361/319 315/362/320
f 315/362/320 297/361/319 298/363/321
f 315/362/320 298/363/321 307/364/322
f 307/364/322 298/363/321 299/365/323
f 307/364/322 299/365/323 306/366/324
f 306/366/324 299/365/323 305/367/325
f 306/366/324 305/367/325 314/368/326
f 314/368/326 305/367/325 313/369/327
f 314/368/326 313/369/327 322/370/328
f 322/370/328 313/369/327 321/371/329
f 322/370/328 321/371/329 330/372/330
f 330/372/330 321/371/329 329/338/296
f 330/372/330 329/338/296 338/340/298
f 253/330/259 303/373/331 299/365/323
f 299/365/323 303/373/331 304/374/332
f 299/365/323 304/374/332 305/367/325
f 305/367/325 304/374/332 313/369/327
f 303/373/331 253/330/259 302/332/290
f 301/331/289 300/329/288 309/375/333
f 309/375/333 300/329/288 308/345/303
f 309/375/333 308/345/303 317/376/334
f 317/376/334 308/345/303 316/347/305
f 317/376/334 316/347/305 325/357/315
f 302/332/290 311/334/292 303/373/331
f 303/373/331 311/334/292 312/377/335
f 303/373/331 312/377/335 304/374/332
f 304/374/332 312/377/335 313/369/327
f 315/362/320 307/364/322 306/366/324
f 315/362/320 306/366/324 314/368/326
f 301/331/289 309/375/333 310/333/291
f 310/333/291 309/375/333 318/378/336
f 310/333/291 318/378/336 319/335/293
f 319/335/293 318/378/336 327/379/337
f 319/335/293 327/379/337 328/337/295
f 328/337/295 327/379/337 336/380/338
f 328/337/295 336/380/338 337/339/297
f 337/339/297 336/380/338 293/341/299
f 318/378/336 309/375/333 317/376/334
f 321/371/329 313/369/327 312/377/335
f 321/371/329 312/377/335 320/336/294
f 320/336/294 312/377/335 311/334/292
f 323/360/318 315/362/320 314/368/326
f 323/360/318 314/368/326 322/370/328
f 318/378/336 317/376/334 326/381/339
f 326/381/339 317/376/334 325/357/315
f 326/381/339 325/357/315 334/355/313
f 329/338/296 321/371/329 320/336/294
f 331/358/316 323/360/318 322/370/328
f 331/358/316 322/370/328 330/372/330
f 333/356/314 324/349/307 332/351/309
f 318/378/336 326/381/339 327/379/337
f 327/379/337 326/381/339 335/354/312
f 327/379/337 335/354/312 336/380/338
f 336/380/338 335/354/312 293/341/299
f 335/354/312 326/381/339 334/355/313
f 339/342/300 331/358/316 330/372/330
f 339/342/300 330/372/330 338/340/298
f 292/353/311 333/356/314 332/351/309
f 344/382/340 292/383/311 346/384/341
f 346/384/341 292/383/311 291/385/310
f 346/384/341 291/385/310 345/386/342
f 345/386/342 291/385/310 290/387/308
f 345/386/342 290/387/308 349/388/343
f 349/388/343 290/387/308 348/389/344
f 349/388/343 348/389/344 354/390/345
f 354/390/345 348/389/344 353/391/346
f 354/390/345 353/391/346 359/392/347
f 359/392/347 353/391/346 358/393/348
f 359/392/347 358/393/348 363/394/349
f 363/394/349 358/393/348 362/395/350
f 363/394/349 362/395/350 249/396/252
f 249/396/252 362/395/350 250/397/254
f 250/397/254 362/395/350 361/398/351
f 250/397/254 361/398/351 251/399/256
f 251/399/256 361/398/351 357/400/352
f 251/399/256 357/400/352 356/401/353
f 356/401/353 357/400/352 351/402/354
f 356/401/353 351/402/354 253/403/259
f 253/403/259 351/402/354 287/404/287
f 287/404/287 351/402/354 288/405/304
f 288/405/304 351/402/354 352/406/355
f 288/405/304 352/406/355 347/407/356
f 347/407/356 352/406/355 353/391/346
f 347/407/356 353/391/346 348/389/344
f 290/387/308 289/408/306 348/389/344
f 348/389/344 289/408/306 347/407/356
f 289/408/306 288/405/304 347/407/356
f 253/403/259 252/409/258 356/401/353
f 356/401/353 252/409/258 251/399/256
f 363/394/349 249/396/252 365/410/357
f 365/410/357 249/396/252 248/411/250
f 365/410/357 248/411/250 366/412/358
f 366/412/358 248/411/250 247/413/248
f 366/412/358 247/413/248 340/414/359
f 366/412/358 340/414/359 364/415/360
f 364/415/360 340/414/359 341/416/361
f 364/415/360 341/416/361 360/417/362
f 360/417/362 341/416/361 342/418/363
f 360/417/362 342/418/363 355/419/364
f 355/419/364 342/418/363 343/420/365
f 355/419/364 343/420/365 350/421/366
f 350/421/366 343/420/365 344/382/340
f 350/421/366 344/382/340 346/384/341
f 350/421/366 346/384/341 345/386/342
f 355/419/364 350/421/366 349/388/343
f 349/388/343 350/421/366 345/386/342
f 355/419/364 349/388/343 354/390/345
f 358/393/348 353/391/346 352/406/355
f 358/393/348 352/406/355 357/400/352
f 357/400/352 352/406/355 351/402/354
f 360/417/362 355/419/364 354/390/345
f 360/417/362 354/390/345 359/392/347
f 362/395/350 358/393/348 357/400/352
f 361/398/351 362/395/350 357/400/352
f 364/415/360 360/417/362 359/392/347
f 364/415/360 359/392/347 363/394/349
f 366/412/358 364/415/360 363/394/349
f 365/410/357 366/412/358 363/394/349
f 200/422/206 199/423/226 299/424/323
f 299/424/323 199/423/226 253/425/259
f 378/426/367 192/427/368 370/428/369
f 370/428/369 192/427/368 32/429/370
f 370/428/369 32/429/370 369/430/371
f 369/430/371 32/429/370 31/431/372
f 369/430/371 31/431/372 30/432/373
f 30/432/373 29/433/374 369/430/371
f 369/430/371 29/433/374 28/434/375
f 369/430/371 28/434/375 27/435/376
f 27/435/376 26/436/377 369/430/371
f 369/430/371 26/436/377 368/437/378
f 368/437/378 26/436/377 367/438/379
f 371/439/380 373/440/381 370/428/369
f 370/428/369 373/440/381 374/441/382
f 370/428/369 374/441/382 375/442/383
f 371/439/380 372/443/384 373/440/381
f 375/442/383 376/444/385 370/428/369
f 370/428/369 376/444/385 377/445/386
f 370/428/369 377/445/386 378/426/367
f 26/446/33 1/447/2 367/448/387
f 367/448/387 1/447/2 14/449/1
f 367/448/387 14/449/1 384/450/388
f 384/450/388 14/449/1 383/451/389
f 383/451/389 14/449/1 382/452/390
f 382/452/390 14/449/1 379/453/391
f 382/452/390 379/453/391 381/454/392
f 381/454/392 379/453/391 380/455/393
f 344/456/340 392/457/394 292/458/311
f 292/458/311 392/457/394 393/459/395
f 292/458/311 393/459/395 394/460/396
f 394/460/396 393/459/395 398/461/397
f 394/460/396 398/461/397 399/462/398
f 399/462/398 398/461/397 403/463/399
f 399/462/398 403/463/399 388/464/400
f 388/464/400 403/463/399 387/465/401
f 387/465/401 403/463/399 407/466/402
f 387/465/401 407/466/402 386/467/403
f 386/467/403 407/466/402 411/468/404
f 386/467/403 411/468/404 385/469/405
f 385/469/405 411/468/404 410/470/406
f 385/469/405 410/470/406 409/471/407
f 409/471/407 410/470/406 405/472/408
f 409/471/407 405/472/408 404/473/409
f 404/473/409 405/472/408 400/474/410
f 404/473/409 400/474/410 342/475/363
f 342/475/363 400/474/410 343/476/365
f 343/476/365 400/474/410 396/477/411
f 343/476/365 396/477/411 344/456/340
f 344/456/340 396/477/411 392/457/394
f 342/475/363 341/478/361 404/473/409
f 404/473/409 341/478/361 408/479/412
f 404/473/409 408/479/412 409/471/407
f 409/471/407 408/479/412 247/480/248
f 409/471/407 247/480/248 385/469/405
f 341/478/361 340/481/359 408/479/412
f 408/479/412 340/481/359 247/480/248
f 388/464/400 389/482/413 399/462/398
f 399/462/398 389/482/413 395/483/414
f 399/462/398 395/483/414 394/460/396
f 394/460/396 395/483/414 391/484/415
f 394/460/396 391/484/415 292/458/311
f 389/482/413 390/485/416 395/483/414
f 395/483/414 390/485/416 391/484/415
f 393/459/395 392/457/394 397/486/417
f 397/486/417 392/457/394 396/477/411
f 397/486/417 396/477/411 401/487/418
f 401/487/418 396/477/411 400/474/410
f 401/487/418 400/474/410 405/472/408
f 393/459/395 397/486/417 398/461/397
f 398/461/397 397/486/417 402/488/419
f 398/461/397 402/488/419 403/463/399
f 403/463/399 402/488/419 407/466/402
f 402/488/419 397/486/417 401/487/418
f 402/488/419 401/487/418 406/489/420
f 406/489/420 401/487/418 405/472/408
f 406/489/420 405/472/408 410/470/406
f 411/468/404 407/466/402 406/489/420
f 406/489/420 407/466/402 402/488/419
f 411/468/404 406/489/420 410/470/406
f 264/490/260 421/491/421 259/492/247
f 259/492/247 421/491/421 418/493/422
f 259/492/247 418/493/422 419/494/423
f 421/491/421 264/490/260 422/495/424
f 422/495/424 264/490/260 263/496/285
f 422/495/424 263/496/285 423/497/425
f 423/497/425 263/496/285 262/498/283
f 423/497/425 262/498/283 424/499/426
f 424/499/426 262/498/283 261/500/281
f 424/499/426 261/500/281 425/501/427
f 425/501/427 261/500/281 260/502/279
f 425/501/427 260/502/279 193/503/195
f 193/503/195 412/504/428 425/501/427
f 425/501/427 412/504/428 413/505/429
f 425/501/427 413/505/429 414/506/430
f 425/501/427 414/506/430 424/499/426
f 424/499/426 414/506/430 415/507/431
f 424/499/426 415/507/431 423/497/425
f 423/497/425 415/507/431 416/508/432
f 423/497/425 416/508/432 422/495/424
f 422/495/424 416/508/432 417/509/433
f 422/495/424 417/509/433 421/491/421
f 421/491/421 417/509/433 418/493/422
f 419/494/423 420/510/434 259/492/247
f 426/511/435 379/512/436 206/513/217
f 206/513/217 379/512/436 14/514/437
f 206/513/217 14/514/437 521/515/438
f 521/515/438 14/514/437 520/516/439
f 520/516/439 14/514/437 13/517/440
f 520/516/439 13/517/440 519/518/441
f 519/518/441 13/517/440 12/519/442
f 519/518/441 12/519/442 11/520/443
f 519/518/441 11/520/443 518/521/444
f 518/521/444 11/520/443 10/522/445
f 518/521/444 10/522/445 9/523/446
f 9/523/446 8/524/447 518/521/444
f 518/521/444 8/524/447 517/525/448
f 517/525/448 8/524/447 516/526/449
f 516/526/449 8/524/447 515/527/450
f 515/527/450 8/524/447 514/528/451
f 514/528/451 8/524/447 513/529/452
f 513/529/452 8/524/447 512/530/453
f 512/530/453 8/524/447 100/531/454
f 512/530/453 100/531/454 511/532/455
f 511/532/455 100/531/454 452/533/456
f 511/532/455 452/533/456 510/534/457
f 510/534/457 452/533/456 509/535/458
f 509/535/458 452/533/456 508/536/459
f 508/536/459 452/533/456 507/537/460
f 507/537/460 452/533/456 506/538/461
f 506/538/461 452/533/456 505/539/462
f 505/539/462 452/533/456 504/540/463
f 504/540/463 452/533/456 527/541/464
f 527/541/464 452/533/456 526/542/465
f 526/542/465 452/533/456 453/543/466
f 526/542/465 453/543/466 525/544/467
f 525/544/467 453/543/466 449/545/468
f 525/544/467 449/545/468 542/546/469
f 542/546/469 449/545/468 541/547/470
f 541/547/470 449/545/468 450/548/471
f 541/547/470 450/548/471 540/549/472
f 540/549/472 450/548/471 539/550/473
f 539/550/473 450/548/471 451/551/474
f 539/550/473 451/551/474 538/552/475
f 538/552/475 451/551/474 537/553/476
f 537/553/476 451/551/474 536/554/477
f 536/554/477 451/551/474 535/555/478
f 535/555/478 451/551/474 534/556/479
f 534/556/479 451/551/474 412/557/428
f 534/556/479 412/557/428 533/558/480
f 533/558/480 412/557/428 532/559/481
f 532/559/481 412/557/428 531/560/482
f 531/560/482 412/557/428 530/561/483
f 530/561/483 412/557/428 529/562/484
f 529/562/484 412/557/428 528/563/485
f 528/563/485 412/557/428 193/564/195
f 528/563/485 193/564/195 551/565/486
f 551/565/486 193/564/195 550/566/487
f 550/566/487 193/564/195 549/567/488
f 549/567/488 193/564/195 548/568/489
f 548/568/489 193/564/195 547/569/490
f 547/569/490 193/564/195 546/570/491
f 546/570/491 193/564/195 545/571/492
f 545/571/492 193/564/195 544/572/493
f 544/572/493 193/564/195 206/513/217
f 544/572/493 206/513/217 543/573/494
f 543/573/494 206/513/217 542/546/469
f 542/546/469 206/513/217 524/574/495
f 542/546/469 524/574/495 525/544/467
f 427/575/496 498/576/497 100/531/454
f 100/531/454 498/576/497 499/577/498
f 100/531/454 499/577/498 500/578/499
f 427/575/496 428/579/500 498/576/497
f 498/576/497 428/579/500 497/580/501
f 497/580/501 428/579/500 429/581/502
f 497/580/501 429/581/502 496/582/503
f 496/582/503 429/581/502 430/583/504
f 496/582/503 430/583/504 495/584/505
f 495/584/505 430/583/504 431/585/506
f 495/584/505 431/585/506 494/586/507
f 494/586/507 431/585/506 493/587/508
f 493/587/508 431/585/506 432/588/509
f 493/587/508 432/588/509 434/589/510
f 434/589/510 432/588/509 433/590/511
f 435/591/512 489/592/513 434/589/510
f 434/589/510 489/592/513 490/593/514
f 434/589/510 490/593/514 491/594/515
f 436/595/516 464/596/517 435/591/512
f 435/591/512 464/596/517 465/597/518
f 435/591/512 465/597/518 455/598/519
f 455/598/519 465/597/518 466/599/520
f 455/598/519 466/599/520 440/600/521
f 440/600/521 466/599/520 467/601/522
f 440/600/521 467/601/522 439/602/523
f 439/602/523 467/601/522 468/603/524
f 439/602/523 468/603/524 469/604/525
f 437/605/526 456/606/527 436/595/516
f 436/595/516 456/606/527 457/607/528
f 436/595/516 457/607/528 458/608/529
f 438/609/530 474/610/531 437/605/526
f 437/605/526 474/610/531 475/611/532
f 437/605/526 475/611/532 476/612/533
f 439/602/523 469/604/525 438/609/530
f 438/609/530 469/604/525 470/613/534
f 438/609/530 470/613/534 471/614/535
f 455/598/519 440/600/521 454/615/536
f 454/615/536 440/600/521 441/616/537
f 454/615/536 441/616/537 442/617/538
f 442/617/538 443/618/539 454/615/536
f 454/615/536 443/618/539 444/619/540
f 454/615/536 444/619/540 445/620/541
f 454/615/536 445/620/541 453/543/466
f 453/543/466 445/620/541 446/621/542
f 453/543/466 446/621/542 447/622/543
f 447/622/543 448/623/544 453/543/466
f 453/543/466 448/623/544 449/545/468
f 452/533/456 100/531/454 455/598/519
f 455/598/519 100/531/454 500/578/499
f 455/598/519 500/578/499 501/624/545
f 458/608/529 459/625/546 436/595/516
f 436/595/516 459/625/546 460/626/547
f 436/595/516 460/626/547 461/627/548
f 461/627/548 462/628/549 436/595/516
f 436/595/516 462/628/549 463/629/550
f 436/595/516 463/629/550 464/596/517
f 471/614/535 472/630/551 438/609/530
f 438/609/530 472/630/551 473/631/552
f 438/609/530 473/631/552 474/610/531
f 476/612/533 477/632/553 437/605/526
f 437/605/526 477/632/553 478/633/554
f 437/605/526 478/633/554 479/634/555
f 479/634/555 456/606/527 437/605/526
f 503/635/556 480/636/557 455/598/519
f 455/598/519 480/636/557 481/637/558
f 455/598/519 481/637/558 482/638/559
f 455/598/519 482/638/559 435/591/512
f 435/591/512 482/638/559 483/639/560
f 435/591/512 483/639/560 484/640/561
f 484/640/561 485/641/562 435/591/512
f 435/591/512 485/641/562 486/642/563
f 435/591/512 486/642/563 487/643/564
f 487/643/564 488/644/565 435/591/512
f 435/591/512 488/644/565 489/592/513
f 491/594/515 492/645/566 434/589/510
f 434/589/510 492/645/566 493/587/508
f 501/624/545 502/646/567 455/598/519
f 455/598/519 502/646/567 503/635/556
f 521/515/438 522/647/568 206/513/217
f 206/513/217 522/647/568 523/648/569
f 206/513/217 523/648/569 524/574/495
f 292/649/311 615/650/570 293/651/299
f 293/651/299 615/650/570 616/652/571
f 293/651/299 616/652/571 617/653/572
f 391/654/415 633/655/573 292/649/311
f 292/649/311 633/655/573 629/656/574
f 292/649/311 629/656/574 630/657/575
f 552/658/576 647/659/577 391/654/415
f 391/654/415 647/659/577 648/660/578
f 391/654/415 648/660/578 649/661/579
f 553/662/580 598/663/581 552/658/576
f 552/658/576 598/663/581 599/664/582
f 552/658/576 599/664/582 600/665/583
f 554/666/584 571/667/585 553/662/580
f 553/662/580 571/667/585 572/668/586
f 553/662/580 572/668/586 573/669/587
f 571/667/585 554/666/584 570/670/588
f 570/670/588 554/666/584 293/651/299
f 570/670/588 293/651/299 569/671/589
f 569/671/589 293/651/299 568/672/590
f 568/672/590 293/651/299 567/673/591
f 567/673/591 293/651/299 566/674/592
f 566/674/592 293/651/299 565/675/593
f 565/675/593 293/651/299 564/676/594
f 564/676/594 293/651/299 563/677/595
f 563/677/595 293/651/299 617/653/572
f 563/677/595 617/653/572 562/678/596
f 562/678/596 617/653/572 555/679/597
f 562/678/596 555/679/597 561/680/598
f 561/680/598 555/679/597 556/681/599
f 561/680/598 556/681/599 560/682/600
f 560/682/600 556/681/599 559/683/601
f 559/683/601 556/681/599 582/684/602
f 582/684/602 556/681/599 581/685/603
f 581/685/603 556/681/599 580/686/604
f 580/686/604 556/681/599 579/687/605
f 579/687/605 556/681/599 578/688/606
f 578/688/606 556/681/599 577/689/607
f 577/689/607 556/681/599 576/690/608
f 576/690/608 556/681/599 557/691/609
f 576/690/608 557/691/609 589/692/610
f 589/692/610 557/691/609 588/693/611
f 588/693/611 557/691/609 587/694/612
f 587/694/612 557/691/609 586/695/613
f 586/695/613 557/691/609 585/696/614
f 585/696/614 557/691/609 584/697/615
f 584/697/615 557/691/609 583/698/616
f 583/698/616 557/691/609 606/699/617
f 606/699/617 557/691/609 605/700/618
f 605/700/618 557/691/609 552/658/576
f 605/700/618 552/658/576 604/701/619
f 604/701/619 552/658/576 603/702/620
f 603/702/620 552/658/576 602/703/621
f 602/703/621 552/658/576 601/704/622
f 601/704/622 552/658/576 600/665/583
f 558/705/623 645/706/624 557/691/609
f 557/691/609 645/706/624 646/707/625
f 557/691/609 646/707/625 552/658/576
f 552/658/576 646/707/625 647/659/577
f 555/679/597 625/708/626 558/705/623
f 558/705/623 625/708/626 637/709/627
f 558/705/623 637/709/627 638/710/628
f 573/669/587 574/711/629 553/662/580
f 553/662/580 574/711/629 575/712/630
f 553/662/580 575/712/630 576/690/608
f 576/690/608 589/692/610 553/662/580
f 553/662/580 589/692/610 590/713/631
f 553/662/580 590/713/631 591/714/632
f 591/714/632 592/715/633 553/662/580
f 553/662/580 592/715/633 593/716/634
f 553/662/580 593/716/634 594/717/635
f 594/717/635 595/718/636 553/662/580
f 553/662/580 595/718/636 596/719/637
f 553/662/580 596/719/637 597/720/638
f 597/720/638 598/663/581 553/662/580
f 630/657/575 607/721/639 292/649/311
f 292/649/311 607/721/639 608/722/640
f 292/649/311 608/722/640 609/723/641
f 609/723/641 610/724/642 292/649/311
f 292/649/311 610/724/642 611/725/643
f 292/649/311 611/725/643 612/726/644
f 612/726/644 613/727/645 292/649/311
f 292/649/311 613/727/645 614/728/646
f 292/649/311 614/728/646 615/650/570
f 617/653/572 618/729/647 555/679/597
f 555/679/597 618/729/647 619/730/648
f 555/679/597 619/730/648 620/731/649
f 620/731/649 621/732/650 555/679/597
f 555/679/597 621/732/650 622/733/651
f 555/679/597 622/733/651 623/734/652
f 623/734/652 624/735/653 555/679/597
f 555/679/597 624/735/653 625/708/626
f 625/708/626 626/736/654 637/709/627
f 637/709/627 626/736/654 636/737/655
f 636/737/655 626/736/654 627/738/656
f 636/737/655 627/738/656 635/739/657
f 635/739/657 627/738/656 628/740/658
f 635/739/657 628/740/658 634/741/659
f 634/741/659 628/740/658 633/655/573
f 633/655/573 628/740/658 629/656/574
f 654/742/660 631/743/661 391/654/415
f 391/654/415 631/743/661 632/744/662
f 391/654/415 632/744/662 633/655/573
f 638/710/628 639/745/663 558/705/623
f 558/705/623 639/745/663 640/746/664
f 558/705/623 640/746/664 641/747/665
f 641/747/665 642/748/666 558/705/623
f 558/705/623 642/748/666 643/749/667
f 558/705/623 643/749/667 644/750/668
f 644/750/668 645/706/624 558/705/623
f 649/661/579 650/751/669 391/654/415
f 391/654/415 650/751/669 651/752/670
f 391/654/415 651/752/670 652/753/671
f 652/753/671 653/754/672 391/654/415
f 391/654/415 653/754/672 654/742/660
f 656/755/673 661/756/674 655/757/675
f 655/757/675 661/756/674 662/758/676
f 655/757/675 662/758/676 663/759/677
f 663/759/677 662/758/676 671/760/678
f 663/759/677 671/760/678 672/761/679
f 672/761/679 671/760/678 680/762/680
f 672/761/679 680/762/680 681/763/681
f 681/763/681 680/762/680 689/764/682
f 681/763/681 689/764/682 690/765/683
f 690/765/683 689/764/682 698/766/684
f 690/765/683 698/766/684 699/767/685
f 699/767/685 698/766/684 192/768/192
f 699/767/685 192/768/192 700/769/686
f 700/769/686 192/768/192 378/770/687
f 700/769/686 378/770/687 692/771/688
f 692/771/688 378/770/687 377/772/689
f 692/771/688 377/772/689 684/773/690
f 684/773/690 377/772/689 376/774/691
f 684/773/690 376/774/691 676/775/692
f 676/775/692 376/774/691 375/776/693
f 676/775/692 375/776/693 668/777/694
f 668/777/694 375/776/693 374/778/695
f 668/777/694 374/778/695 373/779/696
f 661/756/674 656/755/673 669/780/697
f 669/780/697 656/755/673 657/781/698
f 669/780/697 657/781/698 677/782/699
f 677/782/699 657/781/698 658/783/700
f 677/782/699 658/783/700 685/784/701
f 685/784/701 658/783/700 659/785/702
f 685/784/701 659/785/702 693/786/703
f 693/786/703 659/785/702 660/787/704
f 693/786/703 660/787/704 101/788/705
f 192/768/192 696/789/706 101/788/705
f 101/788/705 696/789/706 695/790/707
f 101/788/705 695/790/707 694/791/708
f 694/791/708 695/790/707 686/792/709
f 694/791/708 686/792/709 685/784/701
f 685/784/701 686/792/709 677/782/699
f 655/757/675 665/793/710 373/779/696
f 373/779/696 665/793/710 666/794/711
f 373/779/696 666/794/711 667/795/712
f 667/795/712 666/794/711 675/796/713
f 667/795/712 675/796/713 676/775/692
f 676/775/692 675/796/713 684/773/690
f 662/758/676 661/756/674 670/797/714
f 670/797/714 661/756/674 669/780/697
f 670/797/714 669/780/697 678/798/715
f 678/798/715 669/780/697 677/782/699
f 678/798/715 677/782/699 686/792/709
f 665/793/710 655/757/675 664/799/716
f 664/799/716 655/757/675 663/759/677
f 664/799/716 663/759/677 672/761/679
f 665/793/710 664/799/716 673/800/717
f 673/800/717 664/799/716 672/761/679
f 673/800/717 672/761/679 681/763/681
f 668/777/694 373/779/696 667/795/712
f 666/794/711 665/793/710 674/801/718
f 674/801/718 665/793/710 673/800/717
f 674/801/718 673/800/717 682/802/719
f 682/802/719 673/800/717 681/763/681
f 682/802/719 681/763/681 690/765/683
f 676/775/692 668/777/694 667/795/712
f 662/758/676 670/797/714 671/760/678
f 671/760/678 670/797/714 679/803/720
f 671/760/678 679/803/720 680/762/680
f 680/762/680 679/803/720 688/804/721
f 680/762/680 688/804/721 689/764/682
f 689/764/682 688/804/721 697/805/722
f 689/764/682 697/805/722 698/766/684
f 698/766/684 697/805/722 192/768/192
f 679/803/720 670/797/714 678/798/715
f 666/794/711 674/801/718 675/796/713
f 675/796/713 674/801/718 683/806/723
f 675/796/713 683/806/723 684/773/690
f 684/773/690 683/806/723 692/771/688
f 683/806/723 674/801/718 682/802/719
f 679/803/720 678/798/715 687/807/724
f 687/807/724 678/798/715 686/792/709
f 687/807/724 686/792/709 695/790/707
f 683/806/723 682/802/719 691/808/725
f 691/808/725 682/802/719 690/765/683
f 691/808/725 690/765/683 699/767/685
f 694/791/708 685/784/701 693/786/703
f 679/803/720 687/807/724 688/804/721
f 688/804/721 687/807/724 696/789/706
f 688/804/721 696/789/706 697/805/722
f 697/805/722 696/789/706 192/768/192
f 696/789/706 687/807/724 695/790/707
f 700/769/686 692/771/688 691/808/725
f 691/808/725 692/771/688 683/806/723
f 700/769/686 691/808/725 699/767/685
f 101/788/705 694/791/708 693/786/703
f 100/809/100 99/810/99 706/811/726
f 706/811/726 99/810/99 701/812/727
f 706/811/726 701/812/727 707/813/728
f 707/813/728 701/812/727 702/814/729
f 707/813/728 702/814/729 708/815/730
f 708/815/730 702/814/729 703/816/731
f 708/815/730 703/816/731 709/817/732
f 709/817/732 703/816/731 704/818/733
f 709/817/732 704/818/733 710/819/734
f 710/819/734 704/818/733 705/820/735
f 710/819/734 705/820/735 655/821/736
f 655/821/736 432/822/737 710/819/734
f 710/819/734 432/822/737 431/823/738
f 710/819/734 431/823/738 709/817/732
f 709/817/732 431/823/738 430/824/739
f 709/817/732 430/824/739 708/815/730
f 708/815/730 430/824/739 429/825/740
f 708/815/730 429/825/740 428/826/741
f 708/815/730 428/826/741 707/813/728
f 707/813/728 428/826/741 427/827/742
f 707/813/728 427/827/742 706/811/726
f 706/811/726 427/827/742 100/809/100
f 655/828/736 705/829/735 656/830/743
f 656/830/743 705/829/735 711/831/744
f 656/830/743 711/831/744 657/832/745
f 657/832/745 711/831/744 712/833/746
f 657/832/745 712/833/746 658/834/700
f 658/834/700 712/833/746 713/835/747
f 658/834/700 713/835/747 659/836/702
f 659/836/702 713/835/747 714/837/748
f 659/836/702 714/837/748 660/838/749
f 660/838/749 714/837/748 718/839/750
f 660/838/749 718/839/750 719/840/751
f 719/840/751 718/839/750 724/841/752
f 719/840/751 724/841/752 102/842/147
f 102/842/147 724/841/752 103/843/146
f 103/843/146 724/841/752 723/844/753
f 103/843/146 723/844/753 104/845/145
f 104/845/145 723/844/753 728/846/754
f 104/845/145 728/846/754 105/847/144
f 105/847/144 728/846/754 727/848/755
f 105/847/144 727/848/755 730/849/756
f 730/849/756 727/848/755 726/850/757
f 730/849/756 726/850/757 729/851/758
f 729/851/758 726/850/757 702/852/729
f 729/851/758 702/852/729 701/853/727
f 711/831/744 705/829/735 715/854/759
f 715/854/759 705/829/735 704/855/733
f 715/854/759 704/855/733 720/856/760
f 720/856/760 704/855/733 703/857/731
f 720/856/760 703/857/731 725/858/761
f 725/858/761 703/857/731 702/852/729
f 725/858/761 702/852/729 726/850/757
f 701/853/727 99/859/99 729/851/758
f 729/851/758 99/859/99 106/860/143
f 729/851/758 106/860/143 730/849/756
f 730/849/756 106/860/143 105/847/144
f 102/842/147 101/861/132 719/840/751
f 719/840/751 101/861/132 660/838/749
f 712/833/746 711/831/744 716/862/762
f 716/862/762 711/831/744 715/854/759
f 716/862/762 715/854/759 721/863/763
f 721/863/763 715/854/759 720/856/760
f 721/863/763 720/856/760 726/850/757
f 726/850/757 720/856/760 725/858/761
f 718/839/750 714/837/748 713/835/747
f 713/835/747 712/833/746 717/864/764
f 717/864/764 712/833/746 716/862/762
f 717/864/764 716/862/762 722/865/765
f 722/865/765 716/862/762 721/863/763
f 722/865/765 721/863/763 727/848/755
f 727/848/755 721/863/763 726/850/757
f 713/835/747 717/864/764 718/839/750
f 718/839/750 717/864/764 723/844/753
f 718/839/750 723/844/753 724/841/752
f 723/844/753 717/864/764 722/865/765
f 728/846/754 723/844/753 722/865/765
f 728/846/754 722/865/765 727/848/755
f 373/866/696 372/867/766 655/868/736
f 655/868/736 372/867/766 432/869/737
f 432/869/737 372/867/766 731/870/767
f 432/869/737 731/870/767 732/871/768
f 732/871/768 733/872/769 432/869/737
f 432/869/737 733/872/769 433/873/770
f 433/873/770 733/872/769 734/874/771
f 433/873/770 734/874/771 735/875/772
f 453/876/466 452/877/456 753/878/773
f 753/878/773 452/877/456 755/879/774
f 753/878/773 755/879/774 752/880/775
f 752/880/775 755/879/774 757/881/776
f 752/880/775 757/881/776 751/882/777
f 751/882/777 757/881/776 759/883/778
f 751/882/777 759/883/778 750/884/779
f 750/884/779 759/883/778 749/885/780
f 749/885/780 759/883/778 761/886/781
f 749/885/780 761/886/781 748/887/782
f 748/887/782 761/886/781 763/888/783
f 748/887/782 763/888/783 747/889/784
f 747/889/784 763/888/783 746/890/785
f 746/890/785 763/888/783 745/891/786
f 745/891/786 763/888/783 762/892/787
f 745/891/786 762/892/787 743/893/788
f 743/893/788 762/892/787 742/894/789
f 742/894/789 762/892/787 741/895/790
f 741/895/790 762/892/787 760/896/791
f 741/895/790 760/896/791 740/897/792
f 740/897/792 760/896/791 758/898/793
f 740/897/792 758/898/793 739/899/794
f 739/899/794 758/898/793 738/900/795
f 738/900/795 758/898/793 756/901/796
f 738/900/795 756/901/796 737/902/797
f 737/902/797 756/901/796 754/903/798
f 737/902/797 754/903/798 736/904/799
f 736/904/799 754/903/798 452/877/456
f 452/877/456 754/903/798 755/879/774
f 743/893/788 744/905/800 745/891/786
f 757/881/776 755/879/774 754/903/798
f 759/883/778 757/881/776 756/901/796
f 756/901/796 757/881/776 754/903/798
f 761/886/781 759/883/778 758/898/793
f 758/898/793 759/883/778 756/901/796
f 763/888/783 761/886/781 760/896/791
f 760/896/791 761/886/781 758/898/793
f 762/892/787 763/888/783 760/896/791
f 764/906/801 744/907/802 772/908/803
f 772/908/803 744/907/802 743/909/804
f 772/908/803 743/909/804 773/910/805
f 773/910/805 743/909/804 742/911/806
f 773/910/805 742/911/806 741/912/807
f 773/910/805 741/912/807 774/913/808
f 774/913/808 741/912/807 740/914/809
f 774/913/808 740/914/809 775/915/810
f 775/915/810 740/914/809 739/916/811
f 775/915/810 739/916/811 738/917/812
f 775/915/810 738/917/812 776/918/813
f 776/918/813 738/917/812 737/919/814
f 776/918/813 737/919/814 777/920/815
f 777/920/815 737/919/814 736/921/816
f 777/920/815 736/921/816 455/922/519
f 455/922/519 736/921/816 452/923/456
f 455/922/519 765/924/817 777/920/815
f 777/920/815 765/924/817 766/925/818
f 777/920/815 766/925/818 776/918/813
f 776/918/813 766/925/818 767/926/819
f 776/918/813 767/926/819 775/915/810
f 775/915/810 767/926/819 768/927/820
f 775/915/810 768/927/820 769/928/821
f 775/915/810 769/928/821 774/913/808
f 774/913/808 769/928/821 770/929/822
f 774/913/808 770/929/822 773/910/805
f 773/910/805 770/929/822 771/930/823
f 773/910/805 771/930/823 772/908/803
f 454/931/536 453/932/466 786/933/824
f 786/933/824 453/932/466 788/934/825
f 786/933/824 788/934/825 785/935/826
f 785/935/826 788/934/825 787/936/827
f 785/935/826 787/936/827 784/937/828
f 784/937/828 787/936/827 789/938/829
f 784/937/828 789/938/829 783/939/830
f 783/939/830 789/938/829 782/940/831
f 782/940/831 789/938/829 790/941/832
f 782/940/831 790/941/832 781/942/833
f 781/942/833 790/941/832 791/943/834
f 781/942/833 791/943/834 780/944/835
f 780/944/835 791/943/834 779/945/836
f 779/945/836 791/943/834 746/946/837
f 779/945/836 746/946/837 778/947/838
f 778/947/838 746/946/837 745/948/839
f 453/932/466 753/949/840 788/934/825
f 788/934/825 753/949/840 752/950/841
f 788/934/825 752/950/841 787/936/827
f 787/936/827 752/950/841 751/951/842
f 787/936/827 751/951/842 789/938/829
f 789/938/829 751/951/842 750/952/843
f 789/938/829 750/952/843 749/953/844
f 789/938/829 749/953/844 790/941/832
f 790/941/832 749/953/844 748/954/845
f 790/941/832 748/954/845 791/943/834
f 791/943/834 748/954/845 747/955/846
f 791/943/834 747/955/846 746/946/837
f 455/956/519 454/957/536 765/958/847
f 765/958/847 454/957/536 793/959/848
f 765/958/847 793/959/848 766/960/849
f 766/960/849 793/959/848 795/961/850
f 766/960/849 795/961/850 767/962/851
f 767/962/851 795/961/850 797/963/852
f 767/962/851 797/963/852 768/964/853
f 768/964/853 797/963/852 769/965/854
f 769/965/854 797/963/852 799/966/855
f 769/965/854 799/966/855 770/967/856
f 770/967/856 799/966/855 801/968/857
f 770/967/856 801/968/857 771/969/858
f 771/969/858 801/968/857 772/970/859
f 772/970/859 801/968/857 764/971/860
f 764/971/860 801/968/857 800/972/861
f 764/971/860 800/972/861 779/973/862
f 779/973/862 800/972/861 780/974/863
f 780/974/863 800/972/861 781/975/864
f 781/975/864 800/972/861 798/976/865
f 781/975/864 798/976/865 782/977/866
f 782/977/866 798/976/865 796/978/867
f 782/977/866 796/978/867 783/979/868
f 783/979/868 796/978/867 784/980/869
f 784/980/869 796/978/867 794/981/870
f 784/980/869 794/981/870 785/982/871
f 785/982/871 794/981/870 792/983/872
f 785/982/871 792/983/872 786/984/873
f 786/984/873 792/983/872 454/957/536
f 454/957/536 792/983/872 793/959/848
f 779/973/862 778/985/874 764/971/860
f 795/961/850 793/959/848 792/983/872
f 797/963/852 795/961/850 794/981/870
f 794/981/870 795/961/850 792/983/872
f 799/966/855 797/963/852 796/978/867
f 796/978/867 797/963/852 794/981/870
f 801/968/857 799/966/855 798/976/865
f 798/976/865 799/966/855 796/978/867
f 800/972/861 801/968/857 798/976/865
f 778/986/838 745/987/839 803/988/875
f 803/988/875 745/987/839 802/989/876
f 745/990/786 744/991/800 802/992/877
f 802/992/877 744/991/800 804/993/878
f 556/994/599 555/995/597 820/996/879
f 820/996/879 555/995/597 822/997/880
f 820/996/879 822/997/880 819/998/881
f 819/998/881 822/997/880 824/999/882
f 819/998/881 824/999/882 818/1000/883
f 818/1000/883 824/999/882 826/1001/884
f 818/1000/883 826/1001/884 817/1002/885
f 817/1002/885 826/1001/884 816/1003/886
f 816/1003/886 826/1001/884 828/1004/887
f 816/1003/886 828/1004/887 815/1005/888
f 815/1005/888 828/1004/887 830/1006/889
f 815/1005/888 830/1006/889 814/1007/890
f 814/1007/890 830/1006/889 813/1008/891
f 813/1008/891 830/1006/889 804/1009/878
f 804/1009/878 830/1006/889 829/1010/892
f 804/1009/878 829/1010/892 812/1011/893
f 812/1011/893 829/1010/892 811/1012/894
f 811/1012/894 829/1010/892 810/1013/895
f 810/1013/895 829/1010/892 827/1014/896
f 810/1013/895 827/1014/896 809/1015/897
f 809/1015/897 827/1014/896 825/1016/898
f 809/1015/897 825/1016/898 808/1017/899
f 808/1017/899 825/1016/898 807/1018/900
f 807/1018/900 825/1016/898 823/1019/901
f 807/1018/900 823/1019/901 806/1020/902
f 806/1020/902 823/1019/901 821/1021/903
f 806/1020/902 821/1021/903 805/1022/904
f 805/1022/904 821/1021/903 555/995/597
f 555/995/597 821/1021/903 822/997/880
f 812/1011/893 802/1023/877 804/1009/878
f 824/999/882 822/997/880 821/1021/903
f 826/1001/884 824/999/882 823/1019/901
f 823/1019/901 824/999/882 821/1021/903
f 828/1004/887 826/1001/884 825/1016/898
f 825/1016/898 826/1001/884 823/1019/901
f 830/1006/889 828/1004/887 827/1014/896
f 827/1014/896 828/1004/887 825/1016/898
f 829/1010/892 830/1006/889 827/1014/896
f 555/1024/597 558/1025/623 805/1026/905
f 805/1026/905 558/1025/623 840/1027/906
f 805/1026/905 840/1027/906 806/1028/907
f 806/1028/907 840/1027/906 839/1029/908
f 806/1028/907 839/1029/908 807/1030/909
f 807/1030/909 839/1029/908 841/1031/910
f 807/1030/909 841/1031/910 808/1032/911
f 808/1032/911 841/1031/910 809/1033/912
f 809/1033/912 841/1031/910 842/1034/913
f 809/1033/912 842/1034/913 810/1035/914
f 810/1035/914 842/1034/913 843/1036/915
f 810/1035/914 843/1036/915 811/1037/916
f 811/1037/916 843/1036/915 812/1038/917
f 812/1038/917 843/1036/915 838/1039/918
f 812/1038/917 838/1039/918 802/1040/876
f 802/1040/876 838/1039/918 803/1041/875
f 558/1025/623 831/1042/919 840/1027/906
f 840/1027/906 831/1042/919 832/1043/920
f 840/1027/906 832/1043/920 839/1029/908
f 839/1029/908 832/1043/920 833/1044/921
f 839/1029/908 833/1044/921 841/1031/910
f 841/1031/910 833/1044/921 834/1045/922
f 841/1031/910 834/1045/922 835/1046/923
f 841/1031/910 835/1046/923 842/1034/913
f 842/1034/913 835/1046/923 836/1047/924
f 842/1034/913 836/1047/924 843/1036/915
f 843/1036/915 836/1047/924 837/1048/925
f 843/1036/915 837/1048/925 838/1039/918
f 558/1049/623 557/1050/609 831/1051/926
f 831/1051/926 557/1050/609 854/1052/927
f 831/1051/926 854/1052/927 832/1053/928
f 832/1053/928 854/1052/927 856/1054/929
f 832/1053/928 856/1054/929 833/1055/930
f 833/1055/930 856/1054/929 858/1056/931
f 833/1055/930 858/1056/931 834/1057/932
f 834/1057/932 858/1056/931 835/1058/933
f 835/1058/933 858/1056/931 860/1059/934
f 835/1058/933 860/1059/934 836/1060/935
f 836/1060/935 860/1059/934 862/1061/936
f 836/1060/935 862/1061/936 837/1062/937
f 837/1062/937 862/1061/936 838/1063/938
f 838/1063/938 862/1061/936 803/1064/939
f 803/1064/939 862/1061/936 861/1065/940
f 803/1064/939 861/1065/940 851/1066/941
f 851/1066/941 861/1065/940 850/1067/942
f 850/1067/942 861/1065/940 849/1068/943
f 849/1068/943 861/1065/940 859/1069/944
f 849/1068/943 859/1069/944 848/1070/945
f 848/1070/945 859/1069/944 857/1071/946
f 848/1070/945 857/1071/946 847/1072/947
f 847/1072/947 857/1071/946 846/1073/948
f 846/1073/948 857/1071/946 855/1074/949
f 846/1073/948 855/1074/949 845/1075/950
f 845/1075/950 855/1074/949 853/1076/951
f 845/1075/950 853/1076/951 844/1077/952
f 844/1077/952 853/1076/951 557/1050/609
f 557/1050/609 853/1076/951 854/1052/927
f 851/1066/941 852/1078/953 803/1064/939
f 856/1054/929 854/1052/927 853/1076/951
f 858/1056/931 856/1054/929 855/1074/949
f 855/1074/949 856/1054/929 853/1076/951
f 860/1059/934 858/1056/931 857/1071/946
f 857/1071/946 858/1056/931 855/1074/949
f 862/1061/936 860/1059/934 859/1069/944
f 859/1069/944 860/1059/934 857/1071/946
f 861/1065/940 862/1061/936 859/1069/944
f 804/1079/954 852/1080/955 813/1081/956
f 813/1081/956 852/1080/955 851/1082/957
f 813/1081/956 851/1082/957 863/1083/958
f 863/1083/958 851/1082/957 850/1084/959
f 863/1083/958 850/1084/959 849/1085/960
f 863/1083/958 849/1085/960 864/1086/961
f 864/1086/961 849/1085/960 848/1087/962
f 864/1086/961 848/1087/962 865/1088/963
f 865/1088/963 848/1087/962 847/1089/964
f 865/1088/963 847/1089/964 846/1090/965
f 865/1088/963 846/1090/965 866/1091/966
f 866/1091/966 846/1090/965 845/1092/967
f 866/1091/966 845/1092/967 867/1093/968
f 867/1093/968 845/1092/967 844/1094/969
f 867/1093/968 844/1094/969 556/1095/599
f 556/1095/599 844/1094/969 557/1096/609
f 556/1095/599 820/1097/970 867/1093/968
f 867/1093/968 820/1097/970 819/1098/971
f 867/1093/968 819/1098/971 866/1091/966
f 866/1091/966 819/1098/971 818/1099/972
f 866/1091/966 818/1099/972 865/1088/963
f 865/1088/963 818/1099/972 817/1100/973
f 865/1088/963 817/1100/973 816/1101/974
f 865/1088/963 816/1101/974 864/1086/961
f 864/1086/961 816/1101/974 815/1102/975
f 864/1086/961 815/1102/975 863/1083/958
f 863/1083/958 815/1102/975 814/1103/976
f 863/1083/958 814/1103/976 813/1081/956
f 744/1104/802 764/1105/801 804/1106/954
f 804/1106/954 764/1105/801 852/1107/955
f 764/1108/860 778/1109/874 852/1110/953
f 852/1110/953 778/1109/874 803/1111/939
f 606/1112/977 481/1113/978 583/1114/979
f 583/1114/979 481/1113/978 480/1115/980
f 583/1114/979 480/1115/980 584/1116/981
f 584/1116/981 480/1115/980 503/1117/982
f 584/1116/981 503/1117/982 585/1118/983
f 585/1118/983 503/1117/982 502/1119/984
f 585/1118/983 502/1119/984 586/1120/985
f 586/1120/985 502/1119/984 501/1121/986
f 586/1120/985 501/1121/986 587/1122/987
f 587/1122/987 501/1121/986 500/1123/988
f 587/1122/987 500/1123/988 588/1124/989
f 588/1124/989 500/1123/988 499/1125/990
f 588/1124/989 499/1125/990 589/1126/991
f 589/1126/991 499/1125/990 498/1127/992
f 589/1126/991 498/1127/992 590/1128/993
f 590/1128/993 498/1127/992 497/1129/994
f 590/1128/993 497/1129/994 591/1130/995
f 591/1130/995 497/1129/994 496/1131/996
f 591/1130/995 496/1131/996 592/1132/997
f 592/1132/997 496/1131/996 495/1133/998
f 592/1132/997 495/1133/998 593/1134/999
f 593/1134/999 495/1133/998 494/1135/1000
f 593/1134/999 494/1135/1000 594/1136/1001
f 594/1136/1001 494/1135/1000 493/1137/1002
f 594/1136/1001 493/1137/1002 595/1138/1003
f 595/1138/1003 493/1137/1002 492/1139/1004
f 595/1140/1003 492/1141/1004 596/1142/1005
f 596/1142/1005 492/1141/1004 491/1143/1006
f 596/1142/1005 491/1143/1006 597/1144/1007
f 597/1144/1007 491/1143/1006 490/1145/1008
f 597/1144/1007 490/1145/1008 598/1146/1009
f 598/1146/1009 490/1145/1008 489/1147/1010
f 598/1146/1009 489/1147/1010 599/1148/1011
f 599/1148/1011 489/1147/1010 488/1149/1012
f 599/1148/1011 488/1149/1012 600/1150/1013
f 600/1150/1013 488/1149/1012 487/1151/1014
f 600/1150/1013 487/1151/1014 601/1152/1015
f 601/1152/1015 487/1151/1014 486/1153/1016
f 601/1152/1015 486/1153/1016 602/1154/1017
f 602/1154/1017 486/1153/1016 485/1155/1018
f 602/1154/1017 485/1155/1018 603/1156/1019
f 603/1156/1019 485/1155/1018 484/1157/1020
f 603/1156/1019 484/1157/1020 604/1158/1021
f 604/1158/1021 484/1157/1020 483/1159/1022
f 604/1158/1021 483/1159/1022 605/1160/1023
f 605/1160/1023 483/1159/1022 482/1161/1024
f 605/1160/1023 482/1161/1024 606/1112/977
f 606/1112/977 482/1161/1024 481/1113/978
f 582/1162/1025 505/1163/1026 559/1164/1027
f 559/1164/1027 505/1163/1026 504/1165/1028
f 559/1164/1027 504/1165/1028 560/1166/1029
f 560/1166/1029 504/1165/1028 527/1167/1030
f 560/1166/1029 527/1167/1030 561/1168/1031
f 561/1168/1031 527/1167/1030 526/1169/1032
f 561/1168/1031 526/1169/1032 562/1170/1033
f 562/1170/1033 526/1169/1032 525/1171/1034
f 562/1170/1033 525/1171/1034 563/1172/1035
f 563/1172/1035 525/1171/1034 524/1173/1036
f 563/1172/1035 524/1173/1036 564/1174/1037
f 564/1174/1037 524/1173/1036 523/1175/1038
f 564/1174/1037 523/1175/1038 565/1176/1039
f 565/1176/1039 523/1175/1038 522/1177/1040
f 565/1176/1039 522/1177/1040 566/1178/1041
f 566/1178/1041 522/1177/1040 521/1179/1042
f 566/1178/1041 521/1179/1042 567/1180/1043
f 567/1180/1043 521/1179/1042 520/1181/1044
f 567/1180/1043 520/1181/1044 568/1182/1045
f 568/1182/1045 520/1181/1044 519/1183/1046
f 568/1182/1045 519/1183/1046 569/1184/1047
f 569/1184/1047 519/1183/1046 518/1185/1048
f 569/1184/1047 518/1185/1048 570/1186/1049
f 570/1186/1049 518/1185/1048 517/1187/1050
f 570/1186/1049 517/1187/1050 571/1188/1051
f 571/1188/1051 517/1187/1050 516/1189/1052
f 571/1190/1051 516/1191/1052 572/1192/1053
f 572/1192/1053 516/1191/1052 515/1193/1054
f 572/1192/1053 515/1193/1054 573/1194/1055
f 573/1194/1055 515/1193/1054 514/1195/1056
f 573/1194/1055 514/1195/1056 574/1196/1057
f 574/1196/1057 514/1195/1056 513/1197/1058
f 574/1196/1057 513/1197/1058 575/1198/1059
f 575/1198/1059 513/1197/1058 512/1199/1060
f 575/1198/1059 512/1199/1060 576/1200/1061
f 576/1200/1061 512/1199/1060 511/1201/1062
f 576/1200/1061 511/1201/1062 577/1202/1063
f 577/1202/1063 511/1201/1062 510/1203/1064
f 577/1202/1063 510/1203/1064 578/1204/1065
f 578/1204/1065 510/1203/1064 509/1205/1066
f 578/1204/1065 509/1205/1066 579/1206/1067
f 579/1206/1067 509/1205/1066 508/1207/1068
f 579/1206/1067 508/1207/1068 580/1208/1069
f 580/1208/1069 508/1207/1068 507/1209/1070
f 580/1208/1069 507/1209/1070 581/1210/1071
f 581/1210/1071 507/1209/1070 506/1211/1072
f 581/1210/1071 506/1211/1072 582/1162/1025
f 582/1162/1025 506/1211/1072 505/1163/1026
f 883/1212/1073 371/1213/380 884/1214/1074
f 884/1214/1074 371/1213/380 868/1215/1075
f 884/1214/1074 868/1215/1075 886/1216/1076
f 886/1216/1076 868/1215/1075 869/1217/1077
f 886/1216/1076 869/1217/1077 890/1218/1078
f 890/1218/1078 869/1217/1077 870/1219/1079
f 890/1218/1078 870/1219/1079 895/1220/1080
f 895/1220/1080 870/1219/1079 871/1221/1081
f 895/1220/1080 871/1221/1081 900/1222/1082
f 900/1222/1082 871/1221/1081 872/1223/1083
f 900/1222/1082 872/1223/1083 904/1224/1084
f 904/1224/1084 872/1223/1083 873/1225/1085
f 904/1224/1084 873/1225/1085 874/1226/1086
f 904/1224/1084 874/1226/1086 905/1227/1087
f 905/1227/1087 874/1226/1086 875/1228/1088
f 905/1227/1087 875/1228/1088 901/1229/1089
f 901/1229/1089 875/1228/1088 902/1230/1090
f 901/1229/1089 902/1230/1090 896/1231/1091
f 896/1231/1091 902/1230/1090 897/1232/1092
f 896/1231/1091 897/1232/1092 891/1233/1093
f 891/1233/1093 897/1232/1092 892/1234/1094
f 891/1233/1093 892/1234/1094 887/1235/1095
f 887/1235/1095 892/1234/1094 888/1236/1096
f 887/1235/1095 888/1236/1096 882/1237/1097
f 882/1237/1097 888/1236/1096 881/1238/1098
f 881/1238/1098 888/1236/1096 889/1239/1099
f 881/1238/1098 889/1239/1099 880/1240/1100
f 880/1240/1100 889/1239/1099 893/1241/1101
f 880/1240/1100 893/1241/1101 894/1242/1102
f 894/1242/1102 893/1241/1101 899/1243/1103
f 894/1242/1102 899/1243/1103 434/1244/510
f 434/1244/510 899/1243/1103 878/1245/1104
f 878/1245/1104 899/1243/1103 877/1246/1105
f 877/1246/1105 899/1243/1103 898/1247/1106
f 877/1246/1105 898/1247/1106 903/1248/1107
f 903/1248/1107 898/1247/1106 897/1232/1092
f 903/1248/1107 897/1232/1092 902/1230/1090
f 875/1228/1088 876/1249/1108 902/1230/1090
f 902/1230/1090 876/1249/1108 903/1248/1107
f 876/1249/1108 877/1246/1105 903/1248/1107
f 434/1244/510 879/1250/1109 894/1242/1102
f 894/1242/1102 879/1250/1109 880/1240/1100
f 887/1235/1095 882/1237/1097 885/1251/1110
f 885/1251/1110 882/1237/1097 883/1212/1073
f 885/1251/1110 883/1212/1073 884/1214/1074
f 887/1235/1095 885/1251/1110 884/1214/1074
f 891/1233/1093 887/1235/1095 886/1216/1076
f 886/1216/1076 887/1235/1095 884/1214/1074
f 893/1241/1101 889/1239/1099 888/1236/1096
f 893/1241/1101 888/1236/1096 892/1234/1094
f 896/1231/1091 891/1233/1093 890/1218/1078
f 890/1218/1078 891/1233/1093 886/1216/1076
f 897/1232/1092 898/1247/1106 892/1234/1094
f 892/1234/1094 898/1247/1106 893/1241/1101
f 898/1247/1106 899/1243/1103 893/1241/1101
f 901/1229/1089 896/1231/1091 895/1220/1080
f 895/1220/1080 896/1231/1091 890/1218/1078
f 905/1227/1087 901/1229/1089 900/1222/1082
f 900/1222/1082 901/1229/1089 895/1220/1080
f 904/1224/1084 905/1227/1087 900/1222/1082
f 371/1252/380 370/1253/369 868/1254/1075
f 868/1254/1075 370/1253/369 906/1255/1111
f 868/1254/1075 906/1255/1111 869/1256/1077
f 869/1256/1077 906/1255/1111 907/1257/1112
f 869/1256/1077 907/1257/1112 870/1258/1079
f 870/1258/1079 907/1257/1112 908/1259/1113
f 870/1258/1079 908/1259/1113 871/1260/1081
f 871/1260/1081 908/1259/1113 909/1261/1114
f 871/1260/1081 909/1261/1114 872/1262/1083
f 872/1262/1083 909/1261/1114 910/1263/1115
f 872/1262/1083 910/1263/1115 873/1264/1085
f 873/1264/1085 910/1263/1115 911/1265/1116
f 921/1266/1117 911/1267/1116 922/1268/1118
f 922/1268/1118 911/1267/1116 910/1269/1115
f 922/1268/1118 910/1269/1115 924/1270/1119
f 924/1270/1119 910/1269/1115 909/1271/1114
f 924/1270/1119 909/1271/1114 928/1272/1120
f 928/1272/1120 909/1271/1114 908/1273/1113
f 928/1272/1120 908/1273/1113 933/1274/1121
f 933/1274/1121 908/1273/1113 907/1275/1112
f 933/1274/1121 907/1275/1112 938/1276/1122
f 938/1276/1122 907/1275/1112 906/1277/1111
f 938/1276/1122 906/1277/1111 942/1278/1123
f 942/1278/1123 906/1277/1111 370/1279/369
f 942/1278/1123 370/1279/369 912/1280/1124
f 942/1278/1123 912/1280/1124 943/1281/1125
f 943/1281/1125 912/1280/1124 913/1282/1126
f 943/1281/1125 913/1282/1126 939/1283/1127
f 939/1283/1127 913/1282/1126 940/1284/1128
f 939/1283/1127 940/1284/1128 934/1285/1129
f 934/1285/1129 940/1284/1128 935/1286/1130
f 934/1285/1129 935/1286/1130 929/1287/1131
f 929/1287/1131 935/1286/1130 930/1288/1132
f 929/1287/1131 930/1288/1132 925/1289/1133
f 925/1289/1133 930/1288/1132 926/1290/1134
f 925/1289/1133 926/1290/1134 920/1291/1135
f 920/1291/1135 926/1290/1134 919/1292/1136
f 919/1292/1136 926/1290/1134 927/1293/1137
f 919/1292/1136 927/1293/1137 918/1294/1138
f 918/1294/1138 927/1293/1137 931/1295/1139
f 918/1294/1138 931/1295/1139 932/1296/1140
f 932/1296/1140 931/1295/1139 937/1297/1141
f 932/1296/1140 937/1297/1141 553/1298/580
f 553/1298/580 937/1297/1141 916/1299/1142
f 916/1299/1142 937/1297/1141 915/1300/1143
f 915/1300/1143 937/1297/1141 936/1301/1144
f 915/1300/1143 936/1301/1144 941/1302/1145
f 941/1302/1145 936/1301/1144 935/1286/1130
f 941/1302/1145 935/1286/1130 940/1284/1128
f 913/1282/1126 914/1303/1146 940/1284/1128
f 940/1284/1128 914/1303/1146 941/1302/1145
f 914/1303/1146 915/1300/1143 941/1302/1145
f 553/1298/580 917/1304/1147 932/1296/1140
f 932/1296/1140 917/1304/1147 918/1294/1138
f 925/1289/1133 920/1291/1135 923/1305/1148
f 923/1305/1148 920/1291/1135 921/1266/1117
f 923/1305/1148 921/1266/1117 922/1268/1118
f 925/1289/1133 923/1305/1148 922/1268/1118
f 929/1287/1131 925/1289/1133 924/1270/1119
f 924/1270/1119 925/1289/1133 922/1268/1118
f 931/1295/1139 927/1293/1137 926/1290/1134
f 931/1295/1139 926/1290/1134 930/1288/1132
f 934/1285/1129 929/1287/1131 928/1272/1120
f 928/1272/1120 929/1287/1131 924/1270/1119
f 935/1286/1130 936/1301/1144 930/1288/1132
f 930/1288/1132 936/1301/1144 931/1295/1139
f 936/1301/1144 937/1297/1141 931/1295/1139
f 939/1283/1127 934/1285/1129 933/1274/1121
f 933/1274/1121 934/1285/1129 928/1272/1120
f 943/1281/1125 939/1283/1127 938/1276/1122
f 938/1276/1122 939/1283/1127 933/1274/1121
f 942/1278/1123 943/1281/1125 938/1276/1122
f 372/1306/384 371/1307/380 731/1308/1149
f 731/1308/1149 371/1307/380 883/1309/1073
f 731/1308/1149 883/1309/1073 732/1310/1150
f 732/1310/1150 883/1309/1073 882/1311/1097
f 732/1310/1150 882/1311/1097 733/1312/1151
f 733/1312/1151 882/1311/1097 881/1313/1098
f 733/1312/1151 881/1313/1098 734/1314/1152
f 734/1314/1152 881/1313/1098 880/1315/1100
f 734/1314/1152 880/1315/1100 735/1316/1153
f 735/1316/1153 880/1315/1100 879/1317/1109
f 735/1316/1153 879/1317/1109 433/1318/511
f 433/1318/511 879/1317/1109 434/1319/510
f 435/1320/512 434/1321/510 950/1322/1154
f 950/1322/1154 434/1321/510 878/1323/1104
f 950/1322/1154 878/1323/1104 952/1324/1155
f 952/1324/1155 878/1323/1104 877/1325/1105
f 952/1324/1155 877/1325/1105 954/1326/1156
f 954/1326/1156 877/1325/1105 876/1327/1108
f 954/1326/1156 876/1327/1108 956/1328/1157
f 956/1328/1157 876/1327/1108 875/1329/1088
f 956/1328/1157 875/1329/1088 958/1330/1158
f 958/1330/1158 875/1329/1088 874/1331/1086
f 958/1330/1158 874/1331/1086 873/1332/1085
f 873/1332/1085 944/1333/1159 958/1330/1158
f 958/1330/1158 944/1333/1159 959/1334/1160
f 958/1330/1158 959/1334/1160 956/1328/1157
f 956/1328/1157 959/1334/1160 957/1335/1161
f 956/1328/1157 957/1335/1161 954/1326/1156
f 954/1326/1156 957/1335/1161 955/1336/1162
f 954/1326/1156 955/1336/1162 952/1324/1155
f 952/1324/1155 955/1336/1162 953/1337/1163
f 952/1324/1155 953/1337/1163 950/1322/1154
f 950/1322/1154 953/1337/1163 951/1338/1164
f 950/1322/1154 951/1338/1164 435/1320/512
f 435/1320/512 951/1338/1164 949/1339/1165
f 949/1339/1165 951/1338/1164 953/1337/1163
f 949/1339/1165 953/1337/1163 948/1340/1166
f 948/1340/1166 953/1337/1163 955/1336/1162
f 948/1340/1166 955/1336/1162 947/1341/1167
f 947/1341/1167 955/1336/1162 957/1335/1161
f 947/1341/1167 957/1335/1161 946/1342/1168
f 946/1342/1168 957/1335/1161 959/1334/1160
f 946/1342/1168 959/1334/1160 945/1343/1169
f 945/1343/1169 959/1334/1160 944/1333/1159
f 385/1344/405 960/1345/1170 972/1346/1171
f 972/1346/1171 960/1345/1170 961/1347/1172
f 972/1346/1171 961/1347/1172 971/1348/1173
f 971/1348/1173 961/1347/1172 962/1349/1174
f 971/1348/1173 962/1349/1174 970/1350/1175
f 970/1350/1175 962/1349/1174 963/1351/1176
f 970/1350/1175 963/1351/1176 969/1352/1177
f 969/1352/1177 963/1351/1176 964/1353/1178
f 969/1352/1177 964/1353/1178 968/1354/1179
f 968/1354/1179 964/1353/1178 965/1355/1180
f 968/1354/1179 965/1355/1180 967/1356/1181
f 967/1356/1181 965/1355/1180 966/1357/1182
f 386/1358/403 385/1359/405 978/1360/1183
f 978/1360/1183 385/1359/405 972/1361/1171
f 978/1360/1183 972/1361/1171 980/1362/1184
f 980/1362/1184 972/1361/1171 971/1363/1173
f 980/1362/1184 971/1363/1173 984/1364/1185
f 984/1364/1185 971/1363/1173 970/1365/1175
f 984/1364/1185 970/1365/1175 989/1366/1186
f 989/1366/1186 970/1365/1175 969/1367/1177
f 989/1366/1186 969/1367/1177 994/1368/1187
f 994/1368/1187 969/1367/1177 968/1369/1179
f 994/1368/1187 968/1369/1179 998/1370/1188
f 998/1370/1188 968/1369/1179 967/1371/1181
f 998/1370/1188 967/1371/1181 973/1372/1189
f 998/1370/1188 973/1372/1189 999/1373/1190
f 999/1373/1190 973/1372/1189 974/1374/1191
f 999/1373/1190 974/1374/1191 995/1375/1192
f 995/1375/1192 974/1374/1191 996/1376/1193
f 995/1375/1192 996/1376/1193 990/1377/1194
f 990/1377/1194 996/1376/1193 991/1378/1195
f 990/1377/1194 991/1378/1195 985/1379/1196
f 985/1379/1196 991/1378/1195 986/1380/1197
f 985/1379/1196 986/1380/1197 981/1381/1198
f 981/1381/1198 986/1380/1197 982/1382/1199
f 981/1381/1198 982/1382/1199 387/1383/401
f 387/1383/401 982/1382/1199 388/1384/400
f 388/1384/400 982/1382/1199 983/1385/1200
f 388/1384/400 983/1385/1200 389/1386/413
f 389/1386/413 983/1385/1200 987/1387/1201
f 389/1386/413 987/1387/1201 988/1388/1202
f 988/1388/1202 987/1387/1201 993/1389/1203
f 988/1388/1202 993/1389/1203 391/1390/415
f 391/1390/415 993/1389/1203 977/1391/1204
f 977/1391/1204 993/1389/1203 976/1392/1205
f 976/1392/1205 993/1389/1203 992/1393/1206
f 976/1392/1205 992/1393/1206 997/1394/1207
f 997/1394/1207 992/1393/1206 991/1378/1195
f 997/1394/1207 991/1378/1195 996/1376/1193
f 974/1374/1191 975/1395/1208 996/1376/1193
f 996/1376/1193 975/1395/1208 997/1394/1207
f 975/1395/1208 976/1392/1205 997/1394/1207
f 391/1390/415 390/1396/416 988/1388/1202
f 988/1388/1202 390/1396/416 389/1386/413
f 981/1381/1198 387/1383/401 979/1397/1209
f 979/1397/1209 387/1383/401 386/1358/403
f 979/1397/1209 386/1358/403 978/1360/1183
f 981/1381/1198 979/1397/1209 978/1360/1183
f 985/1379/1196 981/1381/1198 980/1362/1184
f 980/1362/1184 981/1381/1198 978/1360/1183
f 987/1387/1201 983/1385/1200 982/1382/1199
f 987/1387/1201 982/1382/1199 986/1380/1197
f 990/1377/1194 985/1379/1196 984/1364/1185
f 984/1364/1185 985/1379/1196 980/1362/1184
f 991/1378/1195 992/1393/1206 986/1380/1197
f 986/1380/1197 992/1393/1206 987/1387/1201
f 992/1393/1206 993/1389/1203 987/1387/1201
f 995/1375/1192 990/1377/1194 989/1366/1186
f 989/1366/1186 990/1377/1194 984/1364/1185
f 999/1373/1190 995/1375/1192 994/1368/1187
f 994/1368/1187 995/1375/1192 989/1366/1186
f 998/1370/1188 999/1373/1190 994/1368/1187
f 1012/1398/1210 1000/1399/1211 1013/1400/1212
f 1013/1400/1212 1000/1399/1211 1001/1401/1213
f 1013/1400/1212 1001/1401/1213 1014/1402/1214
f 1014/1402/1214 1001/1401/1213 1002/1403/1215
f 1014/1402/1214 1002/1403/1215 1015/1404/1216
f 1015/1404/1216 1002/1403/1215 1003/1405/1217
f 1015/1404/1216 1003/1405/1217 1016/1406/1218
f 1016/1406/1218 1003/1405/1217 1004/1407/1219
f 1016/1406/1218 1004/1407/1219 1017/1408/1220
f 1017/1408/1220 1004/1407/1219 1005/1409/1221
f 1017/1408/1220 1005/1409/1221 436/1410/516
f 436/1410/516 1005/1409/1221 437/1411/526
f 436/1410/516 1006/1412/1222 1017/1408/1220
f 1017/1408/1220 1006/1412/1222 1016/1406/1218
f 1006/1412/1222 1007/1413/1223 1016/1406/1218
f 1016/1406/1218 1007/1413/1223 1015/1404/1216
f 1007/1413/1223 1008/1414/1224 1015/1404/1216
f 1015/1404/1216 1008/1414/1224 1014/1402/1214
f 1008/1414/1224 1009/1415/1225 1014/1402/1214
f 1014/1402/1214 1009/1415/1225 1013/1400/1212
f 1009/1415/1225 1010/1416/1226 1013/1400/1212
f 1013/1400/1212 1010/1416/1226 1012/1398/1210
f 1010/1416/1226 960/1417/1170 1012/1398/1210
f 1012/1398/1210 960/1417/1170 1011/1418/1227
f 961/1419/1172 960/1420/1170 1023/1421/1228
f 1023/1421/1228 960/1420/1170 1010/1422/1226
f 1023/1421/1228 1010/1422/1226 1025/1423/1229
f 1025/1423/1229 1010/1422/1226 1009/1424/1225
f 1025/1423/1229 1009/1424/1225 1029/1425/1230
f 1029/1425/1230 1009/1424/1225 1008/1426/1224
f 1029/1425/1230 1008/1426/1224 1034/1427/1231
f 1034/1427/1231 1008/1426/1224 1007/1428/1223
f 1034/1427/1231 1007/1428/1223 1039/1429/1232
f 1039/1429/1232 1007/1428/1223 1006/1430/1222
f 1039/1429/1232 1006/1430/1222 1043/1431/1233
f 1043/1431/1233 1006/1430/1222 436/1432/516
f 1043/1431/1233 436/1432/516 1018/1433/1234
f 1043/1431/1233 1018/1433/1234 1044/1434/1235
f 1044/1434/1235 1018/1433/1234 1019/1435/1236
f 1044/1434/1235 1019/1435/1236 1040/1436/1237
f 1040/1436/1237 1019/1435/1236 1041/1437/1238
f 1040/1436/1237 1041/1437/1238 1035/1438/1239
f 1035/1438/1239 1041/1437/1238 1036/1439/1240
f 1035/1438/1239 1036/1439/1240 1030/1440/1241
f 1030/1440/1241 1036/1439/1240 1031/1441/1242
f 1030/1440/1241 1031/1441/1242 1026/1442/1243
f 1026/1442/1243 1031/1441/1242 1027/1443/1244
f 1026/1442/1243 1027/1443/1244 962/1444/1174
f 962/1444/1174 1027/1443/1244 963/1445/1176
f 963/1445/1176 1027/1443/1244 1028/1446/1245
f 963/1445/1176 1028/1446/1245 964/1447/1178
f 964/1447/1178 1028/1446/1245 1032/1448/1246
f 964/1447/1178 1032/1448/1246 1033/1449/1247
f 1033/1449/1247 1032/1448/1246 1038/1450/1248
f 1033/1449/1247 1038/1450/1248 966/1451/1182
f 966/1451/1182 1038/1450/1248 1022/1452/1249
f 1022/1452/1249 1038/1450/1248 1021/1453/1250
f 1021/1453/1250 1038/1450/1248 1037/1454/1251
f 1021/1453/1250 1037/1454/1251 1042/1455/1252
f 1042/1455/1252 1037/1454/1251 1036/1439/1240
f 1042/1455/1252 1036/1439/1240 1041/1437/1238
f 1019/1435/1236 1020/1456/1253 1041/1437/1238
f 1041/1437/1238 1020/1456/1253 1042/1455/1252
f 1020/1456/1253 1021/1453/1250 1042/1455/1252
f 966/1451/1182 965/1457/1180 1033/1449/1247
f 1033/1449/1247 965/1457/1180 964/1447/1178
f 1026/1442/1243 962/1444/1174 1024/1458/1254
f 1024/1458/1254 962/1444/1174 961/1419/1172
f 1024/1458/1254 961/1419/1172 1023/1421/1228
f 1026/1442/1243 1024/1458/1254 1023/1421/1228
f 1030/1440/1241 1026/1442/1243 1025/1423/1229
f 1025/1423/1229 1026/1442/1243 1023/1421/1228
f 1032/1448/1246 1028/1446/1245 1027/1443/1244
f 1032/1448/1246 1027/1443/1244 1031/1441/1242
f 1035/1438/1239 1030/1440/1241 1029/1425/1230
f 1029/1425/1230 1030/1440/1241 1025/1423/1229
f 1036/1439/1240 1037/1454/1251 1031/1441/1242
f 1031/1441/1242 1037/1454/1251 1032/1448/1246
f 1037/1454/1251 1038/1450/1248 1032/1448/1246
f 1040/1436/1237 1035/1438/1239 1034/1427/1231
f 1034/1427/1231 1035/1438/1239 1029/1425/1230
f 1044/1434/1235 1040/1436/1237 1039/1429/1232
f 1039/1429/1232 1040/1436/1237 1034/1427/1231
f 1043/1431/1233 1044/1434/1235 1039/1429/1232
f 977/1459/1204 1051/1460/1255 391/1461/415
f 391/1461/415 1051/1460/1255 1052/1462/1256
f 391/1461/415 1052/1462/1256 1053/1463/1257
f 1053/1463/1257 1052/1462/1256 1062/1464/1258
f 1053/1463/1257 1062/1464/1258 1063/1465/1259
f 1063/1465/1259 1062/1464/1258 1072/1466/1260
f 1063/1465/1259 1072/1466/1260 1073/1467/1261
f 1073/1467/1261 1072/1466/1260 1082/1468/1262
f 1073/1467/1261 1082/1468/1262 1083/1469/1263
f 1083/1469/1263 1082/1468/1262 1092/1470/1264
f 1083/1469/1263 1092/1470/1264 1093/1471/1265
f 1093/1471/1265 1092/1470/1264 1045/1472/1266
f 1093/1471/1265 1045/1472/1266 1094/1473/1267
f 1094/1473/1267 1045/1472/1266 1095/1474/1268
f 1094/1473/1267 1095/1474/1268 1085/1475/1269
f 1085/1475/1269 1095/1474/1268 1086/1476/1270
f 1085/1475/1269 1086/1476/1270 1076/1477/1271
f 1076/1477/1271 1086/1476/1270 1077/1478/1272
f 1076/1477/1271 1077/1478/1272 1067/1479/1273
f 1067/1479/1273 1077/1478/1272 1068/1480/1274
f 1067/1479/1273 1068/1480/1274 1058/1481/1275
f 1058/1481/1275 1068/1480/1274 1059/1482/1276
f 1058/1481/1275 1059/1482/1276 552/1483/576
f 552/1483/576 1059/1482/1276 1050/1484/1277
f 1050/1484/1277 1059/1482/1276 1068/1480/1274
f 1050/1484/1277 1068/1480/1274 1049/1485/1278
f 1049/1485/1278 1068/1480/1274 1077/1478/1272
f 1049/1485/1278 1077/1478/1272 1048/1486/1279
f 1048/1486/1279 1077/1478/1272 1086/1476/1270
f 1048/1486/1279 1086/1476/1270 1047/1487/1280
f 1047/1487/1280 1086/1476/1270 1095/1474/1268
f 1047/1487/1280 1095/1474/1268 1046/1488/1281
f 1046/1488/1281 1095/1474/1268 1045/1472/1266
f 1051/1460/1255 977/1459/1204 1060/1489/1282
f 1060/1489/1282 977/1459/1204 976/1490/1205
f 1060/1489/1282 976/1490/1205 1069/1491/1283
f 1069/1491/1283 976/1490/1205 975/1492/1208
f 1069/1491/1283 975/1492/1208 1078/1493/1284
f 1078/1493/1284 975/1492/1208 974/1494/1191
f 1078/1493/1284 974/1494/1191 1087/1495/1285
f 1087/1495/1285 974/1494/1191 973/1496/1189
f 1087/1495/1285 973/1496/1189 967/1497/1181
f 1045/1472/1266 1091/1498/1286 967/1497/1181
f 967/1497/1181 1091/1498/1286 1090/1499/1287
f 967/1497/1181 1090/1499/1287 1089/1500/1288
f 1089/1500/1288 1090/1499/1287 1080/1501/1289
f 1089/1500/1288 1080/1501/1289 1079/1502/1290
f 1079/1502/1290 1080/1501/1289 1070/1503/1291
f 1079/1502/1290 1070/1503/1291 1069/1491/1283
f 1069/1491/1283 1070/1503/1291 1060/1489/1282
f 391/1461/415 1055/1504/1292 552/1483/576
f 552/1483/576 1055/1504/1292 1056/1505/1293
f 552/1483/576 1056/1505/1293 1057/1506/1294
f 1057/1506/1294 1056/1505/1293 1066/1507/1295
f 1057/1506/1294 1066/1507/1295 1067/1479/1273
f 1067/1479/1273 1066/1507/1295 1076/1477/1271
f 1052/1462/1256 1051/1460/1255 1061/1508/1296
f 1061/1508/1296 1051/1460/1255 1060/1489/1282
f 1061/1508/1296 1060/1489/1282 1070/1503/1291
f 1055/1504/1292 391/1461/415 1054/1509/1297
f 1054/1509/1297 391/1461/415 1053/1463/1257
f 1054/1509/1297 1053/1463/1257 1063/1465/1259
f 1055/1504/1292 1054/1509/1297 1064/1510/1298
f 1064/1510/1298 1054/1509/1297 1063/1465/1259
f 1064/1510/1298 1063/1465/1259 1073/1467/1261
f 1058/1481/1275 552/1483/576 1057/1506/1294
f 1056/1505/1293 1055/1504/1292 1065/1511/1299
f 1065/1511/1299 1055/1504/1292 1064/1510/1298
f 1065/1511/1299 1064/1510/1298 1074/1512/1300
f 1074/1512/1300 1064/1510/1298 1073/1467/1261
f 1074/1512/1300 1073/1467/1261 1083/1469/1263
f 1067/1479/1273 1058/1481/1275 1057/1506/1294
f 1052/1462/1256 1061/1508/1296 1062/1464/1258
f 1062/1464/1258 1061/1508/1296 1071/1513/1301
f 1062/1464/1258 1071/1513/1301 1072/1466/1260
f 1072/1466/1260 1071/1513/1301 1081/1514/1302
f 1072/1466/1260 1081/1514/1302 1082/1468/1262
f 1082/1468/1262 1081/1514/1302 1091/1498/1286
f 1082/1468/1262 1091/1498/1286 1092/1470/1264
f 1092/1470/1264 1091/1498/1286 1045/1472/1266
f 1071/1513/1301 1061/1508/1296 1070/1503/1291
f 1056/1505/1293 1065/1511/1299 1066/1507/1295
f 1066/1507/1295 1065/1511/1299 1075/1515/1303
f 1066/1507/1295 1075/1515/1303 1076/1477/1271
f 1076/1477/1271 1075/1515/1303 1085/1475/1269
f 1075/1515/1303 1065/1511/1299 1074/1512/1300
f 1079/1502/1290 1069/1491/1283 1078/1493/1284
f 1081/1514/1302 1071/1513/1301 1080/1501/1289
f 1080/1501/1289 1071/1513/1301 1070/1503/1291
f 1075/1515/1303 1074/1512/1300 1084/1516/1304
f 1084/1516/1304 1074/1512/1300 1083/1469/1263
f 1084/1516/1304 1083/1469/1263 1093/1471/1265
f 1079/1502/1290 1078/1493/1284 1088/1517/1305
f 1088/1517/1305 1078/1493/1284 1087/1495/1285
f 1088/1517/1305 1087/1495/1285 967/1497/1181
f 1091/1498/1286 1081/1514/1302 1090/1499/1287
f 1090/1499/1287 1081/1514/1302 1080/1501/1289
f 1094/1473/1267 1085/1475/1269 1084/1516/1304
f 1084/1516/1304 1085/1475/1269 1075/1515/1303
f 1094/1473/1267 1084/1516/1304 1093/1471/1265
f 967/1497/1181 1089/1500/1288 1088/1517/1305
f 1088/1517/1305 1089/1500/1288 1079/1502/1290
f 966/1518/1182 944/1519/1306 967/1520/1181
f 967/1520/1181 944/1519/1306 1045/1521/1266
f 1022/1522/1249 1096/1523/1307 966/1524/1182
f 966/1524/1182 1096/1523/1307 1097/1525/1308
f 966/1524/1182 1097/1525/1308 1098/1526/1309
f 1098/1526/1309 1097/1525/1308 1107/1527/1310
f 1098/1526/1309 1107/1527/1310 1108/1528/1311
f 1108/1528/1311 1107/1527/1310 1117/1529/1312
f 1108/1528/1311 1117/1529/1312 1118/1530/1313
f 1118/1530/1313 1117/1529/1312 1127/1531/1314
f 1118/1530/1313 1127/1531/1314 1128/1532/1315
f 1128/1532/1315 1127/1531/1314 1137/1533/1316
f 1128/1532/1315 1137/1533/1316 1138/1534/1317
f 1138/1534/1317 1137/1533/1316 435/1535/512
f 1138/1534/1317 435/1535/512 1139/1536/1318
f 1139/1536/1318 435/1535/512 1140/1537/1319
f 1139/1536/1318 1140/1537/1319 1130/1538/1320
f 1130/1538/1320 1140/1537/1319 1131/1539/1321
f 1130/1538/1320 1131/1539/1321 1121/1540/1322
f 1121/1540/1322 1131/1539/1321 1122/1541/1323
f 1121/1540/1322 1122/1541/1323 1112/1542/1324
f 1112/1542/1324 1122/1541/1323 1113/1543/1325
f 1112/1542/1324 1113/1543/1325 1103/1544/1326
f 1103/1544/1326 1113/1543/1325 1104/1545/1327
f 1103/1544/1326 1104/1545/1327 944/1546/1306
f 944/1546/1306 1104/1545/1327 945/1547/1328
f 945/1547/1328 1104/1545/1327 946/1548/1329
f 946/1548/1329 1104/1545/1327 1113/1543/1325
f 946/1548/1329 1113/1543/1325 947/1549/1330
f 947/1549/1330 1113/1543/1325 1122/1541/1323
f 947/1549/1330 1122/1541/1323 948/1550/1331
f 948/1550/1331 1122/1541/1323 1131/1539/1321
f 948/1550/1331 1131/1539/1321 949/1551/1332
f 949/1551/1332 1131/1539/1321 1140/1537/1319
f 949/1551/1332 1140/1537/1319 435/1535/512
f 1096/1523/1307 1022/1522/1249 1105/1552/1333
f 1105/1552/1333 1022/1522/1249 1021/1553/1250
f 1105/1552/1333 1021/1553/1250 1114/1554/1334
f 1114/1554/1334 1021/1553/1250 1020/1555/1253
f 1114/1554/1334 1020/1555/1253 1123/1556/1335
f 1123/1556/1335 1020/1555/1253 1019/1557/1236
f 1123/1556/1335 1019/1557/1236 1132/1558/1336
f 1132/1558/1336 1019/1557/1236 1018/1559/1234
f 1132/1558/1336 1018/1559/1234 436/1560/516
f 435/1535/512 1136/1561/1337 436/1560/516
f 436/1560/516 1136/1561/1337 1135/1562/1338
f 436/1560/516 1135/1562/1338 1134/1563/1339
f 1134/1563/1339 1135/1562/1338 1125/1564/1340
f 1134/1563/1339 1125/1564/1340 1124/1565/1341
f 1124/1565/1341 1125/1564/1340 1115/1566/1342
f 1124/1565/1341 1115/1566/1342 1114/1554/1334
f 1114/1554/1334 1115/1566/1342 1105/1552/1333
f 966/1524/1182 1100/1567/1343 944/1546/1306
f 944/1546/1306 1100/1567/1343 1101/1568/1344
f 944/1546/1306 1101/1568/1344 1102/1569/1345
f 1102/1569/1345 1101/1568/1344 1111/1570/1346
f 1102/1569/1345 1111/1570/1346 1112/1542/1324
f 1112/1542/1324 1111/1570/1346 1121/1540/1322
f 1097/1525/1308 1096/1523/1307 1106/1571/1347
f 1106/1571/1347 1096/1523/1307 1105/1552/1333
f 1106/1571/1347 1105/1552/1333 1115/1566/1342
f 1100/1567/1343 966/1524/1182 1099/1572/1348
f 1099/1572/1348 966/1524/1182 1098/1526/1309
f 1099/1572/1348 1098/1526/1309 1108/1528/1311
f 1100/1567/1343 1099/1572/1348 1109/1573/1349
f 1109/1573/1349 1099/1572/1348 1108/1528/1311
f 1109/1573/1349 1108/1528/1311 1118/1530/1313
f 1103/1544/1326 944/1546/1306 1102/1569/1345
f 1101/1568/1344 1100/1567/1343 1110/1574/1350
f 1110/1574/1350 1100/1567/1343 1109/1573/1349
f 1110/1574/1350 1109/1573/1349 1119/1575/1351
f 1119/1575/1351 1109/1573/1349 1118/1530/1313
f 1119/1575/1351 1118/1530/1313 1128/1532/1315
f 1112/1542/1324 1103/1544/1326 1102/1569/1345
f 1097/1525/1308 1106/1571/1347 1107/1527/1310
f 1107/1527/1310 1106/1571/1347 1116/1576/1352
f 1107/1527/1310 1116/1576/1352 1117/1529/1312
f 1117/1529/1312 1116/1576/1352 1126/1577/1353
f 1117/1529/1312 1126/1577/1353 1127/1531/1314
f 1127/1531/1314 1126/1577/1353 1136/1561/1337
f 1127/1531/1314 1136/1561/1337 1137/1533/1316
f 1137/1533/1316 1136/1561/1337 435/1535/512
f 1116/1576/1352 1106/1571/1347 1115/1566/1342
f 1101/1568/1344 1110/1574/1350 1111/1570/1346
f 1111/1570/1346 1110/1574/1350 1120/1578/1354
f 1111/1570/1346 1120/1578/1354 1121/1540/1322
f 1121/1540/1322 1120/1578/1354 1130/1538/1320
f 1120/1578/1354 1110/1574/1350 1119/1575/1351
f 1124/1565/1341 1114/1554/1334 1123/1556/1335
f 1126/1577/1353 1116/1576/1352 1125/1564/1340
f 1125/1564/1340 1116/1576/1352 1115/1566/1342
f 1120/1578/1354 1119/1575/1351 1129/1579/1355
f 1129/1579/1355 1119/1575/1351 1128/1532/1315
f 1129/1579/1355 1128/1532/1315 1138/1534/1317
f 1124/1565/1341 1123/1556/1335 1133/1580/1356
f 1133/1580/1356 1123/1556/1335 1132/1558/1336
f 1133/1580/1356 1132/1558/1336 436/1560/516
f 1136/1561/1337 1126/1577/1353 1135/1562/1338
f 1135/1562/1338 1126/1577/1353 1125/1564/1340
f 1139/1536/1318 1130/1538/1320 1129/1579/1355
f 1129/1579/1355 1130/1538/1320 1120/1578/1354
f 1139/1536/1318 1129/1579/1355 1138/1534/1317
f 436/1560/516 1134/1563/1339 1133/1580/1356
f 1133/1580/1356 1134/1563/1339 1124/1565/1341
f 259/1581/247 1144/1582/1357 247/1583/248
f 247/1583/248 1144/1582/1357 1145/1584/1358
f 247/1583/248 1145/1584/1358 385/1585/405
f 385/1585/405 1145/1584/1358 960/1586/1170
f 960/1586/1170 1145/1584/1358 1146/1587/1359
f 960/1586/1170 1146/1587/1359 1147/1588/1360
f 420/1589/434 1141/1590/1361 259/1581/247
f 259/1581/247 1141/1590/1361 1142/1591/1362
f 259/1581/247 1142/1591/1362 1143/1592/1363
f 1143/1592/1363 1144/1582/1357 259/1581/247
f 1147/1588/1360 1148/1593/1364 960/1586/1170
f 960/1586/1170 1148/1593/1364 1011/1594/1227
f 1149/1595/1365 1171/1596/1366 369/1597/371
f 369/1597/371 1171/1596/1366 1170/1598/1367
f 369/1597/371 1170/1598/1367 1164/1599/1368
f 1164/1599/1368 1170/1598/1367 1179/1600/1369
f 1164/1599/1368 1179/1600/1369 1163/1601/1370
f 1163/1601/1370 1179/1600/1369 1180/1602/1371
f 1163/1601/1370 1180/1602/1371 1162/1603/1372
f 1162/1603/1372 1180/1602/1371 1187/1604/1373
f 1162/1603/1372 1187/1604/1373 1161/1605/1374
f 1161/1605/1374 1187/1604/1373 1186/1606/1375
f 1161/1605/1374 1186/1606/1375 1189/1607/1376
f 1189/1607/1376 1186/1606/1375 1185/1608/1377
f 1189/1607/1376 1185/1608/1377 1188/1609/1378
f 1188/1609/1378 1185/1608/1377 1159/1610/1379
f 1188/1609/1378 1159/1610/1379 554/1611/584
f 1149/1595/1365 1150/1612/1380 1171/1596/1366
f 1171/1596/1366 1150/1612/1380 1172/1613/1381
f 1171/1596/1366 1172/1613/1381 1170/1598/1367
f 1170/1598/1367 1172/1613/1381 1169/1614/1382
f 1170/1598/1367 1169/1614/1382 1179/1600/1369
f 1179/1600/1369 1169/1614/1382 1178/1615/1383
f 1179/1600/1369 1178/1615/1383 1180/1602/1371
f 1180/1602/1371 1178/1615/1383 1177/1616/1384
f 1180/1602/1371 1177/1616/1384 1181/1617/1385
f 1181/1617/1385 1177/1616/1384 1176/1618/1386
f 1181/1617/1385 1176/1618/1386 1182/1619/1387
f 1182/1619/1387 1176/1618/1386 1165/1620/1388
f 1182/1619/1387 1165/1620/1388 1183/1621/1389
f 1183/1621/1389 1165/1620/1388 1157/1622/1390
f 1183/1621/1389 1157/1622/1390 1184/1623/1391
f 1184/1623/1391 1157/1622/1390 1158/1624/1392
f 1184/1623/1391 1158/1624/1392 1185/1608/1377
f 1185/1608/1377 1158/1624/1392 1159/1610/1379
f 1172/1613/1381 1150/1612/1380 1173/1625/1393
f 1173/1625/1393 1150/1612/1380 1151/1626/1394
f 1173/1625/1393 1151/1626/1394 1174/1627/1395
f 1174/1627/1395 1151/1626/1394 1152/1628/1396
f 1174/1627/1395 1152/1628/1396 1175/1629/1397
f 1175/1629/1397 1152/1628/1396 1153/1630/1398
f 1175/1629/1397 1153/1630/1398 1154/1631/1399
f 1154/1631/1399 1155/1632/1400 1175/1629/1397
f 1175/1629/1397 1155/1632/1400 1166/1633/1401
f 1175/1629/1397 1166/1633/1401 1167/1634/1402
f 1167/1634/1402 1166/1633/1401 1176/1618/1386
f 1167/1634/1402 1176/1618/1386 1177/1616/1384
f 1155/1632/1400 1156/1635/1403 1166/1633/1401
f 1166/1633/1401 1156/1635/1403 1165/1620/1388
f 1166/1633/1401 1165/1620/1388 1176/1618/1386
f 1156/1635/1403 1157/1622/1390 1165/1620/1388
f 554/1611/584 1160/1636/1404 1188/1609/1378
f 1188/1609/1378 1160/1636/1404 1189/1607/1376
f 1160/1636/1404 1161/1605/1374 1189/1607/1376
f 1174/1627/1395 1175/1629/1397 1167/1634/1402
f 1173/1625/1393 1174/1627/1395 1168/1637/1405
f 1168/1637/1405 1174/1627/1395 1167/1634/1402
f 1168/1637/1405 1167/1634/1402 1177/1616/1384
f 1172/1613/1381 1173/1625/1393 1169/1614/1382
f 1169/1614/1382 1173/1625/1393 1168/1637/1405
f 1169/1614/1382 1168/1637/1405 1178/1615/1383
f 1178/1615/1383 1168/1637/1405 1177/1616/1384
f 1186/1606/1375 1187/1604/1373 1181/1617/1385
f 1181/1617/1385 1187/1604/1373 1180/1602/1371
f 1185/1608/1377 1186/1606/1375 1182/1619/1387
f 1182/1619/1387 1186/1606/1375 1181/1617/1385
f 1184/1623/1391 1185/1608/1377 1183/1621/1389
f 1183/1621/1389 1185/1608/1377 1182/1619/1387
f 369/1638/371 368/1639/378 1149/1640/1365
f 1149/1640/1365 368/1639/378 1190/1641/1406
f 1149/1640/1365 1190/1641/1406 1150/1642/1380
f 1150/1642/1380 1190/1641/1406 1191/1643/1407
f 1150/1642/1380 1191/1643/1407 1151/1644/1394
f 1151/1644/1394 1191/1643/1407 1192/1645/1408
f 1151/1644/1394 1192/1645/1408 1152/1646/1396
f 1152/1646/1396 1192/1645/1408 1193/1647/1409
f 1152/1646/1396 1193/1647/1409 1153/1648/1398
f 1153/1648/1398 1193/1647/1409 1194/1649/1410
f 1153/1648/1398 1194/1649/1410 1154/1650/1399
f 1154/1650/1399 1194/1649/1410 1195/1651/1411
f 1205/1652/1412 1195/1653/1411 1212/1654/1413
f 1212/1654/1413 1195/1653/1411 1194/1655/1410
f 1212/1654/1413 1194/1655/1410 1193/1656/1409
f 1212/1654/1413 1193/1656/1409 1211/1657/1414
f 1211/1657/1414 1193/1656/1409 1192/1658/1408
f 1211/1657/1414 1192/1658/1408 1210/1659/1415
f 1210/1659/1415 1192/1658/1408 1191/1660/1407
f 1210/1659/1415 1191/1660/1407 1209/1661/1416
f 1209/1661/1416 1191/1660/1407 1190/1662/1406
f 1209/1661/1416 1190/1662/1406 1208/1663/1417
f 1208/1663/1417 1190/1662/1406 368/1664/378
f 1208/1663/1417 368/1664/378 1213/1665/1418
f 1213/1665/1418 368/1664/378 1196/1666/1419
f 1213/1665/1418 1196/1666/1419 1218/1667/1420
f 1218/1667/1420 1196/1666/1419 1197/1668/1421
f 1218/1667/1420 1197/1668/1421 1206/1669/1422
f 1206/1669/1422 1197/1668/1421 1198/1670/1423
f 1206/1669/1422 1198/1670/1423 1225/1671/1424
f 1225/1671/1424 1198/1670/1423 1199/1672/1425
f 1225/1671/1424 1199/1672/1425 1226/1673/1426
f 1226/1673/1426 1199/1672/1425 1229/1674/1427
f 1226/1673/1426 1229/1674/1427 1230/1675/1428
f 1230/1675/1428 1229/1674/1427 1200/1676/1429
f 1230/1675/1428 1200/1676/1429 426/1677/435
f 1199/1672/1425 1200/1676/1429 1229/1674/1427
f 426/1677/435 1201/1678/1430 1230/1675/1428
f 1230/1675/1428 1201/1678/1430 1227/1679/1431
f 1230/1675/1428 1227/1679/1431 1226/1673/1426
f 1226/1673/1426 1227/1679/1431 1222/1680/1432
f 1226/1673/1426 1222/1680/1432 1206/1669/1422
f 1206/1669/1422 1222/1680/1432 1219/1681/1433
f 1206/1669/1422 1219/1681/1433 1218/1667/1420
f 1218/1667/1420 1219/1681/1433 1213/1665/1418
f 1201/1678/1430 1202/1682/1434 1227/1679/1431
f 1227/1679/1431 1202/1682/1434 1228/1683/1435
f 1227/1679/1431 1228/1683/1435 1223/1684/1436
f 1223/1684/1436 1228/1683/1435 1224/1685/1437
f 1223/1684/1436 1224/1685/1437 1221/1686/1438
f 1221/1686/1438 1224/1685/1437 1207/1687/1439
f 1221/1686/1438 1207/1687/1439 1216/1688/1440
f 1216/1688/1440 1207/1687/1439 1217/1689/1441
f 1216/1688/1440 1217/1689/1441 1211/1657/1414
f 1211/1657/1414 1217/1689/1441 1212/1654/1413
f 1202/1682/1434 1203/1690/1442 1228/1683/1435
f 1228/1683/1435 1203/1690/1442 1224/1685/1437
f 1224/1685/1437 1203/1690/1442 1207/1687/1439
f 1207/1687/1439 1203/1690/1442 1204/1691/1443
f 1207/1687/1439 1204/1691/1443 1217/1689/1441
f 1217/1689/1441 1204/1691/1443 1205/1652/1412
f 1217/1689/1441 1205/1652/1412 1212/1654/1413
f 1209/1661/1416 1208/1663/1417 1214/1692/1444
f 1214/1692/1444 1208/1663/1417 1213/1665/1418
f 1214/1692/1444 1213/1665/1418 1219/1681/1433
f 1216/1688/1440 1211/1657/1414 1210/1659/1415
f 1210/1659/1415 1209/1661/1416 1215/1693/1445
f 1215/1693/1445 1209/1661/1416 1214/1692/1444
f 1215/1693/1445 1214/1692/1444 1220/1694/1446
f 1220/1694/1446 1214/1692/1444 1219/1681/1433
f 1220/1694/1446 1219/1681/1433 1222/1680/1432
f 1221/1686/1438 1216/1688/1440 1215/1693/1445
f 1215/1693/1445 1216/1688/1440 1210/1659/1415
f 1221/1686/1438 1215/1693/1445 1220/1694/1446
f 1223/1684/1436 1221/1686/1438 1220/1694/1446
f 1223/1684/1436 1220/1694/1446 1222/1680/1432
f 1227/1679/1431 1223/1684/1436 1222/1680/1432
f 1225/1671/1424 1226/1673/1426 1206/1669/1422
f 916/1695/1142 1231/1696/1447 553/1697/580
f 553/1697/580 1231/1696/1447 1232/1698/1448
f 553/1697/580 1232/1698/1448 1233/1699/1449
f 1233/1699/1449 1232/1698/1448 1237/1700/1450
f 1233/1699/1449 1237/1700/1450 1238/1701/1451
f 1238/1701/1451 1237/1700/1450 1242/1702/1452
f 1238/1701/1451 1242/1702/1452 1162/1703/1372
f 1162/1703/1372 1242/1702/1452 1163/1704/1370
f 1163/1704/1370 1242/1702/1452 1246/1705/1453
f 1163/1704/1370 1246/1705/1453 1164/1706/1368
f 1164/1706/1368 1246/1705/1453 1250/1707/1454
f 1164/1706/1368 1250/1707/1454 369/1708/371
f 369/1708/371 1250/1707/1454 1249/1709/1455
f 369/1708/371 1249/1709/1455 1248/1710/1456
f 1248/1710/1456 1249/1709/1455 1244/1711/1457
f 1248/1710/1456 1244/1711/1457 1243/1712/1458
f 1243/1712/1458 1244/1711/1457 1239/1713/1459
f 1243/1712/1458 1239/1713/1459 914/1714/1146
f 914/1714/1146 1239/1713/1459 915/1715/1143
f 915/1715/1143 1239/1713/1459 1235/1716/1460
f 915/1715/1143 1235/1716/1460 916/1695/1142
f 916/1695/1142 1235/1716/1460 1231/1696/1447
f 914/1714/1146 913/1717/1126 1243/1712/1458
f 1243/1712/1458 913/1717/1126 1247/1718/1461
f 1243/1712/1458 1247/1718/1461 1248/1710/1456
f 1248/1710/1456 1247/1718/1461 370/1719/369
f 1248/1710/1456 370/1719/369 369/1708/371
f 913/1717/1126 912/1720/1124 1247/1718/1461
f 1247/1718/1461 912/1720/1124 370/1719/369
f 1162/1703/1372 1161/1721/1374 1238/1701/1451
f 1238/1701/1451 1161/1721/1374 1234/1722/1462
f 1238/1701/1451 1234/1722/1462 1233/1699/1449
f 1233/1699/1449 1234/1722/1462 554/1723/584
f 1233/1699/1449 554/1723/584 553/1697/580
f 1161/1721/1374 1160/1724/1404 1234/1722/1462
f 1234/1722/1462 1160/1724/1404 554/1723/584
f 1232/1698/1448 1231/1696/1447 1236/1725/1463
f 1236/1725/1463 1231/1696/1447 1235/1716/1460
f 1236/1725/1463 1235/1716/1460 1240/1726/1464
f 1240/1726/1464 1235/1716/1460 1239/1713/1459
f 1240/1726/1464 1239/1713/1459 1244/1711/1457
f 1232/1698/1448 1236/1725/1463 1237/1700/1450
f 1237/1700/1450 1236/1725/1463 1241/1727/1465
f 1237/1700/1450 1241/1727/1465 1242/1702/1452
f 1242/1702/1452 1241/1727/1465 1246/1705/1453
f 1241/1727/1465 1236/1725/1463 1240/1726/1464
f 1241/1727/1465 1240/1726/1464 1245/1728/1466
f 1245/1728/1466 1240/1726/1464 1244/1711/1457
f 1245/1728/1466 1244/1711/1457 1249/1709/1455
f 1250/1707/1454 1246/1705/1453 1245/1728/1466
f 1245/1728/1466 1246/1705/1453 1241/1727/1465
f 1250/1707/1454 1245/1728/1466 1249/1709/1455
f 293/1729/299 554/1730/584 294/1731/1467
f 294/1731/1467 554/1730/584 1159/1732/1379
f 294/1731/1467 1159/1732/1379 295/1733/1468
f 295/1733/1468 1159/1732/1379 1158/1734/1392
f 295/1733/1468 1158/1734/1392 296/1735/1469
f 296/1735/1469 1158/1734/1392 1157/1736/1390
f 296/1735/1469 1157/1736/1390 297/1737/1470
f 297/1737/1470 1157/1736/1390 1156/1738/1403
f 297/1737/1470 1156/1738/1403 298/1739/1471
f 298/1739/1471 1156/1738/1403 1155/1740/1400
f 298/1739/1471 1155/1740/1400 299/1741/1472
f 299/1741/1472 1155/1740/1400 1154/1742/1399
f 921/1743/1117 1251/1744/1473 911/1745/1116
f 911/1745/1116 1251/1744/1473 1252/1746/1474
f 911/1745/1116 1252/1746/1474 1045/1747/1475
f 1045/1747/1475 1252/1746/1474 1046/1748/1476
f 1046/1748/1476 1252/1746/1474 1047/1749/1477
f 1047/1749/1477 1252/1746/1474 1254/1750/1478
f 1047/1749/1477 1254/1750/1478 1048/1751/1479
f 1048/1751/1479 1254/1750/1478 1256/1752/1480
f 1048/1751/1479 1256/1752/1480 1049/1753/1481
f 1049/1753/1481 1256/1752/1480 1258/1754/1482
f 1049/1753/1481 1258/1754/1482 1050/1755/1483
f 1050/1755/1483 1258/1754/1482 1260/1756/1484
f 1050/1755/1483 1260/1756/1484 552/1757/576
f 552/1757/576 1260/1756/1484 1259/1758/1485
f 552/1757/576 1259/1758/1485 553/1759/580
f 553/1759/580 1259/1758/1485 917/1760/1147
f 917/1760/1147 1259/1758/1485 918/1761/1138
f 918/1761/1138 1259/1758/1485 1257/1762/1486
f 918/1761/1138 1257/1762/1486 919/1763/1136
f 919/1763/1136 1257/1762/1486 1255/1764/1487
f 919/1763/1136 1255/1764/1487 920/1765/1135
f 920/1765/1135 1255/1764/1487 1253/1766/1488
f 920/1765/1135 1253/1766/1488 921/1743/1117
f 921/1743/1117 1253/1766/1488 1251/1744/1473
f 1254/1750/1478 1252/1746/1474 1251/1744/1473
f 1254/1750/1478 1251/1744/1473 1253/1766/1488
f 1256/1752/1480 1254/1750/1478 1253/1766/1488
f 1256/1752/1480 1253/1766/1488 1255/1764/1487
f 1258/1754/1482 1256/1752/1480 1255/1764/1487
f 1258/1754/1482 1255/1764/1487 1257/1762/1486
f 1260/1756/1484 1258/1754/1482 1257/1762/1486
f 1260/1756/1484 1257/1762/1486 1259/1758/1485
f 1154/1767/1399 1195/1768/1411 299/1769/1472
f 299/1769/1472 1195/1768/1411 200/1770/1489
f 873/1771/1085 911/1772/1116 944/1773/1159
f 944/1773/1159 911/1772/1116 1045/1774/1475
f 1195/1775/1411 1205/1776/1412 200/1777/1489
f 200/1777/1489 1205/1776/1412 201/1778/1490
f 201/1778/1490 1205/1776/1412 1204/1779/1443
f 201/1778/1490 1204/1779/1443 202/1780/1491
f 202/1780/1491 1204/1779/1443 1203/1781/1442
f 202/1780/1491 1203/1781/1442 203/1782/1492
f 203/1782/1492 1203/1781/1442 1202/1783/1434
f 203/1782/1492 1202/1783/1434 204/1784/1493
f 204/1784/1493 1202/1783/1434 1201/1785/1430
f 204/1784/1493 1201/1785/1430 205/1786/1494
f 205/1786/1494 1201/1785/1430 426/1787/435
f 205/1786/1494 426/1787/435 206/1788/217
f 426/1789/435 1200/1790/1429 379/1791/436
f 379/1791/436 1200/1790/1429 380/1792/1495
f 380/1792/1495 1200/1790/1429 1199/1793/1425
f 380/1792/1495 1199/1793/1425 381/1794/1496
f 381/1794/1496 1199/1793/1425 1198/1795/1423
f 381/1794/1496 1198/1795/1423 382/1796/1497
f 382/1796/1497 1198/1795/1423 1197/1797/1421
f 382/1796/1497 1197/1797/1421 383/1798/1498
f 383/1798/1498 1197/1797/1421 1196/1799/1419
f 383/1798/1498 1196/1799/1419 384/1800/1499
f 384/1800/1499 1196/1799/1419 368/1801/378
f 384/1800/1499 368/1801/378 367/1802/379
f 1266/1803/1500 418/1804/1501 1261/1805/1502
f 1261/1805/1502 418/1804/1501 417/1806/1503
f 1261/1805/1502 417/1806/1503 416/1807/1504
f 1261/1805/1502 416/1807/1504 451/1808/1505
f 451/1808/1505 416/1807/1504 415/1809/1506
f 451/1808/1505 415/1809/1506 414/1810/1507
f 413/1811/1508 412/1812/1509 414/1810/1507
f 414/1810/1507 412/1812/1509 451/1808/1505
f 1261/1805/1502 1262/1813/1510 1266/1803/1500
f 1266/1803/1500 1262/1813/1510 1263/1814/1511
f 1266/1803/1500 1263/1814/1511 1264/1815/1512
f 1264/1815/1512 1265/1816/1513 1266/1803/1500
f 654/1817/1514 457/1818/1515 631/1819/1516
f 631/1819/1516 457/1818/1515 456/1820/1517
f 631/1819/1516 456/1820/1517 632/1821/1518
f 632/1821/1518 456/1820/1517 479/1822/1519
f 632/1821/1518 479/1822/1519 633/1823/1520
f 633/1823/1520 479/1822/1519 478/1824/1521
f 633/1823/1520 478/1824/1521 634/1825/1522
f 634/1825/1522 478/1824/1521 477/1826/1523
f 634/1825/1522 477/1826/1523 635/1827/1524
f 635/1827/1524 477/1826/1523 476/1828/1525
f 635/1827/1524 476/1828/1525 636/1829/1526
f 636/1829/1526 476/1828/1525 475/1830/1527
f 636/1829/1526 475/1830/1527 637/1831/1528
f 637/1831/1528 475/1830/1527 474/1832/1529
f 637/1831/1528 474/1832/1529 638/1833/1530
f 638/1833/1530 474/1832/1529 473/1834/1531
f 638/1833/1530 473/1834/1531 639/1835/1532
f 639/1835/1532 473/1834/1531 472/1836/1533
f 639/1835/1532 472/1836/1533 640/1837/1534
f 640/1837/1534 472/1836/1533 471/1838/1535
f 640/1837/1534 471/1838/1535 641/1839/1536
f 641/1839/1536 471/1838/1535 470/1840/1537
f 641/1839/1536 470/1840/1537 642/1841/1538
f 642/1841/1538 470/1840/1537 469/1842/1539
f 642/1841/1538 469/1842/1539 643/1843/1540
f 643/1843/1540 469/1842/1539 468/1844/1541
f 643/1845/1540 468/1846/1541 644/1847/1542
f 644/1847/1542 468/1846/1541 467/1848/1543
f 644/1847/1542 467/1848/1543 645/1849/1544
f 645/1849/1544 467/1848/1543 466/1850/1545
f 645/1849/1544 466/1850/1545 646/1851/1546
f 646/1851/1546 466/1850/1545 465/1852/1547
f 646/1851/1546 465/1852/1547 647/1853/1548
f 647/1853/1548 465/1852/1547 464/1854/1549
f 647/1853/1548 464/1854/1549 648/1855/1550
f 648/1855/1550 464/1854/1549 463/1856/1551
f 648/1855/1550 463/1856/1551 649/1857/1552
f 649/1857/1552 463/1856/1551 462/1858/1553
f 649/1857/1552 462/1858/1553 650/1859/1554
f 650/1859/1554 462/1858/1553 461/1860/1555
f 650/1859/1554 461/1860/1555 651/1861/1556
f 651/1861/1556 461/1860/1555 460/1862/1557
f 651/1861/1556 460/1862/1557 652/1863/1558
f 652/1863/1558 460/1862/1557 459/1864/1559
f 652/1863/1558 459/1864/1559 653/1865/1560
f 653/1865/1560 459/1864/1559 458/1866/1561
f 653/1865/1560 458/1866/1561 654/1817/1514
f 654/1817/1514 458/1866/1561 457/1818/1515
f 630/1867/1562 529/1868/1563 607/1869/1564
f 607/1869/1564 529/1868/1563 528/1870/1565
f 607/1869/1564 528/1870/1565 608/1871/1566
f 608/1871/1566 528/1870/1565 551/1872/1567
f 608/1871/1566 551/1872/1567 609/1873/1568
f 609/1873/1568 551/1872/1567 550/1874/1569
f 609/1873/1568 550/1874/1569 610/1875/1570
f 610/1875/1570 550/1874/1569 549/1876/1571
f 610/1875/1570 549/1876/1571 611/1877/1572
f 611/1877/1572 549/1876/1571 548/1878/1573
f 611/1877/1572 548/1878/1573 612/1879/1574
f 612/1879/1574 548/1878/1573 547/1880/1575
f 612/1879/1574 547/1880/1575 613/1881/1576
f 613/1881/1576 547/1880/1575 546/1882/1577
f 613/1881/1576 546/1882/1577 614/1883/1578
f 614/1883/1578 546/1882/1577 545/1884/1579
f 614/1883/1578 545/1884/1579 615/1885/1580
f 615/1885/1580 545/1884/1579 544/1886/1581
f 615/1885/1580 544/1886/1581 616/1887/1582
f 616/1887/1582 544/1886/1581 543/1888/1583
f 616/1887/1582 543/1888/1583 617/1889/1584
f 617/1889/1584 543/1888/1583 542/1890/1585
f 617/1889/1584 542/1890/1585 618/1891/1586
f 618/1891/1586 542/1890/1585 541/1892/1587
f 618/1891/1586 541/1892/1587 619/1893/1588
f 619/1893/1588 541/1892/1587 540/1894/1589
f 619/1895/1588 540/1896/1589 620/1897/1590
f 620/1897/1590 540/1896/1589 539/1898/1591
f 620/1897/1590 539/1898/1591 621/1899/1592
f 621/1899/1592 539/1898/1591 538/1900/1593
f 621/1899/1592 538/1900/1593 622/1901/1594
f 622/1901/1594 538/1900/1593 537/1902/1595
f 622/1901/1594 537/1902/1595 623/1903/1596
f 623/1903/1596 537/1902/1595 536/1904/1597
f 623/1903/1596 536/1904/1597 624/1905/1598
f 624/1905/1598 536/1904/1597 535/1906/1599
f 624/1905/1598 535/1906/1599 625/1907/1600
f 625/1907/1600 535/1906/1599 534/1908/1601
f 625/1907/1600 534/1908/1601 626/1909/1602
f 626/1909/1602 534/1908/1601 533/1910/1603
f 626/1909/1602 533/1910/1603 627/1911/1604
f 627/1911/1604 533/1910/1603 532/1912/1605
f 627/1911/1604 532/1912/1605 628/1913/1606
f 628/1913/1606 532/1912/1605 531/1914/1607
f 628/1913/1606 531/1914/1607 629/1915/1608
f 629/1915/1608 531/1914/1607 530/1916/1609
f 629/1915/1608 530/1916/1609 630/1867/1562
f 630/1867/1562 530/1916/1609 529/1868/1563
f 445/1917/1610 444/1918/1611 1268/1919/1612
f 1268/1919/1612 444/1918/1611 1267/1920/1613
f 1261/1921/1614 451/1922/1615 1273/1923/1616
f 1273/1923/1616 451/1922/1615 450/1924/1617
f 1273/1923/1616 450/1924/1617 1272/1925/1618
f 1272/1925/1618 450/1924/1617 449/1926/1619
f 1272/1925/1618 449/1926/1619 1271/1927/1620
f 1271/1927/1620 449/1926/1619 448/1928/1621
f 1271/1927/1620 448/1928/1621 1270/1929/1622
f 1270/1929/1622 448/1928/1621 447/1930/1623
f 1270/1929/1622 447/1930/1623 1269/1931/1624
f 1269/1931/1624 447/1930/1623 446/1932/1625
f 1269/1931/1624 446/1932/1625 445/1933/1626
f 445/1933/1626 1268/1934/1627 1269/1931/1624
f 419/1935/1628 1289/1936/1629 420/1937/1630
f 420/1937/1630 1289/1936/1629 1288/1938/1631
f 420/1937/1630 1288/1938/1631 1141/1939/1632
f 1141/1939/1632 1288/1938/1631 1306/1940/1633
f 1141/1939/1632 1306/1940/1633 1142/1941/1634
f 1142/1941/1634 1306/1940/1633 1315/1942/1635
f 1142/1941/1634 1315/1942/1635 1143/1943/1636
f 1143/1943/1636 1315/1942/1635 1324/1944/1637
f 1143/1943/1636 1324/1944/1637 1144/1945/1638
f 1144/1945/1638 1324/1944/1637 1323/1946/1639
f 1144/1945/1638 1323/1946/1639 1322/1947/1640
f 1322/1947/1640 1323/1946/1639 1313/1948/1641
f 1322/1947/1640 1313/1948/1641 1312/1949/1642
f 1312/1949/1642 1313/1948/1641 1303/1950/1643
f 1312/1949/1642 1303/1950/1643 1302/1951/1644
f 1302/1951/1644 1303/1950/1643 1284/1952/1645
f 1302/1951/1644 1284/1952/1645 1283/1953/1646
f 1283/1953/1646 1284/1952/1645 1294/1954/1647
f 1283/1953/1646 1294/1954/1647 1295/1955/1648
f 1295/1955/1648 1294/1954/1647 1266/1956/1649
f 1295/1955/1648 1266/1956/1649 1296/1957/1650
f 1296/1957/1650 1266/1956/1649 1297/1958/1651
f 1296/1957/1650 1297/1958/1651 1281/1959/1652
f 1281/1959/1652 1297/1958/1651 1280/1960/1653
f 1281/1959/1652 1280/1960/1653 1299/1961/1654
f 1299/1961/1654 1280/1960/1653 1298/1962/1655
f 1299/1961/1654 1298/1962/1655 1308/1963/1656
f 1308/1963/1656 1298/1962/1655 1307/1964/1657
f 1308/1963/1656 1307/1964/1657 1317/1965/1658
f 1317/1965/1658 1307/1964/1657 1316/1966/1659
f 1317/1965/1658 1316/1966/1659 1279/1967/1660
f 1279/1967/1660 1316/1966/1659 1278/1968/1661
f 1278/1968/1661 1316/1966/1659 1277/1969/1662
f 1277/1969/1662 1316/1966/1659 1307/1964/1657
f 1277/1969/1662 1307/1964/1657 1276/1970/1663
f 1276/1970/1663 1307/1964/1657 1298/1962/1655
f 1276/1970/1663 1298/1962/1655 1275/1971/1664
f 1275/1971/1664 1298/1962/1655 1280/1960/1653
f 1275/1971/1664 1280/1960/1653 1274/1972/1665
f 1274/1972/1665 1280/1960/1653 1297/1958/1651
f 1274/1972/1665 1297/1958/1651 1266/1956/1649
f 418/1973/1666 1266/1956/1649 419/1935/1628
f 419/1935/1628 1266/1956/1649 1291/1974/1667
f 419/1935/1628 1291/1974/1667 1290/1975/1668
f 1290/1975/1668 1291/1974/1667 1287/1976/1669
f 1290/1975/1668 1287/1976/1669 1288/1938/1631
f 1288/1938/1631 1287/1976/1669 1306/1940/1633
f 1144/1945/1638 1320/1977/1670 1279/1967/1660
f 1279/1967/1660 1320/1977/1670 1319/1978/1671
f 1279/1967/1660 1319/1978/1671 1318/1979/1672
f 1318/1979/1672 1319/1978/1671 1309/1980/1673
f 1318/1979/1672 1309/1980/1673 1308/1963/1656
f 1308/1963/1656 1309/1980/1673 1299/1961/1654
f 1295/1955/1648 1296/1957/1650 1282/1981/1674
f 1282/1981/1674 1296/1957/1650 1281/1959/1652
f 1282/1981/1674 1281/1959/1652 1300/1982/1675
f 1300/1982/1675 1281/1959/1652 1299/1961/1654
f 1300/1982/1675 1299/1961/1654 1309/1980/1673
f 1295/1955/1648 1282/1981/1674 1283/1953/1646
f 1283/1953/1646 1282/1981/1674 1301/1983/1676
f 1283/1953/1646 1301/1983/1676 1302/1951/1644
f 1302/1951/1644 1301/1983/1676 1311/1984/1677
f 1302/1951/1644 1311/1984/1677 1312/1949/1642
f 1312/1949/1642 1311/1984/1677 1321/1985/1678
f 1312/1949/1642 1321/1985/1678 1322/1947/1640
f 1322/1947/1640 1321/1985/1678 1144/1945/1638
f 1301/1983/1676 1282/1981/1674 1300/1982/1675
f 1284/1952/1645 1285/1986/1679 1293/1987/1680
f 1293/1987/1680 1285/1986/1679 1292/1988/1681
f 1293/1987/1680 1292/1988/1681 1266/1956/1649
f 1266/1956/1649 1292/1988/1681 1291/1974/1667
f 1291/1974/1667 1292/1988/1681 1286/1989/1682
f 1286/1989/1682 1292/1988/1681 1285/1986/1679
f 1286/1989/1682 1285/1986/1679 1304/1990/1683
f 1304/1990/1683 1285/1986/1679 1303/1950/1643
f 1304/1990/1683 1303/1950/1643 1313/1948/1641
f 1285/1986/1679 1284/1952/1645 1303/1950/1643
f 1291/1974/1667 1286/1989/1682 1287/1976/1669
f 1287/1976/1669 1286/1989/1682 1305/1991/1684
f 1287/1976/1669 1305/1991/1684 1306/1940/1633
f 1306/1940/1633 1305/1991/1684 1315/1942/1635
f 1305/1991/1684 1286/1989/1682 1304/1990/1683
f 419/1935/1628 1290/1975/1668 1289/1936/1629
f 1289/1936/1629 1290/1975/1668 1288/1938/1631
f 1266/1956/1649 1294/1954/1647 1293/1987/1680
f 1293/1987/1680 1294/1954/1647 1284/1952/1645
f 1301/1983/1676 1300/1982/1675 1310/1992/1685
f 1310/1992/1685 1300/1982/1675 1309/1980/1673
f 1310/1992/1685 1309/1980/1673 1319/1978/1671
f 1305/1991/1684 1304/1990/1683 1314/1993/1686
f 1314/1993/1686 1304/1990/1683 1313/1948/1641
f 1314/1993/1686 1313/1948/1641 1323/1946/1639
f 1318/1979/1672 1308/1963/1656 1317/1965/1658
f 1301/1983/1676 1310/1992/1685 1311/1984/1677
f 1311/1984/1677 1310/1992/1685 1320/1977/1670
f 1311/1984/1677 1320/1977/1670 1321/1985/1678
f 1321/1985/1678 1320/1977/1670 1144/1945/1638
f 1320/1977/1670 1310/1992/1685 1319/1978/1671
f 1324/1944/1637 1315/1942/1635 1314/1993/1686
f 1314/1993/1686 1315/1942/1635 1305/1991/1684
f 1324/1944/1637 1314/1993/1686 1323/1946/1639
f 1279/1967/1660 1318/1979/1672 1317/1965/1658
f 1274/1994/1687 1266/1995/1688 1335/1996/1689
f 1335/1996/1689 1266/1995/1688 1265/1997/1690
f 1335/1996/1689 1265/1997/1690 1341/1998/1691
f 1341/1998/1691 1265/1997/1690 1334/1999/1692
f 1341/1998/1691 1334/1999/1692 1353/2000/1693
f 1353/2000/1693 1334/1999/1692 1355/2001/1694
f 1353/2000/1693 1355/2001/1694 1356/2002/1695
f 1356/2002/1695 1355/2001/1694 1362/2003/1696
f 1356/2002/1695 1362/2003/1696 1363/2004/1697
f 1363/2004/1697 1362/2003/1696 1370/2005/1698
f 1363/2004/1697 1370/2005/1698 1371/2006/1699
f 1371/2006/1699 1370/2005/1698 1270/2007/1700
f 1371/2006/1699 1270/2007/1700 1372/2008/1701
f 1372/2008/1701 1270/2007/1700 1269/2009/1702
f 1372/2008/1701 1269/2009/1702 1373/2010/1703
f 1373/2010/1703 1269/2009/1702 1268/2011/1704
f 1373/2010/1703 1268/2011/1704 1325/2012/1705
f 1265/1997/1690 1264/2013/1706 1334/1999/1692
f 1334/1999/1692 1264/2013/1706 1354/2014/1707
f 1334/1999/1692 1354/2014/1707 1355/2001/1694
f 1355/2001/1694 1354/2014/1707 1361/2015/1708
f 1355/2001/1694 1361/2015/1708 1362/2003/1696
f 1362/2003/1696 1361/2015/1708 1369/2016/1709
f 1362/2003/1696 1369/2016/1709 1370/2005/1698
f 1370/2005/1698 1369/2016/1709 1271/2017/1710
f 1370/2005/1698 1271/2017/1710 1270/2007/1700
f 1264/2013/1706 1263/2018/1711 1354/2014/1707
f 1354/2014/1707 1263/2018/1711 1360/2019/1712
f 1354/2014/1707 1360/2019/1712 1361/2015/1708
f 1361/2015/1708 1360/2019/1712 1368/2020/1713
f 1361/2015/1708 1368/2020/1713 1369/2016/1709
f 1369/2016/1709 1368/2020/1713 1272/2021/1714
f 1369/2016/1709 1272/2021/1714 1271/2017/1710
f 1263/2018/1711 1262/2022/1715 1360/2019/1712
f 1360/2019/1712 1262/2022/1715 1367/2023/1716
f 1360/2019/1712 1367/2023/1716 1368/2020/1713
f 1368/2020/1713 1367/2023/1716 1273/2024/1717
f 1368/2020/1713 1273/2024/1717 1272/2021/1714
f 1262/2022/1715 1261/2025/1718 1367/2023/1716
f 1367/2023/1716 1261/2025/1718 1273/2024/1717
f 1325/2012/1705 1326/2026/1719 1373/2010/1703
f 1373/2010/1703 1326/2026/1719 1366/2027/1720
f 1373/2010/1703 1366/2027/1720 1365/2028/1721
f 1365/2028/1721 1366/2027/1720 1359/2029/1722
f 1365/2028/1721 1359/2029/1722 1358/2030/1723
f 1358/2030/1723 1359/2029/1722 1350/2031/1724
f 1358/2030/1723 1350/2031/1724 1351/2032/1725
f 1351/2032/1725 1350/2031/1724 1344/2033/1726
f 1351/2032/1725 1344/2033/1726 1343/2034/1727
f 1343/2034/1727 1344/2033/1726 1337/2035/1728
f 1343/2034/1727 1337/2035/1728 1336/2036/1729
f 1336/2036/1729 1337/2035/1728 1275/2037/1730
f 1336/2036/1729 1275/2037/1730 1274/1994/1687
f 1326/2026/1719 1327/2038/1731 1366/2027/1720
f 1366/2027/1720 1327/2038/1731 1328/2039/1732
f 1366/2027/1720 1328/2039/1732 1333/2040/1733
f 1333/2040/1733 1328/2039/1732 1329/2041/1734
f 1333/2040/1733 1329/2041/1734 1348/2042/1735
f 1348/2042/1735 1329/2041/1734 1347/2043/1736
f 1348/2042/1735 1347/2043/1736 1346/2044/1737
f 1346/2044/1737 1347/2043/1736 1340/2045/1738
f 1346/2044/1737 1340/2045/1738 1339/2046/1739
f 1339/2046/1739 1340/2045/1738 1278/2047/1740
f 1339/2046/1739 1278/2047/1740 1277/2048/1741
f 1329/2041/1734 1330/2049/1742 1347/2043/1736
f 1347/2043/1736 1330/2049/1742 1332/2050/1743
f 1347/2043/1736 1332/2050/1743 1340/2045/1738
f 1340/2045/1738 1332/2050/1743 1278/2047/1740
f 1330/2049/1742 1331/2051/1744 1332/2050/1743
f 1332/2050/1743 1331/2051/1744 1278/2047/1740
f 1331/2051/1744 1279/2052/1745 1278/2047/1740
f 1339/2046/1739 1277/2048/1741 1338/2053/1746
f 1338/2053/1746 1277/2048/1741 1276/2054/1747
f 1338/2053/1746 1276/2054/1747 1337/2035/1728
f 1337/2035/1728 1276/2054/1747 1275/2037/1730
f 1336/2036/1729 1274/1994/1687 1335/1996/1689
f 1336/2036/1729 1335/1996/1689 1342/2055/1748
f 1342/2055/1748 1335/1996/1689 1341/1998/1691
f 1342/2055/1748 1341/1998/1691 1353/2000/1693
f 1337/2035/1728 1344/2033/1726 1338/2053/1746
f 1338/2053/1746 1344/2033/1726 1345/2056/1749
f 1338/2053/1746 1345/2056/1749 1339/2046/1739
f 1339/2046/1739 1345/2056/1749 1346/2044/1737
f 1336/2036/1729 1342/2055/1748 1343/2034/1727
f 1343/2034/1727 1342/2055/1748 1352/2057/1750
f 1343/2034/1727 1352/2057/1750 1351/2032/1725
f 1351/2032/1725 1352/2057/1750 1357/2058/1751
f 1351/2032/1725 1357/2058/1751 1358/2030/1723
f 1358/2030/1723 1357/2058/1751 1364/2059/1752
f 1358/2030/1723 1364/2059/1752 1365/2028/1721
f 1365/2028/1721 1364/2059/1752 1372/2008/1701
f 1365/2028/1721 1372/2008/1701 1373/2010/1703
f 1352/2057/1750 1342/2055/1748 1353/2000/1693
f 1344/2033/1726 1350/2031/1724 1345/2056/1749
f 1345/2056/1749 1350/2031/1724 1349/2060/1753
f 1345/2056/1749 1349/2060/1753 1346/2044/1737
f 1346/2044/1737 1349/2060/1753 1348/2042/1735
f 1348/2042/1735 1349/2060/1753 1333/2040/1733
f 1333/2040/1733 1349/2060/1753 1359/2029/1722
f 1333/2040/1733 1359/2029/1722 1366/2027/1720
f 1349/2060/1753 1350/2031/1724 1359/2029/1722
f 1357/2058/1751 1352/2057/1750 1356/2002/1695
f 1356/2002/1695 1352/2057/1750 1353/2000/1693
f 1364/2059/1752 1357/2058/1751 1363/2004/1697
f 1363/2004/1697 1357/2058/1751 1356/2002/1695
f 1372/2008/1701 1364/2059/1752 1371/2006/1699
f 1371/2006/1699 1364/2059/1752 1363/2004/1697
f 1279/2061/1754 1331/2062/1755 1378/2063/1756
f 1378/2063/1756 1331/2062/1755 1391/2064/1757
f 1378/2063/1756 1391/2064/1757 1377/2065/1758
f 1377/2065/1758 1391/2064/1757 1400/2066/1759
f 1377/2065/1758 1400/2066/1759 1376/2067/1760
f 1376/2067/1760 1400/2066/1759 1409/2068/1761
f 1376/2067/1760 1409/2068/1761 1375/2069/1762
f 1375/2069/1762 1409/2068/1761 1418/2070/1763
f 1375/2069/1762 1418/2070/1763 1374/2071/1764
f 1374/2071/1764 1418/2070/1763 1267/2072/1765
f 1267/2072/1765 1418/2070/1763 1417/2073/1766
f 1267/2072/1765 1417/2073/1766 1416/2074/1767
f 1416/2074/1767 1417/2073/1766 1408/2075/1768
f 1416/2074/1767 1408/2075/1768 1407/2076/1769
f 1407/2076/1769 1408/2075/1768 1399/2077/1770
f 1407/2076/1769 1399/2077/1770 1398/2078/1771
f 1398/2078/1771 1399/2077/1770 1390/2079/1772
f 1398/2078/1771 1390/2079/1772 1389/2080/1773
f 1389/2080/1773 1390/2079/1772 1331/2062/1755
f 1389/2080/1773 1331/2062/1755 1388/2081/1774
f 1388/2081/1774 1331/2062/1755 1387/2082/1775
f 1388/2081/1774 1387/2082/1775 1396/2083/1776
f 1396/2083/1776 1387/2082/1775 1395/2084/1777
f 1396/2083/1776 1395/2084/1777 1404/2085/1778
f 1404/2085/1778 1395/2084/1777 1403/2086/1779
f 1404/2085/1778 1403/2086/1779 1412/2087/1780
f 1412/2087/1780 1403/2086/1779 1411/2088/1781
f 1412/2087/1780 1411/2088/1781 1267/2072/1765
f 1267/2072/1765 1411/2088/1781 1410/2089/1782
f 1267/2072/1765 1410/2089/1782 1325/2090/1783
f 1325/2090/1783 1410/2089/1782 1382/2091/1784
f 1325/2090/1783 1382/2091/1784 1326/2092/1785
f 1326/2092/1785 1382/2091/1784 1327/2093/1786
f 1327/2093/1786 1382/2091/1784 1381/2094/1787
f 1327/2093/1786 1381/2094/1787 1328/2095/1788
f 1328/2095/1788 1381/2094/1787 1380/2096/1789
f 1328/2095/1788 1380/2096/1789 1329/2097/1790
f 1329/2097/1790 1380/2096/1789 1379/2098/1791
f 1329/2097/1790 1379/2098/1791 1330/2099/1792
f 1330/2099/1792 1379/2098/1791 1331/2062/1755
f 1331/2062/1755 1379/2098/1791 1383/2100/1793
f 1331/2062/1755 1383/2100/1793 1384/2101/1794
f 1384/2101/1794 1383/2100/1793 1392/2102/1795
f 1384/2101/1794 1392/2102/1795 1393/2103/1796
f 1393/2103/1796 1392/2102/1795 1401/2104/1797
f 1393/2103/1796 1401/2104/1797 1402/2105/1798
f 1402/2105/1798 1401/2104/1797 1410/2089/1782
f 1402/2105/1798 1410/2089/1782 1411/2088/1781
f 1325/2090/1783 1268/2106/1799 1267/2072/1765
f 1417/2073/1766 1418/2070/1763 1409/2068/1761
f 1392/2102/1795 1383/2100/1793 1380/2096/1789
f 1380/2096/1789 1383/2100/1793 1379/2098/1791
f 1384/2101/1794 1385/2107/1800 1331/2062/1755
f 1331/2062/1755 1385/2107/1800 1386/2108/1801
f 1331/2062/1755 1386/2108/1801 1387/2082/1775
f 1387/2082/1775 1386/2108/1801 1395/2084/1777
f 1384/2101/1794 1393/2103/1796 1385/2107/1800
f 1385/2107/1800 1393/2103/1796 1394/2109/1802
f 1385/2107/1800 1394/2109/1802 1386/2108/1801
f 1386/2108/1801 1394/2109/1802 1395/2084/1777
f 1391/2064/1757 1331/2062/1755 1390/2079/1772
f 1389/2080/1773 1388/2081/1774 1397/2110/1803
f 1397/2110/1803 1388/2081/1774 1396/2083/1776
f 1397/2110/1803 1396/2083/1776 1405/2111/1804
f 1405/2111/1804 1396/2083/1776 1404/2085/1778
f 1405/2111/1804 1404/2085/1778 1413/2112/1805
f 1413/2112/1805 1404/2085/1778 1412/2087/1780
f 1413/2112/1805 1412/2087/1780 1267/2072/1765
f 1400/2066/1759 1391/2064/1757 1399/2077/1770
f 1399/2077/1770 1391/2064/1757 1390/2079/1772
f 1401/2104/1797 1392/2102/1795 1381/2094/1787
f 1381/2094/1787 1392/2102/1795 1380/2096/1789
f 1403/2086/1779 1395/2084/1777 1394/2109/1802
f 1403/2086/1779 1394/2109/1802 1402/2105/1798
f 1402/2105/1798 1394/2109/1802 1393/2103/1796
f 1389/2080/1773 1397/2110/1803 1398/2078/1771
f 1398/2078/1771 1397/2110/1803 1406/2113/1806
f 1398/2078/1771 1406/2113/1806 1407/2076/1769
f 1407/2076/1769 1406/2113/1806 1415/2114/1807
f 1407/2076/1769 1415/2114/1807 1416/2074/1767
f 1416/2074/1767 1415/2114/1807 1267/2072/1765
f 1406/2113/1806 1397/2110/1803 1405/2111/1804
f 1409/2068/1761 1400/2066/1759 1408/2075/1768
f 1408/2075/1768 1400/2066/1759 1399/2077/1770
f 1410/2089/1782 1401/2104/1797 1382/2091/1784
f 1382/2091/1784 1401/2104/1797 1381/2094/1787
f 1411/2088/1781 1403/2086/1779 1402/2105/1798
f 1406/2113/1806 1405/2111/1804 1414/2115/1808
f 1414/2115/1808 1405/2111/1804 1413/2112/1805
f 1414/2115/1808 1413/2112/1805 1267/2072/1765
f 1417/2073/1766 1409/2068/1761 1408/2075/1768
f 1267/2072/1765 1415/2114/1807 1414/2115/1808
f 1414/2115/1808 1415/2114/1807 1406/2113/1806
f 1005/2116/1809 1004/2117/1810 437/2118/1811
f 437/2118/1811 1004/2117/1810 438/2119/1812
f 438/2119/1812 1004/2117/1810 1003/2120/1813
f 438/2119/1812 1003/2120/1813 1002/2121/1814
f 438/2119/1812 1002/2121/1814 1424/2122/1815
f 1424/2122/1815 1002/2121/1814 1001/2123/1816
f 1424/2122/1815 1001/2123/1816 1000/2124/1817
f 1000/2124/1817 1419/2125/1818 1424/2122/1815
f 1424/2122/1815 1419/2125/1818 1423/2126/1819
f 1423/2126/1819 1419/2125/1818 1422/2127/1820
f 1422/2127/1820 1419/2125/1818 1421/2128/1821
f 1421/2128/1821 1419/2125/1818 1420/2129/1822
f 1012/2130/1823 1430/2131/1824 1000/2132/1825
f 1000/2132/1825 1430/2131/1824 1435/2133/1826
f 1000/2132/1825 1435/2133/1826 1436/2134/1827
f 1436/2134/1827 1435/2133/1826 1443/2135/1828
f 1436/2134/1827 1443/2135/1828 1444/2136/1829
f 1444/2136/1829 1443/2135/1828 1451/2137/1830
f 1444/2136/1829 1451/2137/1830 1452/2138/1831
f 1452/2138/1831 1451/2137/1830 1459/2139/1832
f 1452/2138/1831 1459/2139/1832 1460/2140/1833
f 1460/2140/1833 1459/2139/1832 1467/2141/1834
f 1460/2140/1833 1467/2141/1834 1468/2142/1835
f 1468/2142/1835 1467/2141/1834 1145/2143/1836
f 1468/2142/1835 1145/2143/1836 1469/2144/1837
f 1469/2144/1837 1145/2143/1836 1470/2145/1838
f 1469/2144/1837 1470/2145/1838 1462/2146/1839
f 1462/2146/1839 1470/2145/1838 1463/2147/1840
f 1462/2146/1839 1463/2147/1840 1455/2148/1841
f 1455/2148/1841 1463/2147/1840 1456/2149/1842
f 1455/2148/1841 1456/2149/1842 1448/2150/1843
f 1448/2150/1843 1456/2149/1842 1449/2151/1844
f 1448/2150/1843 1449/2151/1844 1441/2152/1845
f 1441/2152/1845 1449/2151/1844 1442/2153/1846
f 1441/2152/1845 1442/2153/1846 1419/2154/1847
f 1419/2154/1847 1442/2153/1846 1429/2155/1848
f 1429/2155/1848 1442/2153/1846 1450/2156/1849
f 1429/2155/1848 1450/2156/1849 1428/2157/1850
f 1428/2157/1850 1450/2156/1849 1458/2158/1851
f 1428/2157/1850 1458/2158/1851 1427/2159/1852
f 1427/2159/1852 1458/2158/1851 1466/2160/1853
f 1427/2159/1852 1466/2160/1853 1426/2161/1854
f 1426/2161/1854 1466/2160/1853 1474/2162/1855
f 1426/2161/1854 1474/2162/1855 1425/2163/1856
f 1425/2163/1856 1474/2162/1855 1378/2164/1857
f 1378/2164/1857 1474/2162/1855 1473/2165/1858
f 1378/2164/1857 1473/2165/1858 1472/2166/1859
f 1472/2166/1859 1473/2165/1858 1465/2167/1860
f 1472/2166/1859 1465/2167/1860 1464/2168/1861
f 1464/2168/1861 1465/2167/1860 1457/2169/1862
f 1464/2168/1861 1457/2169/1862 1456/2149/1842
f 1456/2149/1842 1457/2169/1862 1449/2151/1844
f 1012/2130/1823 1011/2170/1863 1430/2131/1824
f 1430/2131/1824 1011/2170/1863 1431/2171/1864
f 1430/2131/1824 1431/2171/1864 1435/2133/1826
f 1435/2133/1826 1431/2171/1864 1443/2135/1828
f 1011/2170/1863 1148/2172/1865 1431/2171/1864
f 1431/2171/1864 1148/2172/1865 1432/2173/1866
f 1431/2171/1864 1432/2173/1866 1443/2135/1828
f 1443/2135/1828 1432/2173/1866 1451/2137/1830
f 1148/2172/1865 1147/2174/1867 1432/2173/1866
f 1432/2173/1866 1147/2174/1867 1433/2175/1868
f 1432/2173/1866 1433/2175/1868 1451/2137/1830
f 1451/2137/1830 1433/2175/1868 1459/2139/1832
f 1147/2174/1867 1146/2176/1869 1433/2175/1868
f 1433/2175/1868 1146/2176/1869 1434/2177/1870
f 1433/2175/1868 1434/2177/1870 1459/2139/1832
f 1459/2139/1832 1434/2177/1870 1467/2141/1834
f 1146/2176/1869 1145/2143/1836 1434/2177/1870
f 1434/2177/1870 1145/2143/1836 1467/2141/1834
f 1145/2143/1836 1378/2164/1857 1470/2145/1838
f 1470/2145/1838 1378/2164/1857 1471/2178/1871
f 1470/2145/1838 1471/2178/1871 1463/2147/1840
f 1463/2147/1840 1471/2178/1871 1464/2168/1861
f 1463/2147/1840 1464/2168/1861 1456/2149/1842
f 1000/2132/1825 1438/2179/1872 1419/2154/1847
f 1419/2154/1847 1438/2179/1872 1439/2180/1873
f 1419/2154/1847 1439/2180/1873 1440/2181/1874
f 1440/2181/1874 1439/2180/1873 1447/2182/1875
f 1440/2181/1874 1447/2182/1875 1448/2150/1843
f 1448/2150/1843 1447/2182/1875 1455/2148/1841
f 1473/2165/1858 1474/2162/1855 1466/2160/1853
f 1438/2179/1872 1000/2132/1825 1437/2183/1876
f 1437/2183/1876 1000/2132/1825 1436/2134/1827
f 1437/2183/1876 1436/2134/1827 1444/2136/1829
f 1438/2179/1872 1437/2183/1876 1445/2184/1877
f 1445/2184/1877 1437/2183/1876 1444/2136/1829
f 1445/2184/1877 1444/2136/1829 1452/2138/1831
f 1441/2152/1845 1419/2154/1847 1440/2181/1874
f 1439/2180/1873 1438/2179/1872 1446/2185/1878
f 1446/2185/1878 1438/2179/1872 1445/2184/1877
f 1446/2185/1878 1445/2184/1877 1453/2186/1879
f 1453/2186/1879 1445/2184/1877 1452/2138/1831
f 1453/2186/1879 1452/2138/1831 1460/2140/1833
f 1448/2150/1843 1441/2152/1845 1440/2181/1874
f 1450/2156/1849 1442/2153/1846 1449/2151/1844
f 1439/2180/1873 1446/2185/1878 1447/2182/1875
f 1447/2182/1875 1446/2185/1878 1454/2187/1880
f 1447/2182/1875 1454/2187/1880 1455/2148/1841
f 1455/2148/1841 1454/2187/1880 1462/2146/1839
f 1454/2187/1880 1446/2185/1878 1453/2186/1879
f 1458/2158/1851 1450/2156/1849 1457/2169/1862
f 1457/2169/1862 1450/2156/1849 1449/2151/1844
f 1454/2187/1880 1453/2186/1879 1461/2188/1881
f 1461/2188/1881 1453/2186/1879 1460/2140/1833
f 1461/2188/1881 1460/2140/1833 1468/2142/1835
f 1466/2160/1853 1458/2158/1851 1465/2167/1860
f 1465/2167/1860 1458/2158/1851 1457/2169/1862
f 1469/2144/1837 1462/2146/1839 1461/2188/1881
f 1461/2188/1881 1462/2146/1839 1454/2187/1880
f 1469/2144/1837 1461/2188/1881 1468/2142/1835
f 1472/2166/1859 1464/2168/1861 1471/2178/1871
f 1473/2165/1858 1466/2160/1853 1465/2167/1860
f 1378/2164/1857 1472/2166/1859 1471/2178/1871
f 1479/2189/1882 1424/2190/1883 1484/2191/1884
f 1484/2191/1884 1424/2190/1883 1423/2192/1885
f 1484/2191/1884 1423/2192/1885 1491/2193/1886
f 1491/2193/1886 1423/2192/1885 1422/2194/1887
f 1491/2193/1886 1422/2194/1887 1498/2195/1888
f 1498/2195/1888 1422/2194/1887 1481/2196/1889
f 1498/2195/1888 1481/2196/1889 1509/2197/1890
f 1509/2197/1890 1481/2196/1889 1511/2198/1891
f 1509/2197/1890 1511/2198/1891 1512/2199/1892
f 1512/2199/1892 1511/2198/1891 1527/2200/1893
f 1512/2199/1892 1527/2200/1893 1526/2201/1894
f 1526/2201/1894 1527/2200/1893 1520/2202/1895
f 1526/2201/1894 1520/2202/1895 1521/2203/1896
f 1521/2203/1896 1520/2202/1895 1426/2204/1897
f 1521/2203/1896 1426/2204/1897 1425/2205/1898
f 1422/2194/1887 1421/2206/1899 1481/2196/1889
f 1481/2196/1889 1421/2206/1899 1510/2207/1900
f 1481/2196/1889 1510/2207/1900 1511/2198/1891
f 1511/2198/1891 1510/2207/1900 1528/2208/1901
f 1511/2198/1891 1528/2208/1901 1527/2200/1893
f 1527/2200/1893 1528/2208/1901 1519/2209/1902
f 1527/2200/1893 1519/2209/1902 1520/2202/1895
f 1520/2202/1895 1519/2209/1902 1427/2210/1903
f 1520/2202/1895 1427/2210/1903 1426/2204/1897
f 1510/2207/1900 1421/2206/1899 1483/2211/1904
f 1483/2211/1904 1421/2206/1899 1420/2212/1905
f 1483/2211/1904 1420/2212/1905 1517/2213/1906
f 1517/2213/1906 1420/2212/1905 1419/2214/1907
f 1517/2213/1906 1419/2214/1907 1429/2215/1908
f 1517/2213/1906 1429/2215/1908 1518/2216/1909
f 1518/2216/1909 1429/2215/1908 1428/2217/1910
f 1518/2216/1909 1428/2217/1910 1519/2209/1902
f 1519/2209/1902 1428/2217/1910 1427/2210/1903
f 1378/2218/1911 1523/2219/1912 1425/2205/1898
f 1425/2205/1898 1523/2219/1912 1522/2220/1913
f 1425/2205/1898 1522/2220/1913 1521/2203/1896
f 1521/2203/1896 1522/2220/1913 1525/2221/1914
f 1521/2203/1896 1525/2221/1914 1526/2201/1894
f 1526/2201/1894 1525/2221/1914 1513/2222/1915
f 1526/2201/1894 1513/2222/1915 1512/2199/1892
f 1512/2199/1892 1513/2222/1915 1508/2223/1916
f 1512/2199/1892 1508/2223/1916 1509/2197/1890
f 1509/2197/1890 1508/2223/1916 1499/2224/1917
f 1509/2197/1890 1499/2224/1917 1498/2195/1888
f 1498/2195/1888 1499/2224/1917 1491/2193/1886
f 1378/2218/1911 1377/2225/1918 1523/2219/1912
f 1523/2219/1912 1377/2225/1918 1482/2226/1919
f 1523/2219/1912 1482/2226/1919 1524/2227/1920
f 1524/2227/1920 1482/2226/1919 1515/2228/1921
f 1524/2227/1920 1515/2228/1921 1514/2229/1922
f 1514/2229/1922 1515/2228/1921 1506/2230/1923
f 1514/2229/1922 1506/2230/1923 1507/2231/1924
f 1507/2231/1924 1506/2230/1923 1501/2232/1925
f 1507/2231/1924 1501/2232/1925 1500/2233/1926
f 1500/2233/1926 1501/2232/1925 1493/2234/1927
f 1500/2233/1926 1493/2234/1927 1492/2235/1928
f 1492/2235/1928 1493/2234/1927 1485/2236/1929
f 1492/2235/1928 1485/2236/1929 1484/2191/1884
f 1484/2191/1884 1485/2236/1929 1479/2189/1882
f 1377/2225/1918 1376/2237/1930 1482/2226/1919
f 1482/2226/1919 1376/2237/1930 1516/2238/1931
f 1482/2226/1919 1516/2238/1931 1515/2228/1921
f 1515/2228/1921 1516/2238/1931 1505/2239/1932
f 1515/2228/1921 1505/2239/1932 1506/2230/1923
f 1506/2230/1923 1505/2239/1932 1502/2240/1933
f 1506/2230/1923 1502/2240/1933 1501/2232/1925
f 1501/2232/1925 1502/2240/1933 1494/2241/1934
f 1501/2232/1925 1494/2241/1934 1493/2234/1927
f 1493/2234/1927 1494/2241/1934 1486/2242/1935
f 1493/2234/1927 1486/2242/1935 1485/2236/1929
f 1485/2236/1929 1486/2242/1935 1478/2243/1936
f 1485/2236/1929 1478/2243/1936 1479/2189/1882
f 1516/2238/1931 1376/2237/1930 1480/2244/1937
f 1480/2244/1937 1376/2237/1930 1375/2245/1938
f 1480/2244/1937 1375/2245/1938 1504/2246/1939
f 1504/2246/1939 1375/2245/1938 1497/2247/1940
f 1504/2246/1939 1497/2247/1940 1496/2248/1941
f 1496/2248/1941 1497/2247/1940 1489/2249/1942
f 1496/2248/1941 1489/2249/1942 1488/2250/1943
f 1488/2250/1943 1489/2249/1942 1476/2251/1944
f 1488/2250/1943 1476/2251/1944 1487/2252/1945
f 1487/2252/1945 1476/2251/1944 1477/2253/1946
f 1487/2252/1945 1477/2253/1946 1486/2242/1935
f 1486/2242/1935 1477/2253/1946 1478/2243/1936
f 1375/2245/1938 1374/2254/1947 1497/2247/1940
f 1497/2247/1940 1374/2254/1947 1490/2255/1948
f 1497/2247/1940 1490/2255/1948 1489/2249/1942
f 1489/2249/1942 1490/2255/1948 1475/2256/1949
f 1489/2249/1942 1475/2256/1949 1476/2251/1944
f 1374/2254/1947 1267/2257/1950 1490/2255/1948
f 1490/2255/1948 1267/2257/1950 1475/2256/1949
f 1486/2242/1935 1494/2241/1934 1487/2252/1945
f 1487/2252/1945 1494/2241/1934 1495/2258/1951
f 1487/2252/1945 1495/2258/1951 1488/2250/1943
f 1488/2250/1943 1495/2258/1951 1496/2248/1941
f 1484/2191/1884 1491/2193/1886 1492/2235/1928
f 1492/2235/1928 1491/2193/1886 1499/2224/1917
f 1492/2235/1928 1499/2224/1917 1500/2233/1926
f 1500/2233/1926 1499/2224/1917 1508/2223/1916
f 1500/2233/1926 1508/2223/1916 1507/2231/1924
f 1507/2231/1924 1508/2223/1916 1513/2222/1915
f 1507/2231/1924 1513/2222/1915 1514/2229/1922
f 1514/2229/1922 1513/2222/1915 1525/2221/1914
f 1514/2229/1922 1525/2221/1914 1524/2227/1920
f 1524/2227/1920 1525/2221/1914 1522/2220/1913
f 1524/2227/1920 1522/2220/1913 1523/2219/1912
f 1494/2241/1934 1502/2240/1933 1495/2258/1951
f 1495/2258/1951 1502/2240/1933 1503/2259/1952
f 1495/2258/1951 1503/2259/1952 1496/2248/1941
f 1496/2248/1941 1503/2259/1952 1504/2246/1939
f 1480/2244/1937 1504/2246/1939 1503/2259/1952
f 1480/2244/1937 1503/2259/1952 1505/2239/1932
f 1505/2239/1932 1503/2259/1952 1502/2240/1933
f 1480/2244/1937 1505/2239/1932 1516/2238/1931
f 1517/2213/1906 1518/2216/1909 1483/2211/1904
f 1483/2211/1904 1518/2216/1909 1528/2208/1901
f 1483/2211/1904 1528/2208/1901 1510/2207/1900
f 1518/2216/1909 1519/2209/1902 1528/2208/1901
f 1267/2260/1953 444/2261/1954 1475/2262/1955
f 1475/2262/1955 444/2261/1954 443/2263/1956
f 1475/2262/1955 443/2263/1956 442/2264/1957
f 1475/2262/1955 442/2264/1957 1476/2265/1958
f 1476/2265/1958 442/2264/1957 441/2266/1959
f 1476/2265/1958 441/2266/1959 1477/2267/1960
f 1477/2267/1960 441/2266/1959 440/2268/1961
f 1477/2267/1960 440/2268/1961 1478/2269/1962
f 1478/2269/1962 440/2268/1961 439/2270/1963
f 1478/2269/1962 439/2270/1963 1479/2271/1964
f 1479/2271/1964 439/2270/1963 438/2272/1965
f 1479/2271/1964 438/2272/1965 1424/2273/1966
f 1144/2274/1967 1279/2275/1968 1145/2276/1969
f 1145/2276/1969 1279/2275/1968 1378/2277/1970
# 1528 vertices
# 2277 texture params
# 1970 normals
# 3072 facets

# 1 groups
